sensor_id,timestamp_ist,date,temperature_c,rainfall_mm,humidity_percent
SEN047,2026-08-28 00:00:00,2026-08-28,20.0,43.8,46.0
SEN034,2026-07-03 07:08:18,2026-07-03,29.61,47.75,55.0
SEN035,2026-07-09 16:38:41,2026-07-09,22.11,23.11,49.0
SEN048,2026-06-09 13:06:26,2026-06-09,39.8,43.9,81.0
SEN035,2026-03-17 00:00:00,2026-03-17,21.8,28.9,47.0
SEN013,2026-07-01 17:48:00,2026-07-01,23.89,32.4,43.0
SEN040,2026-06-12 09:52:51,2026-06-12,33.61,,92.0
SEN027,2026-06-02 21:30:04,2026-06-02,22.1,,36.0
SEN031,2026-08-23 07:42:11,2026-08-23,16.6,32.4,38.0
SEN045,2026-09-08 20:15:54,2026-09-08,39.0,42.1,41.0
SEN011,2026-03-26 05:22:33,2026-03-26,29.9,16.2,32.0
SEN004,2026-08-27 16:59:00,2026-08-27,19.39,42.3,35.0
SEN020,2026-02-02 07:59:44,2026-02-02,22.89,16.0,
SEN026,2026-03-21 17:36:58,2026-03-21,39.11,13.7,80.0
SEN020,2026-09-07 16:45:42,2026-09-07,19.78,,39.0
SEN047,2026-04-09 22:54:04,2026-04-09,29.8,45.0,53.0
SEN035,2026-08-30 05:45:31,2026-08-30,31.8,,52.0
UNKNOWN,2026-07-28 05:02:48,2026-07-28,29.1,34.3,75.0
SEN032,2026-02-07 14:24:43,2026-02-07,31.3,6.2,38.0
SEN046,2026-02-22 21:45:12,2026-02-22,30.0,1.6,86.0
SEN021,2026-03-10 23:45:39,2026-03-10,24.6,,80.0
SEN042,2026-04-02 05:04:58,2026-04-02,36.61,5.84,63.0
SEN043,2026-03-01 21:08:44,2026-03-01,37.8,,44.0
SEN042,2026-07-07 09:27:47,2026-07-07,33.4,19.81,38.0
SEN013,2026-05-23 18:27:41,2026-05-23,28.3,12.4,56.0
SEN021,2026-02-26 00:53:43,2026-02-26,28.4,32.5,78.0
SEN049,2026-04-24 18:47:44,2026-04-24,33.6,7.2,80.0
SEN006,2026-01-02 09:31:50,2026-01-02,21.7,7.2,82.0
SEN035,2026-05-05 08:58:20,2026-05-05,37.6,28.4,48.0
SEN050,2026-02-09 18:25:06,2026-02-09,20.5,21.5,40.0
SEN002,2026-07-06 09:59:39,2026-07-06,35.11,,73.0
SEN007,2026-08-20 02:38:23,2026-08-20,23.1,46.74,62.0
SEN029,2026-05-13 09:02:20,2026-05-13,28.0,17.02,94.0
SEN022,2026-06-08 02:36:11,2026-06-08,21.39,14.48,60.0
SEN015,2026-02-21 12:03:50,2026-02-21,25.78,14.9,87.0
SEN012,2026-03-15 12:51:07,2026-03-15,15.5,32.51,94.0
SEN029,2026-01-31 20:48:03,2026-01-31,21.89,,69.0
SEN043,2026-08-23 15:21:41,2026-08-23,33.6,27.4,76.0
SEN023,2026-04-13 21:50:56,2026-04-13,18.4,43.18,50.0
UNKNOWN,2026-04-05 19:00:02,2026-04-05,30.9,25.65,
SEN003,2026-06-01 20:19:00,2026-06-01,26.61,29.4,47.0
SEN046,2026-05-19 11:48:45,2026-05-19,29.3,,36.0
SEN034,2026-04-13 08:56:28,2026-04-13,39.9,27.43,59.0
SEN017,2026-05-30 20:03:23,2026-05-30,19.6,,77.0
UNKNOWN,2026-08-09 08:09:44,2026-08-09,23.39,10.6,52.0
UNKNOWN,2026-01-16 04:29:54,2026-01-16,23.1,25.15,59.0
SEN043,2026-08-12 16:58:44,2026-08-12,38.72,1.78,44.0
SEN035,2026-06-25 06:49:35,2026-06-25,38.6,3.7,32.0
SEN047,2026-08-18 07:10:40,2026-08-18,21.5,19.2,84.0
SEN041,2026-06-19 03:04:08,2026-06-19,35.6,43.18,37.0
SEN020,2026-05-15 01:02:31,2026-05-15,31.2,33.02,94.0
SEN030,2026-05-22 15:40:01,2026-05-22,19.8,,72.0
SEN023,2026-01-13 17:04:32,2026-01-13,35.8,28.0,58.0
SEN009,2026-07-16 03:33:55,2026-07-16,24.8,0.8,81.0
SEN041,2026-07-30 10:15:00,2026-07-30,29.39,49.78,91.0
SEN027,2026-05-27 13:43:39,2026-05-27,23.0,17.8,55.0
SEN040,2026-01-05 03:10:00,2026-01-05,28.0,18.29,72.0
SEN002,2026-02-23 20:07:57,2026-02-23,30.5,7.2,59.0
SEN015,2026-05-09 05:16:42,2026-05-09,31.28,15.49,80.0
SEN007,2026-03-08 00:00:00,2026-03-08,21.9,,90.0
SEN023,2026-03-04 12:02:44,2026-03-04,32.0,36.5,49.0
SEN001,2026-02-07 17:29:24,2026-02-07,37.61,25.6,75.0
SEN028,2026-06-11 12:01:26,2026-06-11,38.72,39.12,58.0
UNKNOWN,2026-03-25 12:03:29,2026-03-25,26.7,0.6,67.0
SEN010,2026-05-16 00:10:32,2026-05-16,17.2,,53.0
UNKNOWN,2026-04-04 19:31:23,2026-04-04,37.89,18.6,
SEN014,2026-02-08 01:10:37,2026-02-08,35.22,41.3,39.0
SEN005,2026-03-01 07:48:00,2026-03-01,24.9,12.19,68.0
SEN010,2026-08-06 02:21:52,2026-08-06,22.1,26.0,50.0
SEN036,2026-06-18 08:04:30,2026-06-18,18.72,3.7,
SEN021,2026-02-05 00:04:04,2026-02-05,21.5,12.7,93.0
SEN024,2026-03-18 13:40:34,2026-03-18,21.4,41.4,69.0
SEN041,2026-01-11 14:28:24,2026-01-11,30.5,17.7,92.0
SEN039,2026-06-18 13:58:41,2026-06-18,18.7,49.3,94.0
SEN023,2026-05-06 04:21:38,2026-05-06,33.8,,68.0
SEN008,2026-03-14 07:34:35,2026-03-14,16.8,,74.0
SEN029,2026-02-04 22:55:57,2026-02-04,27.6,20.32,
SEN041,2026-07-11 22:16:05,2026-07-11,16.0,,86.0
UNKNOWN,2026-01-10 16:49:33,2026-01-10,16.2,8.89,39.0
SEN007,2026-02-04 02:57:50,2026-02-04,34.4,24.5,65.0
SEN033,2026-06-22 19:55:54,2026-06-22,18.2,19.81,78.0
SEN039,2026-04-23 18:07:38,2026-04-23,24.78,,87.0
SEN038,2026-08-22 20:12:32,2026-08-22,39.5,19.05,56.0
SEN048,2026-02-25 21:02:00,2026-02-25,28.11,,80.0
SEN020,2026-05-04 03:00:19,2026-05-04,23.0,28.7,38.0
SEN011,2026-02-26 13:19:00,2026-02-26,39.5,13.3,
SEN024,2026-03-31 11:39:52,2026-03-31,29.89,18.54,71.0
SEN014,2026-06-06 01:09:20,2026-06-06,32.11,32.7,49.0
SEN009,2026-01-02 03:32:22,2026-01-02,25.3,12.7,85.0
SEN008,2026-01-06 15:43:18,2026-01-06,37.39,41.91,44.0
SEN035,2026-03-22 23:24:11,2026-03-22,34.11,36.6,54.0
SEN034,2026-07-06 04:54:07,2026-07-06,26.8,25.0,41.0
SEN035,2026-08-02 17:47:16,2026-08-02,22.2,28.1,84.0
SEN030,2026-01-13 16:26:00,2026-01-13,36.5,6.86,35.0
SEN044,2026-05-18 16:25:14,2026-05-18,39.0,,78.0
SEN035,2026-06-28 21:51:03,2026-06-28,24.5,41.2,84.0
SEN008,2026-01-12 21:09:05,2026-01-12,29.5,18.9,80.0
SEN007,2026-04-20 07:10:02,2026-04-20,16.9,26.9,76.0
SEN040,2026-02-19 22:18:36,2026-02-19,29.7,16.26,81.0
SEN047,2026-06-18 15:10:28,2026-06-18,25.61,,92.0
SEN024,2026-04-23 12:43:57,2026-04-23,15.78,37.1,90.0
SEN004,2026-06-01 00:00:00,2026-06-01,32.2,,69.0
SEN003,2026-03-07 09:57:50,2026-03-07,27.89,,66.0
SEN032,2026-05-27 03:40:33,2026-05-27,38.8,24.1,89.0
SEN025,2026-02-06 19:29:20,2026-02-06,35.0,43.69,73.0
SEN011,2026-01-03 02:20:38,2026-01-03,36.5,20.3,
SEN036,2026-03-21 15:41:00,2026-03-21,35.8,45.4,76.0
SEN041,2026-06-29 20:07:53,2026-06-29,20.5,,31.0
SEN010,2026-04-20 03:32:35,2026-04-20,23.2,25.1,93.0
SEN019,2026-05-02 07:00:32,2026-05-02,16.28,25.0,94.0
SEN030,2026-01-01 23:41:26,2026-01-01,30.4,23.8,40.0
SEN033,2026-04-04 07:25:07,2026-04-04,21.0,6.2,66.0
SEN013,2026-03-12 15:44:57,2026-03-12,20.0,24.1,49.0
UNKNOWN,2026-01-27 01:48:03,2026-01-27,22.0,18.3,50.0
SEN025,2026-04-06 09:32:26,2026-04-06,21.61,,62.0
SEN009,2026-08-13 18:42:36,2026-08-13,20.7,47.7,31.0
SEN032,2026-07-31 17:42:53,2026-07-31,23.22,36.4,45.0
SEN015,2026-04-23 08:50:55,2026-04-23,31.5,3.5,43.0
SEN029,2026-01-27 07:59:34,2026-01-27,20.5,,76.0
SEN022,2026-03-25 04:38:20,2026-03-25,37.3,46.2,89.0
SEN020,2026-03-28 03:36:40,2026-03-28,19.9,35.1,
SEN041,2026-01-07 12:17:15,2026-01-07,28.89,36.58,87.0
SEN040,2026-02-11 09:38:31,2026-02-11,33.7,49.7,32.0
SEN001,2026-02-08 12:10:33,2026-02-08,28.0,15.24,79.0
SEN034,2026-03-30 12:43:47,2026-03-30,39.3,,69.0
SEN018,2026-03-26 04:35:38,2026-03-26,38.0,34.7,89.0
SEN019,2026-03-30 21:42:04,2026-03-30,17.5,33.02,74.0
SEN036,2026-04-29 08:24:48,2026-04-29,16.0,,59.0
SEN014,2026-05-07 11:37:21,2026-05-07,28.9,48.01,46.0
SEN044,2026-03-20 14:55:00,2026-03-20,32.89,10.41,43.0
SEN010,2026-08-03 07:08:56,2026-08-03,23.3,,51.0
SEN006,2026-05-16 15:18:23,2026-05-16,36.0,,33.0
SEN021,2026-05-09 06:59:59,2026-05-09,27.39,37.6,82.0
SEN017,2026-06-19 01:30:00,2026-06-19,35.11,35.2,88.0
SEN038,2026-05-08 00:40:15,2026-05-08,39.0,47.4,54.0
SEN047,2026-08-27 01:35:37,2026-08-27,21.72,3.3,41.0
SEN044,2026-01-08 22:17:13,2026-01-08,23.11,41.8,
SEN005,2026-04-19 10:15:34,2026-04-19,19.0,20.8,85.0
SEN031,2026-01-09 12:01:15,2026-01-09,34.5,49.9,59.0
SEN015,2026-06-27 04:15:25,2026-06-27,39.72,22.6,61.0
SEN025,2026-07-28 08:19:55,2026-07-28,32.5,1.7,54.0
SEN039,2026-02-17 04:24:50,2026-02-17,31.6,,85.0
SEN037,2026-02-27 14:50:11,2026-02-27,26.28,10.1,65.0
SEN001,2026-01-29 18:53:46,2026-01-29,26.6,40.9,40.0
SEN013,2026-07-11 11:28:13,2026-07-11,16.22,,40.0
SEN010,2026-07-04 08:56:37,2026-07-04,28.6,4.4,93.0
SEN017,2026-07-16 02:29:18,2026-07-16,25.6,,52.0
SEN027,2026-08-23 19:56:55,2026-08-23,29.72,6.5,90.0
SEN020,2026-07-12 16:02:43,2026-07-12,25.1,17.7,93.0
SEN020,2026-08-24 20:41:25,2026-08-24,16.5,1.52,95.0
SEN030,2026-07-23 13:27:00,2026-07-23,27.72,33.1,89.0
SEN016,2026-04-19 05:08:00,2026-04-19,32.9,25.8,95.0
SEN003,2026-08-07 20:04:01,2026-08-07,36.89,24.6,46.0
SEN024,2026-08-31 10:01:00,2026-08-31,16.9,,32.0
SEN034,2026-07-23 23:32:42,2026-07-23,26.3,15.49,33.0
SEN012,2026-05-24 11:06:35,2026-05-24,29.7,8.6,30.0
SEN028,2026-02-04 19:29:03,2026-02-04,39.1,46.6,45.0
SEN012,2026-04-20 06:42:09,2026-04-20,15.4,,31.0
SEN048,2026-09-07 01:46:00,2026-09-07,35.5,18.54,77.0
SEN041,2026-06-27 12:43:00,2026-06-27,35.2,20.9,35.0
SEN011,2026-07-15 13:56:21,2026-07-15,39.3,42.9,56.0
SEN012,2026-08-11 20:28:22,2026-08-11,21.7,31.75,83.0
SEN043,2026-07-27 14:23:39,2026-07-27,35.8,1.02,85.0
SEN029,2026-08-13 17:04:00,2026-08-13,26.39,14.2,48.0
SEN036,2026-06-15 09:21:27,2026-06-15,33.22,3.6,30.0
SEN034,2026-08-11 07:55:58,2026-08-11,16.22,39.5,95.0
SEN003,2026-02-21 07:53:15,2026-02-21,30.72,31.5,35.0
SEN016,2026-08-08 03:37:21,2026-08-08,22.2,35.0,64.0
SEN017,2026-06-23 11:07:02,2026-06-23,27.8,27.8,54.0
SEN006,2026-03-09 17:10:33,2026-03-09,24.5,46.99,53.0
SEN026,2026-02-28 12:07:06,2026-02-28,15.78,30.2,48.0
SEN042,2026-09-08 21:05:15,2026-09-08,20.11,36.6,32.0
SEN049,2026-01-08 11:36:41,2026-01-08,18.22,31.24,76.0
SEN015,2026-05-29 20:00:58,2026-05-29,20.78,35.0,73.0
SEN010,2026-04-02 20:05:40,2026-04-02,39.8,10.9,60.0
SEN024,2026-03-03 03:47:32,2026-03-03,34.9,3.3,86.0
SEN043,2026-02-23 22:39:51,2026-02-23,24.0,15.5,54.0
SEN022,2026-05-09 04:03:23,2026-05-09,19.2,41.5,73.0
UNKNOWN,2026-06-06 10:49:01,2026-06-06,39.4,,32.0
SEN005,2026-02-19 07:01:00,2026-02-19,33.4,,58.0
SEN013,2026-04-05 09:36:44,2026-04-05,20.4,37.4,69.0
SEN032,2026-07-07 10:20:45,2026-07-07,25.1,0.7,47.0
SEN023,2026-04-10 20:23:25,2026-04-10,20.8,24.9,63.0
SEN035,2026-09-09 14:23:34,2026-09-09,24.5,9.4,42.0
SEN008,2026-05-09 13:10:41,2026-05-09,25.0,49.4,74.0
SEN022,2026-01-05 20:59:01,2026-01-05,35.72,,69.0
SEN004,2026-01-08 07:40:03,2026-01-08,18.0,16.2,73.0
SEN010,2026-04-24 06:17:47,2026-04-24,32.5,15.9,
SEN012,2026-07-08 07:20:19,2026-07-08,17.2,13.4,66.0
SEN033,2026-08-16 21:33:20,2026-08-16,30.28,48.51,86.0
SEN018,2026-08-06 23:08:40,2026-08-06,37.28,,
SEN025,2026-04-10 04:22:47,2026-04-10,21.72,42.8,63.0
SEN019,2026-03-17 11:37:36,2026-03-17,38.9,28.7,59.0
SEN009,2026-07-02 10:16:14,2026-07-02,39.2,,68.0
SEN042,2026-06-25 11:26:13,2026-06-25,30.2,,40.0
UNKNOWN,2026-03-06 12:37:35,2026-03-06,33.78,,45.0
SEN007,2026-08-12 01:05:00,2026-08-12,16.9,24.3,89.0
SEN020,2026-03-10 22:43:10,2026-03-10,25.6,16.1,94.0
SEN017,2026-01-20 17:46:00,2026-01-20,22.1,27.2,40.0
SEN003,2026-01-06 19:57:20,2026-01-06,34.11,44.45,92.0
SEN026,2026-02-26 20:25:00,2026-02-26,20.78,29.1,43.0
SEN013,2026-04-15 23:59:43,2026-04-15,32.9,34.2,67.0
SEN040,2026-08-05 05:46:24,2026-08-05,31.22,,54.0
SEN016,2026-05-31 18:57:07,2026-05-31,33.28,8.8,95.0
SEN027,2026-01-28 05:17:48,2026-01-28,29.9,15.3,90.0
SEN016,2026-02-20 15:12:04,2026-02-20,24.0,0.8,62.0
SEN001,2026-06-16 02:41:25,2026-06-16,28.5,44.4,93.0
SEN017,2026-08-26 08:46:23,2026-08-26,23.39,39.9,53.0
SEN017,2026-01-29 01:46:11,2026-01-29,32.72,2.7,72.0
UNKNOWN,2026-02-09 13:33:36,2026-02-09,18.6,16.4,
SEN014,2026-05-03 20:32:17,2026-05-03,36.8,18.3,74.0
SEN002,2026-07-22 23:37:32,2026-07-22,23.0,22.35,88.0
SEN046,2026-04-15 14:14:58,2026-04-15,28.5,30.1,68.0
SEN003,2026-08-28 06:23:11,2026-08-28,27.9,,40.0
SEN016,2026-01-25 13:54:00,2026-01-25,16.8,12.2,54.0
SEN011,2026-08-10 01:56:45,2026-08-10,24.3,,67.0
UNKNOWN,2026-05-24 22:31:24,2026-05-24,18.9,,75.0
SEN012,2026-02-28 00:24:24,2026-02-28,37.5,11.6,38.0
SEN024,2026-08-31 13:37:30,2026-08-31,36.11,36.83,94.0
SEN001,2026-05-24 05:53:13,2026-05-24,31.0,48.01,64.0
SEN004,2026-07-26 16:32:42,2026-07-26,24.28,37.7,59.0
SEN025,2026-02-13 00:01:15,2026-02-13,28.8,31.8,47.0
SEN035,2026-01-27 09:50:00,2026-01-27,17.5,8.4,48.0
SEN006,2026-07-20 05:21:57,2026-07-20,35.78,2.54,74.0
SEN024,2026-03-01 23:10:36,2026-03-01,36.3,25.3,81.0
SEN023,2026-05-23 00:59:58,2026-05-23,16.22,,61.0
SEN041,2026-01-11 04:17:05,2026-01-11,23.61,41.3,65.0
SEN019,2026-05-28 22:02:18,2026-05-28,22.4,0.2,83.0
SEN016,2026-04-24 07:56:00,2026-04-24,39.1,28.9,
SEN046,2026-06-24 15:05:47,2026-06-24,40.0,31.3,61.0
SEN021,2026-08-02 00:27:55,2026-08-02,27.3,28.7,47.0
SEN046,2026-02-20 13:56:10,2026-02-20,25.3,5.08,93.0
SEN024,2026-06-26 02:48:32,2026-06-26,18.8,,33.0
SEN028,2026-03-11 01:11:01,2026-03-11,36.72,32.26,41.0
SEN003,2026-07-11 19:56:22,2026-07-11,38.1,43.7,58.0
SEN013,2026-02-24 02:39:52,2026-02-24,27.39,20.1,39.0
SEN046,2026-06-11 17:53:55,2026-06-11,35.7,4.06,91.0
SEN030,2026-03-09 17:04:00,2026-03-09,39.22,9.1,54.0
SEN019,2026-05-14 07:31:13,2026-05-14,20.89,33.9,90.0
SEN044,2026-05-08 00:22:05,2026-05-08,34.9,20.6,
UNKNOWN,2026-08-26 14:51:59,2026-08-26,32.9,,56.0
SEN046,2026-01-24 02:18:48,2026-01-24,15.5,3.6,51.0
SEN007,2026-02-09 14:26:59,2026-02-09,16.78,,37.0
SEN033,2026-07-06 02:34:38,2026-07-06,36.72,19.3,
SEN001,2026-02-24 01:53:00,2026-02-24,34.7,38.9,76.0
SEN004,2026-08-13 19:34:20,2026-08-13,32.6,2.1,49.0
SEN003,2026-05-11 08:49:35,2026-05-11,15.3,21.2,44.0
SEN033,2026-04-23 06:58:15,2026-04-23,33.6,44.6,54.0
SEN046,2026-08-15 05:12:00,2026-08-15,21.9,18.54,53.0
SEN003,2026-03-18 12:04:01,2026-03-18,25.28,,
SEN017,2026-05-30 07:31:54,2026-05-30,33.0,10.67,86.0
SEN048,2026-04-04 19:12:32,2026-04-04,37.4,9.5,40.0
SEN007,2026-01-18 18:19:34,2026-01-18,33.6,1.7,40.0
SEN031,2026-08-30 15:48:10,2026-08-30,32.89,,63.0
SEN023,2026-01-13 02:50:34,2026-01-13,29.28,46.9,55.0
UNKNOWN,2026-05-05 20:29:07,2026-05-05,30.0,44.8,42.0
SEN015,2026-05-21 17:26:14,2026-05-21,38.1,,49.0
SEN045,2026-03-31 11:56:10,2026-03-31,32.4,28.45,
SEN032,2026-04-04 06:17:19,2026-04-04,35.5,34.8,68.0
SEN005,2026-08-09 20:50:31,2026-08-09,24.8,,58.0
SEN017,2026-02-17 21:32:31,2026-02-17,30.78,2.54,30.0
SEN040,2026-09-05 00:52:10,2026-09-05,31.8,8.2,86.0
SEN023,2026-01-25 13:53:59,2026-01-25,28.11,13.72,83.0
SEN004,2026-07-09 13:04:20,2026-07-09,16.7,,78.0
SEN014,2026-07-15 06:28:50,2026-07-15,25.1,18.1,46.0
SEN013,2026-02-08 06:37:19,2026-02-08,32.1,2.29,60.0
SEN047,2026-05-30 05:02:49,2026-05-30,38.7,9.3,47.0
SEN036,2026-03-22 17:19:37,2026-03-22,18.1,0.76,63.0
SEN032,2026-01-10 08:01:27,2026-01-10,23.78,10.7,80.0
SEN035,2026-05-10 18:13:10,2026-05-10,26.4,,46.0
SEN017,2026-08-06 22:11:36,2026-08-06,30.8,42.2,89.0
SEN019,2026-09-07 07:09:50,2026-09-07,28.1,38.6,79.0
SEN007,2026-02-25 07:09:20,2026-02-25,17.72,14.48,57.0
SEN031,2026-03-31 04:59:59,2026-03-31,23.6,19.2,68.0
SEN033,2026-03-24 12:11:34,2026-03-24,15.61,45.4,36.0
SEN016,2026-08-09 13:28:02,2026-08-09,37.78,1.4,
SEN039,2026-08-29 19:36:11,2026-08-29,20.4,16.6,
SEN007,2026-09-04 12:11:31,2026-09-04,34.78,6.6,40.0
UNKNOWN,2026-03-17 09:00:25,2026-03-17,22.72,16.6,51.0
SEN037,2026-06-04 20:06:29,2026-06-04,33.8,8.1,70.0
SEN025,2026-01-30 08:00:21,2026-01-30,28.72,22.3,
SEN048,2026-08-21 11:46:05,2026-08-21,36.4,49.2,47.0
SEN048,2026-01-10 16:40:55,2026-01-10,26.4,18.7,69.0
SEN048,2026-03-20 03:53:06,2026-03-20,33.6,7.2,35.0
SEN034,2026-04-12 16:43:02,2026-04-12,19.5,,75.0
SEN008,2026-06-02 16:36:46,2026-06-02,30.5,21.3,82.0
SEN002,2026-03-15 05:56:46,2026-03-15,15.5,,81.0
SEN007,2026-06-02 05:57:39,2026-06-02,40.0,14.4,64.0
SEN049,2026-02-22 09:45:33,2026-02-22,38.5,10.7,56.0
SEN028,2026-07-10 16:19:33,2026-07-10,27.0,32.51,48.0
SEN023,2026-03-31 18:37:16,2026-03-31,18.28,40.4,36.0
SEN008,2026-01-18 13:38:31,2026-01-18,18.3,37.8,
SEN046,2026-02-14 02:14:11,2026-02-14,17.2,,89.0
SEN023,2026-07-10 05:01:59,2026-07-10,25.0,49.0,84.0
SEN007,2026-06-19 05:51:21,2026-06-19,22.5,5.4,70.0
SEN028,2026-05-01 04:45:01,2026-05-01,28.11,45.4,45.0
SEN031,2026-01-19 22:08:37,2026-01-19,18.3,24.89,88.0
SEN041,2026-05-04 16:46:12,2026-05-04,31.6,37.08,77.0
SEN006,2026-03-20 20:59:52,2026-03-20,30.2,17.53,79.0
SEN021,2026-06-07 00:14:42,2026-06-07,35.5,32.0,
SEN002,2026-05-07 06:36:08,2026-05-07,19.3,5.84,88.0
SEN030,2026-07-28 16:58:00,2026-07-28,33.72,49.0,55.0
SEN006,2026-03-22 02:12:46,2026-03-22,33.5,44.2,71.0
SEN046,2026-05-29 12:54:02,2026-05-29,15.4,21.59,53.0
SEN017,2026-09-04 08:19:28,2026-09-04,25.5,45.9,46.0
SEN007,2026-01-08 13:00:45,2026-01-08,23.4,2.03,72.0
SEN048,2026-08-13 10:09:38,2026-08-13,32.0,5.5,43.0
SEN001,2026-09-02 07:51:28,2026-09-02,29.6,21.8,46.0
SEN044,2026-08-14 11:40:47,2026-08-14,21.3,1.9,39.0
UNKNOWN,2026-04-03 14:56:00,2026-04-03,19.3,1.0,40.0
SEN032,2026-02-07 23:39:34,2026-02-07,32.28,14.99,82.0
SEN027,2026-06-21 19:03:01,2026-06-21,20.7,35.2,
SEN006,2026-03-12 15:10:18,2026-03-12,31.2,22.35,52.0
SEN013,2026-06-02 03:52:56,2026-06-02,35.89,18.8,70.0
SEN003,2026-06-08 02:27:33,2026-06-08,23.7,45.72,66.0
SEN019,2026-03-24 03:21:37,2026-03-24,23.8,13.3,82.0
SEN016,2026-01-11 01:39:00,2026-01-11,29.5,20.4,51.0
SEN033,2026-07-09 18:43:24,2026-07-09,19.89,,83.0
SEN002,2026-01-05 00:05:57,2026-01-05,32.89,30.7,38.0
SEN043,2026-06-09 15:47:17,2026-06-09,20.5,21.5,66.0
SEN002,2026-05-19 07:06:24,2026-05-19,27.22,37.8,62.0
SEN045,2026-07-21 16:25:07,2026-07-21,22.8,,
SEN029,2026-01-03 21:54:06,2026-01-03,15.1,8.89,48.0
SEN029,2026-01-25 22:06:23,2026-01-25,36.5,10.9,
UNKNOWN,2026-08-07 03:25:18,2026-08-07,25.5,37.34,44.0
SEN018,2026-06-29 03:01:14,2026-06-29,39.4,30.3,90.0
SEN021,2026-03-07 13:47:01,2026-03-07,15.61,11.3,84.0
SEN033,2026-04-09 12:22:00,2026-04-09,24.61,,83.0
SEN020,2026-07-03 13:55:02,2026-07-03,19.6,,45.0
SEN044,2026-05-10 09:16:40,2026-05-10,34.2,45.21,42.0
SEN023,2026-05-10 04:05:00,2026-05-10,37.61,42.7,87.0
SEN008,2026-02-18 13:24:00,2026-02-18,26.22,,52.0
SEN016,2026-05-26 11:00:49,2026-05-26,21.5,30.3,78.0
SEN029,2026-08-19 19:54:44,2026-08-19,34.5,36.5,42.0
SEN002,2026-02-12 01:34:25,2026-02-12,30.4,49.02,39.0
SEN024,2026-01-10 07:10:07,2026-01-10,22.8,,61.0
SEN005,2026-02-14 21:21:43,2026-02-14,19.5,22.5,67.0
SEN018,2026-06-24 01:58:27,2026-06-24,23.3,,72.0
UNKNOWN,2026-07-14 13:30:03,2026-07-14,16.0,43.69,43.0
SEN049,2026-01-27 01:53:00,2026-01-27,16.5,17.7,55.0
SEN048,2026-05-10 17:44:10,2026-05-10,38.3,,55.0
SEN016,2026-03-12 22:49:47,2026-03-12,16.28,,47.0
SEN028,2026-03-21 00:27:23,2026-03-21,35.5,6.1,83.0
SEN018,2026-08-05 06:08:35,2026-08-05,35.61,26.16,56.0
SEN049,2026-08-27 11:51:48,2026-08-27,38.72,28.5,51.0
SEN029,2026-02-02 22:49:11,2026-02-02,20.3,29.9,70.0
SEN032,2026-07-25 18:31:16,2026-07-25,31.2,39.62,40.0
SEN009,2026-06-01 20:39:01,2026-06-01,15.89,22.35,52.0
SEN034,2026-04-22 13:07:07,2026-04-22,32.4,20.9,44.0
SEN049,2026-05-01 08:23:52,2026-05-01,20.78,13.97,72.0
SEN005,2026-03-02 02:41:58,2026-03-02,28.22,43.18,81.0
SEN002,2026-03-26 13:26:03,2026-03-26,35.9,,51.0
SEN033,2026-01-20 03:43:26,2026-01-20,18.0,43.69,53.0
SEN014,2026-09-09 00:34:54,2026-09-09,22.2,,38.0
SEN035,2026-02-08 19:18:47,2026-02-08,31.28,18.3,88.0
SEN029,2026-06-08 02:50:16,2026-06-08,30.8,27.8,35.0
SEN037,2026-05-13 09:28:49,2026-05-13,35.9,15.3,
SEN005,2026-03-21 16:57:38,2026-03-21,38.39,,
SEN014,2026-08-06 07:28:14,2026-08-06,21.89,27.2,48.0
SEN029,2026-06-24 05:16:18,2026-06-24,30.89,11.1,45.0
SEN007,2026-09-01 13:07:20,2026-09-01,20.1,29.4,41.0
SEN048,2026-02-17 13:43:38,2026-02-17,32.28,47.4,55.0
SEN040,2026-07-23 16:42:17,2026-07-23,31.9,3.0,60.0
SEN045,2026-08-19 20:30:51,2026-08-19,24.0,15.24,86.0
SEN034,2026-03-05 18:56:01,2026-03-05,38.5,16.4,81.0
SEN016,2026-02-22 20:29:37,2026-02-22,27.5,,73.0
SEN018,2026-07-03 02:43:49,2026-07-03,21.5,23.1,40.0
SEN017,2026-09-09 11:55:25,2026-09-09,38.7,6.5,88.0
SEN033,2026-01-11 08:04:53,2026-01-11,31.5,16.2,81.0
SEN027,2026-06-14 19:40:17,2026-06-14,32.6,24.1,66.0
SEN010,2026-05-04 09:14:11,2026-05-04,38.39,33.0,43.0
SEN008,2026-01-30 01:40:50,2026-01-30,34.0,26.67,64.0
SEN030,2026-05-05 06:15:30,2026-05-05,30.3,,
SEN041,2026-04-26 18:14:45,2026-04-26,17.78,40.5,47.0
SEN027,2026-02-20 02:23:43,2026-02-20,32.0,35.3,78.0
SEN007,2026-02-04 14:10:54,2026-02-04,23.0,12.3,74.0
SEN011,2026-08-08 19:38:37,2026-08-08,36.11,1.3,51.0
SEN040,2026-08-27 08:59:00,2026-08-27,23.3,15.8,64.0
SEN006,2026-03-13 09:42:13,2026-03-13,21.8,8.3,51.0
SEN041,2026-09-03 20:38:59,2026-09-03,26.4,26.9,78.0
SEN046,2026-03-23 02:28:21,2026-03-23,34.0,7.0,
SEN038,2026-03-28 15:17:58,2026-03-28,38.0,30.3,45.0
SEN024,2026-03-25 21:39:15,2026-03-25,38.61,48.8,54.0
SEN006,2026-03-23 14:40:54,2026-03-23,22.2,0.1,45.0
SEN005,2026-03-15 16:53:18,2026-03-15,15.89,,
SEN045,2026-08-01 13:25:20,2026-08-01,18.72,48.01,41.0
SEN020,2026-05-18 03:48:49,2026-05-18,24.8,32.0,87.0
SEN026,2026-04-27 16:37:25,2026-04-27,18.78,,
SEN014,2026-05-14 00:28:50,2026-05-14,38.0,37.59,33.0
SEN047,2026-08-22 05:57:17,2026-08-22,24.1,37.5,72.0
UNKNOWN,2026-09-06 00:00:00,2026-09-06,29.8,4.83,86.0
SEN034,2026-03-15 22:02:14,2026-03-15,34.28,17.8,45.0
SEN037,2026-06-01 20:54:58,2026-06-01,25.1,23.88,42.0
SEN024,2026-04-05 00:05:17,2026-04-05,23.5,24.0,85.0
SEN026,2026-01-30 00:00:00,2026-01-30,26.8,4.5,
SEN018,2026-03-17 13:50:10,2026-03-17,33.3,27.2,87.0
SEN043,2026-04-07 13:03:20,2026-04-07,33.1,,32.0
SEN031,2026-08-28 12:41:16,2026-08-28,28.11,24.6,32.0
SEN019,2026-03-21 16:49:57,2026-03-21,15.3,39.4,66.0
SEN040,2026-07-31 18:20:00,2026-07-31,24.4,14.73,
UNKNOWN,2026-02-26 04:59:30,2026-02-26,31.39,35.1,50.0
SEN003,2026-04-11 15:43:49,2026-04-11,31.28,,38.0
SEN024,2026-02-27 01:30:40,2026-02-27,34.22,36.8,
SEN032,2026-03-13 13:21:17,2026-03-13,34.4,35.2,77.0
SEN027,2026-03-23 15:45:13,2026-03-23,30.3,9.2,60.0
SEN032,2026-06-03 01:02:24,2026-06-03,37.89,26.2,73.0
UNKNOWN,2026-05-23 07:27:33,2026-05-23,30.72,31.8,89.0
SEN001,2026-07-23 00:27:22,2026-07-23,21.0,24.38,92.0
SEN004,2026-01-21 07:30:39,2026-01-21,20.7,19.2,63.0
SEN014,2026-07-17 01:37:37,2026-07-17,34.4,41.91,89.0
SEN008,2026-01-04 06:19:51,2026-01-04,24.3,26.67,86.0
SEN022,2026-04-16 11:58:37,2026-04-16,21.3,17.0,57.0
SEN035,2026-02-20 21:44:37,2026-02-20,18.11,42.5,42.0
SEN033,2026-06-29 18:40:21,2026-06-29,17.3,,64.0
UNKNOWN,2026-08-22 07:52:57,2026-08-22,32.7,13.5,51.0
SEN030,2026-08-29 19:23:46,2026-08-29,15.61,47.1,88.0
SEN031,2026-03-01 01:08:05,2026-03-01,22.2,,51.0
SEN004,2026-04-25 19:30:48,2026-04-25,34.1,43.18,64.0
SEN050,2026-05-23 12:22:00,2026-05-23,36.72,16.51,69.0
SEN042,2026-09-01 23:15:26,2026-09-01,37.11,9.7,60.0
SEN034,2026-03-02 15:39:34,2026-03-02,25.0,42.1,83.0
SEN013,2026-02-23 20:28:32,2026-02-23,29.0,17.2,95.0
SEN048,2026-04-02 21:36:51,2026-04-02,24.22,9.1,77.0
SEN050,2026-04-13 08:58:36,2026-04-13,33.39,19.3,82.0
SEN002,2026-02-28 00:00:00,2026-02-28,20.3,43.18,57.0
SEN002,2026-03-05 16:10:05,2026-03-05,23.6,6.0,66.0
SEN007,2026-03-01 18:45:45,2026-03-01,22.78,28.96,92.0
SEN037,2026-08-27 01:07:21,2026-08-27,19.22,,57.0
SEN015,2026-07-03 22:42:59,2026-07-03,36.2,35.7,59.0
SEN024,2026-01-22 12:08:42,2026-01-22,27.5,17.8,88.0
SEN024,2026-08-17 03:05:51,2026-08-17,24.9,21.08,90.0
SEN034,2026-04-08 22:42:05,2026-04-08,32.89,37.0,80.0
SEN026,2026-01-25 14:39:17,2026-01-25,32.39,24.3,47.0
SEN050,2026-07-30 05:51:20,2026-07-30,22.8,33.7,75.0
SEN034,2026-04-30 01:43:36,2026-04-30,27.8,32.1,81.0
SEN050,2026-04-12 09:01:00,2026-04-12,38.1,45.5,80.0
SEN042,2026-03-03 09:58:00,2026-03-03,15.39,33.02,40.0
SEN048,2026-09-02 17:18:44,2026-09-02,25.5,36.8,57.0
SEN019,2026-02-27 14:36:01,2026-02-27,17.11,48.51,52.0
SEN030,2026-02-04 06:20:23,2026-02-04,27.4,49.0,59.0
SEN025,2026-04-21 14:52:57,2026-04-21,21.5,17.53,
SEN006,2026-02-23 11:43:45,2026-02-23,29.39,13.3,70.0
SEN004,2026-01-16 17:05:17,2026-01-16,32.39,6.2,
SEN014,2026-03-23 16:05:20,2026-03-23,28.39,26.7,51.0
SEN026,2026-03-22 03:20:04,2026-03-22,38.5,31.24,51.0
SEN025,2026-04-22 22:20:56,2026-04-22,21.9,34.5,92.0
SEN005,2026-07-06 12:07:19,2026-07-06,39.5,3.3,42.0
SEN018,2026-04-14 07:12:29,2026-04-14,38.8,26.6,31.0
SEN050,2026-07-03 12:27:13,2026-07-03,16.61,38.1,81.0
SEN010,2026-06-09 20:58:30,2026-06-09,31.22,8.89,89.0
SEN023,2026-05-14 12:00:58,2026-05-14,31.4,,76.0
SEN022,2026-01-14 04:02:53,2026-01-14,15.72,40.7,65.0
SEN045,2026-04-20 23:38:45,2026-04-20,34.5,,32.0
SEN011,2026-05-15 03:14:32,2026-05-15,36.2,2.7,33.0
SEN040,2026-01-14 09:01:36,2026-01-14,25.11,33.7,54.0
SEN006,2026-02-03 00:00:00,2026-02-03,29.78,14.99,55.0
SEN012,2026-06-10 07:54:03,2026-06-10,38.0,48.01,81.0
SEN011,2026-07-04 12:56:08,2026-07-04,32.9,47.9,38.0
SEN013,2026-07-03 00:00:00,2026-07-03,19.5,,
SEN028,2026-05-18 07:57:28,2026-05-18,37.39,36.7,82.0
SEN006,2026-08-15 12:15:09,2026-08-15,21.7,49.2,34.0
SEN021,2026-09-08 21:51:50,2026-09-08,22.9,17.02,79.0
SEN036,2026-08-06 16:53:37,2026-08-06,17.2,,57.0
SEN022,2026-02-15 20:33:06,2026-02-15,27.8,29.7,91.0
SEN032,2026-04-13 22:21:49,2026-04-13,26.39,21.2,75.0
UNKNOWN,2026-08-10 00:56:57,2026-08-10,29.4,45.6,54.0
SEN037,2026-07-05 16:08:09,2026-07-05,31.28,8.89,75.0
SEN017,2026-08-18 22:58:31,2026-08-18,27.28,24.38,45.0
SEN036,2026-07-25 14:39:57,2026-07-25,22.0,1.5,34.0
SEN015,2026-04-29 03:17:56,2026-04-29,32.3,38.1,65.0
SEN006,2026-09-02 12:13:54,2026-09-02,27.11,33.3,88.0
SEN032,2026-07-04 20:38:00,2026-07-04,21.61,,93.0
SEN019,2026-02-24 20:54:08,2026-02-24,20.72,3.3,79.0
SEN035,2026-08-03 04:49:00,2026-08-03,36.3,44.4,43.0
SEN006,2026-05-29 18:07:13,2026-05-29,30.5,23.3,
SEN017,2026-07-28 02:07:53,2026-07-28,39.61,21.4,40.0
SEN012,2026-08-13 00:00:00,2026-08-13,28.28,23.5,61.0
SEN037,2026-06-29 05:40:17,2026-06-29,32.28,,75.0
SEN013,2026-02-25 17:09:35,2026-02-25,38.4,41.4,88.0
SEN006,2026-02-24 04:35:39,2026-02-24,27.1,11.2,65.0
SEN004,2026-03-29 07:11:00,2026-03-29,21.6,7.2,58.0
SEN034,2026-07-08 12:39:14,2026-07-08,20.0,8.89,33.0
SEN008,2026-01-24 22:33:53,2026-01-24,28.1,9.8,50.0
SEN038,2026-02-15 23:23:14,2026-02-15,17.4,18.2,31.0
SEN031,2026-05-03 17:32:16,2026-05-03,31.0,45.97,
SEN045,2026-02-03 04:34:14,2026-02-03,35.72,22.61,46.0
SEN024,2026-08-24 05:57:42,2026-08-24,35.72,,60.0
SEN007,2026-07-01 21:30:47,2026-07-01,32.8,40.13,87.0
SEN029,2026-06-19 01:46:14,2026-06-19,31.0,44.96,83.0
SEN005,2026-03-28 01:14:19,2026-03-28,20.6,25.15,56.0
SEN032,2026-02-15 19:11:55,2026-02-15,32.7,20.32,60.0
SEN009,2026-08-18 13:57:00,2026-08-18,37.7,13.3,66.0
SEN045,2026-08-08 00:00:00,2026-08-08,38.0,21.6,81.0
SEN033,2026-07-24 09:49:47,2026-07-24,33.11,5.6,93.0
SEN027,2026-03-28 08:14:39,2026-03-28,31.39,12.7,73.0
SEN010,2026-08-27 07:33:23,2026-08-27,26.5,20.2,91.0
SEN006,2026-02-12 19:13:46,2026-02-12,38.0,27.4,
SEN020,2026-09-01 06:45:21,2026-09-01,33.7,,64.0
UNKNOWN,2026-08-28 09:19:00,2026-08-28,21.72,41.2,68.0
SEN009,2026-07-21 08:39:52,2026-07-21,20.3,,
SEN038,2026-01-04 01:38:37,2026-01-04,20.3,15.49,39.0
SEN040,2026-07-31 21:54:31,2026-07-31,35.5,44.6,35.0
SEN042,2026-02-12 00:00:00,2026-02-12,31.8,49.28,35.0
SEN002,2026-04-27 20:48:03,2026-04-27,32.7,,46.0
SEN041,2026-09-09 18:16:35,2026-09-09,24.8,49.6,92.0
SEN049,2026-08-20 04:18:29,2026-08-20,30.6,7.7,39.0
SEN013,2026-05-13 07:02:34,2026-05-13,39.9,14.1,49.0
SEN017,2026-05-14 12:20:47,2026-05-14,30.0,,50.0
SEN018,2026-08-23 20:44:44,2026-08-23,22.89,41.6,80.0
SEN032,2026-01-19 21:40:47,2026-01-19,27.7,4.8,30.0
SEN005,2026-03-31 14:26:53,2026-03-31,37.3,19.2,37.0
SEN009,2026-01-06 18:29:25,2026-01-06,20.8,40.9,84.0
SEN030,2026-01-27 05:49:25,2026-01-27,24.5,0.9,80.0
SEN021,2026-01-24 04:38:55,2026-01-24,15.8,16.26,89.0
SEN012,2026-05-25 02:36:07,2026-05-25,22.0,30.23,31.0
UNKNOWN,2026-02-25 05:19:33,2026-02-25,21.0,9.3,77.0
SEN005,2026-01-23 19:53:51,2026-01-23,33.61,47.8,68.0
SEN022,2026-08-23 07:38:29,2026-08-23,15.61,18.5,68.0
SEN004,2026-08-02 00:29:41,2026-08-02,38.2,,59.0
SEN032,2026-03-10 17:06:40,2026-03-10,18.89,,
SEN046,2026-04-05 13:13:38,2026-04-05,21.28,7.9,85.0
SEN045,2026-03-06 06:51:04,2026-03-06,35.5,0.5,31.0
SEN007,2026-04-09 12:04:31,2026-04-09,19.9,30.23,81.0
SEN028,2026-02-21 22:33:00,2026-02-21,30.6,33.0,69.0
UNKNOWN,2026-08-17 21:34:14,2026-08-17,38.1,7.9,44.0
SEN044,2026-09-05 02:49:52,2026-09-05,27.5,25.5,50.0
SEN030,2026-07-03 16:56:11,2026-07-03,25.72,47.24,36.0
SEN033,2026-08-16 02:17:00,2026-08-16,36.6,3.3,66.0
SEN045,2026-02-23 05:56:50,2026-02-23,19.8,28.7,93.0
SEN022,2026-01-18 17:29:13,2026-01-18,16.6,26.3,89.0
SEN023,2026-01-23 05:29:22,2026-01-23,24.11,49.9,72.0
SEN050,2026-04-09 05:18:40,2026-04-09,31.28,26.92,82.0
SEN036,2026-01-12 15:11:32,2026-01-12,27.5,12.1,33.0
SEN042,2026-05-02 05:20:19,2026-05-02,19.2,7.5,77.0
SEN025,2026-06-07 08:40:34,2026-06-07,32.6,7.6,83.0
SEN010,2026-04-18 10:31:42,2026-04-18,39.1,17.8,59.0
SEN026,2026-02-17 17:01:10,2026-02-17,16.5,17.02,
SEN016,2026-07-13 00:28:56,2026-07-13,22.78,15.3,77.0
SEN049,2026-08-15 22:06:01,2026-08-15,22.11,45.2,90.0
SEN021,2026-06-18 15:31:16,2026-06-18,17.61,32.2,81.0
UNKNOWN,2026-08-21 05:18:16,2026-08-21,30.5,19.8,53.0
SEN014,2026-07-03 22:10:00,2026-07-03,21.0,0.4,37.0
SEN026,2026-03-12 05:00:00,2026-03-12,30.9,34.9,59.0
SEN010,2026-05-09 23:20:09,2026-05-09,37.6,47.5,39.0
SEN016,2026-01-16 05:01:45,2026-01-16,32.8,7.9,
SEN019,2026-08-21 12:20:53,2026-08-21,20.7,,65.0
SEN028,2026-02-19 08:21:10,2026-02-19,30.9,24.13,67.0
SEN041,2026-06-07 21:12:44,2026-06-07,24.0,8.64,50.0
SEN007,2026-07-22 15:35:22,2026-07-22,16.5,40.6,78.0
UNKNOWN,2026-03-13 21:54:02,2026-03-13,33.9,49.9,67.0
SEN039,2026-07-03 11:40:02,2026-07-03,26.8,14.73,86.0
SEN017,2026-01-04 04:00:10,2026-01-04,18.2,,65.0
SEN033,2026-06-10 20:35:05,2026-06-10,32.7,29.5,54.0
SEN020,2026-06-26 12:33:49,2026-06-26,28.5,13.1,85.0
SEN025,2026-07-22 23:36:12,2026-07-22,28.9,33.3,51.0
SEN015,2026-04-04 06:13:05,2026-04-04,24.3,15.7,82.0
SEN031,2026-03-20 12:29:39,2026-03-20,23.11,19.81,
SEN017,2026-03-09 02:09:00,2026-03-09,27.9,23.1,34.0
SEN028,2026-04-06 14:06:38,2026-04-06,33.1,,55.0
UNKNOWN,2026-07-14 22:45:38,2026-07-14,19.61,14.0,62.0
SEN001,2026-06-22 05:56:31,2026-06-22,23.3,22.6,40.0
SEN026,2026-02-10 03:37:08,2026-02-10,19.3,16.26,67.0
SEN042,2026-04-15 02:41:58,2026-04-15,23.61,8.1,71.0
SEN015,2026-08-19 16:03:46,2026-08-19,24.78,28.7,67.0
SEN016,2026-05-09 04:06:04,2026-05-09,21.22,20.0,
SEN039,2026-05-22 03:31:21,2026-05-22,23.78,17.53,50.0
SEN035,2026-04-01 18:05:53,2026-04-01,26.72,18.5,42.0
SEN003,2026-03-13 16:21:39,2026-03-13,33.7,42.3,53.0
SEN048,2026-03-15 13:53:08,2026-03-15,32.1,25.6,85.0
SEN028,2026-03-17 05:35:39,2026-03-17,29.4,20.5,52.0
SEN033,2026-05-26 01:50:50,2026-05-26,32.5,39.0,70.0
SEN003,2026-01-16 13:16:40,2026-01-16,17.72,21.8,70.0
SEN028,2026-01-26 01:37:57,2026-01-26,25.61,18.3,
SEN029,2026-08-19 20:28:29,2026-08-19,16.0,9.3,73.0
SEN022,2026-04-07 22:14:47,2026-04-07,28.7,38.1,65.0
SEN011,2026-07-30 10:13:08,2026-07-30,32.11,41.2,
SEN008,2026-04-22 22:13:21,2026-04-22,25.0,15.5,61.0
SEN005,2026-01-08 21:41:16,2026-01-08,38.8,2.0,64.0
SEN050,2026-03-22 22:23:19,2026-03-22,15.8,,63.0
SEN037,2026-01-04 13:46:18,2026-01-04,31.5,5.59,
SEN046,2026-02-20 18:23:00,2026-02-20,17.4,,
SEN004,2026-01-17 07:17:32,2026-01-17,23.2,12.8,78.0
UNKNOWN,2026-03-10 05:50:39,2026-03-10,16.39,42.7,31.0
SEN014,2026-08-27 22:31:22,2026-08-27,26.28,46.99,55.0
UNKNOWN,2026-08-09 17:58:39,2026-08-09,22.61,49.02,95.0
SEN017,2026-04-19 00:40:29,2026-04-19,23.61,43.18,95.0
SEN017,2026-06-29 00:02:56,2026-06-29,36.7,47.9,
SEN028,2026-02-18 01:34:44,2026-02-18,24.7,45.21,69.0
SEN041,2026-07-17 14:14:22,2026-07-17,31.8,,74.0
SEN009,2026-01-04 10:11:49,2026-01-04,29.3,1.1,36.0
SEN041,2026-08-08 17:42:53,2026-08-08,33.28,8.3,58.0
SEN022,2026-07-02 10:13:00,2026-07-02,21.28,43.7,92.0
SEN006,2026-06-19 06:53:41,2026-06-19,20.11,15.4,
SEN042,2026-04-24 18:58:40,2026-04-24,26.2,,78.0
SEN017,2026-06-30 02:41:18,2026-06-30,28.8,27.2,37.0
SEN027,2026-03-26 20:07:00,2026-03-26,22.5,21.1,77.0
SEN031,2026-02-04 08:12:28,2026-02-04,36.22,26.6,79.0
SEN009,2026-07-09 22:52:03,2026-07-09,33.8,24.4,89.0
SEN018,2026-05-05 06:29:42,2026-05-05,35.22,19.6,69.0
SEN010,2026-06-02 09:39:08,2026-06-02,35.6,43.6,
SEN007,2026-03-21 17:19:16,2026-03-21,22.1,47.24,36.0
SEN008,2026-01-24 15:17:07,2026-01-24,23.5,22.0,44.0
SEN016,2026-02-03 12:43:14,2026-02-03,27.4,9.7,63.0
UNKNOWN,2026-06-25 16:31:23,2026-06-25,20.9,6.6,30.0
SEN041,2026-05-02 11:15:41,2026-05-02,25.39,23.62,82.0
SEN018,2026-06-08 22:46:06,2026-06-08,20.3,6.1,60.0
SEN021,2026-08-11 11:47:13,2026-08-11,28.9,4.7,
SEN011,2026-04-26 10:23:40,2026-04-26,35.78,22.61,39.0
SEN003,2026-08-15 16:03:56,2026-08-15,33.4,28.45,
SEN021,2026-07-13 21:55:37,2026-07-13,33.6,14.22,60.0
SEN031,2026-06-26 13:14:12,2026-06-26,34.11,33.6,92.0
SEN014,2026-05-03 04:20:14,2026-05-03,24.11,30.48,66.0
SEN032,2026-06-23 20:33:09,2026-06-23,30.5,15.9,68.0
SEN032,2026-05-10 05:46:42,2026-05-10,23.39,14.4,54.0
SEN013,2026-08-25 21:06:01,2026-08-25,33.0,29.5,32.0
SEN002,2026-06-05 00:05:37,2026-06-05,19.4,22.9,68.0
SEN013,2026-02-14 01:44:16,2026-02-14,15.2,47.7,37.0
SEN013,2026-03-07 06:52:24,2026-03-07,39.39,,41.0
SEN023,2026-02-01 14:00:38,2026-02-01,35.28,46.3,
SEN029,2026-07-15 18:03:23,2026-07-15,31.28,42.4,32.0
UNKNOWN,2026-07-04 17:01:15,2026-07-04,24.89,,81.0
SEN005,2026-06-29 01:06:33,2026-06-29,26.2,21.08,42.0
UNKNOWN,2026-01-16 13:44:02,2026-01-16,17.5,6.2,92.0
SEN039,2026-08-07 03:59:32,2026-08-07,17.6,1.0,85.0
SEN006,2026-05-18 20:46:53,2026-05-18,30.4,32.7,48.0
SEN005,2026-03-09 08:43:46,2026-03-09,33.7,32.5,50.0
SEN020,2026-05-15 04:43:10,2026-05-15,26.78,,42.0
SEN007,2026-08-14 11:18:22,2026-08-14,39.5,47.6,67.0
SEN013,2026-03-27 04:56:20,2026-03-27,28.9,15.2,57.0
SEN017,2026-08-03 01:33:28,2026-08-03,34.28,,59.0
SEN043,2026-05-28 02:59:27,2026-05-28,39.22,38.9,45.0
SEN005,2026-08-03 05:37:32,2026-08-03,37.9,34.8,76.0
UNKNOWN,2026-05-15 21:48:47,2026-05-15,31.3,10.7,36.0
SEN024,2026-02-21 05:21:45,2026-02-21,32.1,,88.0
SEN048,2026-07-10 01:58:32,2026-07-10,33.78,14.5,73.0
SEN013,2026-02-15 13:28:06,2026-02-15,22.5,,39.0
SEN045,2026-07-24 23:03:48,2026-07-24,30.9,1.7,68.0
SEN015,2026-05-13 06:27:31,2026-05-13,16.2,26.9,33.0
SEN032,2026-03-28 01:28:56,2026-03-28,35.2,21.2,89.0
SEN027,2026-05-22 14:36:45,2026-05-22,20.7,14.5,64.0
SEN039,2026-03-30 10:32:30,2026-03-30,27.28,23.3,66.0
SEN034,2026-07-26 08:18:08,2026-07-26,15.9,1.1,64.0
SEN026,2026-05-14 04:41:08,2026-05-14,35.39,40.64,
SEN041,2026-07-14 19:04:26,2026-07-14,38.5,40.39,74.0
SEN002,2026-03-13 12:21:44,2026-03-13,17.8,14.4,64.0
SEN008,2026-06-20 00:33:25,2026-06-20,15.5,12.5,
SEN001,2026-01-23 15:52:12,2026-01-23,32.4,24.89,50.0
SEN034,2026-07-22 10:11:57,2026-07-22,23.8,,51.0
SEN027,2026-09-03 09:01:00,2026-09-03,20.72,33.6,
SEN038,2026-01-16 07:21:35,2026-01-16,31.22,26.6,
SEN024,2026-03-03 16:34:29,2026-03-03,39.8,45.4,31.0
SEN044,2026-06-11 02:53:13,2026-06-11,23.4,4.5,43.0
SEN019,2026-07-21 23:59:33,2026-07-21,18.11,,78.0
SEN040,2026-02-07 17:57:46,2026-02-07,27.8,28.0,38.0
SEN032,2026-06-08 22:04:57,2026-06-08,25.6,,49.0
SEN034,2026-02-01 05:38:21,2026-02-01,21.89,19.0,34.0
SEN028,2026-06-29 15:15:49,2026-06-29,34.8,,74.0
SEN047,2026-03-07 22:13:58,2026-03-07,37.4,6.1,
UNKNOWN,2026-01-20 05:00:26,2026-01-20,19.9,5.3,71.0
SEN004,2026-04-06 09:17:13,2026-04-06,26.3,26.6,93.0
SEN044,2026-08-14 08:20:36,2026-08-14,38.0,22.86,85.0
SEN019,2026-03-04 19:19:24,2026-03-04,27.6,12.6,44.0
SEN012,2026-01-14 07:01:07,2026-01-14,24.11,,
SEN022,2026-07-16 15:15:12,2026-07-16,22.7,3.56,92.0
SEN014,2026-07-08 18:53:33,2026-07-08,39.9,19.3,42.0
SEN045,2026-06-27 17:46:00,2026-06-27,33.2,,82.0
SEN046,2026-07-07 08:48:13,2026-07-07,16.39,1.2,72.0
UNKNOWN,2026-02-07 05:07:21,2026-02-07,34.8,2.3,46.0
SEN029,2026-07-22 14:45:28,2026-07-22,27.9,14.2,33.0
SEN001,2026-06-01 10:36:32,2026-06-01,29.28,48.7,80.0
SEN024,2026-07-05 18:13:22,2026-07-05,16.8,27.0,75.0
SEN003,2026-06-02 01:55:09,2026-06-02,37.72,43.0,44.0
UNKNOWN,2026-08-07 21:45:14,2026-08-07,17.39,26.7,44.0
SEN040,2026-03-22 23:39:27,2026-03-22,25.39,,66.0
SEN017,2026-04-21 02:07:25,2026-04-21,16.61,15.75,30.0
SEN029,2026-08-18 23:15:42,2026-08-18,17.2,,58.0
SEN017,2026-04-09 10:36:13,2026-04-09,35.5,7.9,70.0
SEN015,2026-05-18 11:57:38,2026-05-18,23.11,26.8,55.0
SEN005,2026-08-17 15:17:04,2026-08-17,27.7,39.6,74.0
SEN023,2026-05-18 21:40:07,2026-05-18,25.78,49.4,73.0
UNKNOWN,2026-03-12 13:57:00,2026-03-12,24.78,8.4,64.0
SEN038,2026-06-08 02:41:01,2026-06-08,26.78,25.1,34.0
SEN036,2026-01-04 10:56:16,2026-01-04,20.7,,80.0
SEN047,2026-04-27 06:38:23,2026-04-27,15.3,,40.0
SEN045,2026-03-03 03:39:49,2026-03-03,33.61,45.9,37.0
UNKNOWN,2026-06-25 02:24:45,2026-06-25,22.7,13.2,81.0
SEN029,2026-01-10 23:17:20,2026-01-10,29.61,26.0,
SEN012,2026-01-14 18:35:42,2026-01-14,26.5,7.2,53.0
UNKNOWN,2026-01-04 18:37:49,2026-01-04,32.4,39.37,50.0
SEN021,2026-08-08 17:17:12,2026-08-08,15.6,22.6,87.0
SEN018,2026-03-25 10:43:54,2026-03-25,33.0,47.7,92.0
SEN010,2026-05-30 00:00:00,2026-05-30,37.22,35.6,
SEN008,2026-06-04 11:19:33,2026-06-04,20.2,22.1,60.0
SEN050,2026-07-27 23:09:00,2026-07-27,15.2,14.48,46.0
SEN030,2026-09-03 08:39:09,2026-09-03,35.5,44.0,82.0
SEN024,2026-09-09 10:53:10,2026-09-09,28.1,20.57,82.0
SEN031,2026-02-28 17:58:30,2026-02-28,37.4,29.5,73.0
SEN047,2026-02-04 13:54:47,2026-02-04,28.0,,30.0
SEN034,2026-05-17 13:58:47,2026-05-17,36.0,,86.0
SEN001,2026-07-28 12:09:09,2026-07-28,29.5,42.9,75.0
SEN042,2026-07-28 15:55:53,2026-07-28,18.7,34.29,51.0
SEN044,2026-01-25 09:31:00,2026-01-25,37.7,5.9,60.0
SEN036,2026-02-20 18:07:00,2026-02-20,24.6,42.93,42.0
SEN037,2026-03-20 02:31:58,2026-03-20,21.0,35.1,78.0
SEN020,2026-07-22 15:43:05,2026-07-22,33.1,9.14,48.0
SEN028,2026-06-27 10:55:59,2026-06-27,34.39,,66.0
SEN014,2026-04-23 10:10:32,2026-04-23,28.1,27.9,50.0
SEN041,2026-08-11 08:40:42,2026-08-11,23.3,,33.0
SEN022,2026-03-31 23:00:15,2026-03-31,28.4,48.3,93.0
SEN006,2026-02-24 03:46:26,2026-02-24,24.1,28.8,61.0
SEN043,2026-08-23 07:51:18,2026-08-23,17.28,34.4,
SEN050,2026-03-13 07:50:45,2026-03-13,15.5,31.5,33.0
SEN017,2026-07-21 01:05:42,2026-07-21,36.39,,92.0
SEN006,2026-08-21 01:13:48,2026-08-21,36.8,25.65,52.0
SEN040,2026-01-30 10:37:03,2026-01-30,27.5,47.3,71.0
SEN036,2026-03-18 03:39:40,2026-03-18,23.9,28.7,77.0
SEN012,2026-02-16 09:21:19,2026-02-16,36.39,31.5,44.0
SEN025,2026-07-13 10:07:00,2026-07-13,19.5,2.79,41.0
SEN002,2026-01-30 22:59:46,2026-01-30,35.39,35.5,
SEN032,2026-05-15 18:59:53,2026-05-15,38.39,36.0,84.0
SEN010,2026-02-05 19:32:04,2026-02-05,15.1,24.9,39.0
SEN012,2026-05-21 11:00:18,2026-05-21,27.2,34.8,74.0
SEN025,2026-08-04 02:16:30,2026-08-04,37.0,46.6,71.0
SEN042,2026-02-03 20:38:44,2026-02-03,23.0,14.1,70.0
SEN033,2026-01-27 11:56:00,2026-01-27,18.0,,31.0
UNKNOWN,2026-07-14 17:23:31,2026-07-14,39.3,4.4,90.0
SEN028,2026-02-11 17:28:24,2026-02-11,29.2,,66.0
SEN037,2026-03-14 19:05:00,2026-03-14,24.6,46.3,89.0
SEN013,2026-05-22 13:13:10,2026-05-22,34.4,48.5,94.0
SEN018,2026-03-23 13:49:14,2026-03-23,29.7,8.5,49.0
SEN014,2026-06-24 22:18:21,2026-06-24,29.89,30.7,37.0
SEN005,2026-08-04 20:34:07,2026-08-04,16.11,44.7,42.0
SEN003,2026-05-10 10:49:20,2026-05-10,18.22,10.0,53.0
SEN050,2026-01-13 12:38:55,2026-01-13,15.39,50.04,50.0
SEN024,2026-07-17 13:01:16,2026-07-17,18.2,48.3,89.0
SEN037,2026-03-22 15:04:27,2026-03-22,27.7,8.1,
SEN009,2026-03-28 21:43:32,2026-03-28,16.6,31.2,
SEN036,2026-03-10 19:15:45,2026-03-10,24.8,41.7,
SEN047,2026-08-13 15:29:42,2026-08-13,37.5,0.51,77.0
SEN018,2026-02-25 07:38:45,2026-02-25,33.72,39.62,37.0
SEN029,2026-07-20 00:00:00,2026-07-20,24.8,11.2,39.0
SEN001,2026-03-03 22:48:38,2026-03-03,20.22,5.5,
SEN046,2026-03-20 17:08:21,2026-03-20,35.0,35.7,43.0
SEN050,2026-02-04 07:26:19,2026-02-04,35.22,11.8,50.0
SEN050,2026-08-05 22:14:12,2026-08-05,15.0,36.32,31.0
SEN004,2026-06-30 08:58:19,2026-06-30,27.2,27.7,48.0
SEN002,2026-08-16 12:38:23,2026-08-16,16.9,35.2,44.0
SEN009,2026-03-07 12:57:29,2026-03-07,39.2,,91.0
SEN038,2026-04-14 00:00:00,2026-04-14,25.5,,39.0
SEN045,2026-04-26 12:14:09,2026-04-26,15.39,45.6,69.0
SEN002,2026-04-23 20:08:17,2026-04-23,37.7,34.4,47.0
SEN041,2026-02-01 16:21:39,2026-02-01,26.22,37.0,51.0
SEN012,2026-04-23 23:53:09,2026-04-23,30.7,18.8,45.0
SEN010,2026-07-10 18:28:18,2026-07-10,29.28,13.7,57.0
SEN011,2026-03-09 05:03:44,2026-03-09,29.3,20.4,40.0
SEN027,2026-03-29 21:15:11,2026-03-29,37.72,,71.0
SEN019,2026-08-09 19:07:53,2026-08-09,28.1,1.78,86.0
SEN021,2026-04-28 02:19:14,2026-04-28,33.78,4.83,72.0
SEN044,2026-04-13 09:43:16,2026-04-13,29.7,5.2,55.0
SEN013,2026-07-01 02:48:43,2026-07-01,25.1,27.6,33.0
SEN007,2026-04-26 19:35:13,2026-04-26,34.1,42.3,49.0
SEN035,2026-07-09 05:39:33,2026-07-09,37.8,17.4,82.0
SEN007,2026-06-13 05:38:41,2026-06-13,31.22,43.1,44.0
SEN024,2026-04-10 10:39:56,2026-04-10,31.22,23.7,78.0
SEN022,2026-08-28 22:24:45,2026-08-28,36.7,49.02,84.0
SEN039,2026-02-14 10:50:50,2026-02-14,20.89,3.0,38.0
SEN014,2026-04-05 19:54:28,2026-04-05,26.7,32.0,86.0
SEN011,2026-01-05 13:51:38,2026-01-05,31.2,34.3,71.0
SEN038,2026-06-27 13:49:13,2026-06-27,20.0,6.2,83.0
SEN043,2026-08-08 18:04:20,2026-08-08,25.0,49.1,41.0
SEN045,2026-04-10 20:57:33,2026-04-10,39.5,0.1,66.0
SEN038,2026-01-11 13:47:25,2026-01-11,24.89,9.2,72.0
SEN025,2026-06-09 15:51:22,2026-06-09,25.8,,91.0
SEN038,2026-03-02 08:34:17,2026-03-02,28.72,23.1,86.0
SEN010,2026-02-13 21:06:19,2026-02-13,28.11,35.81,85.0
SEN013,2026-05-23 09:23:43,2026-05-23,34.8,48.2,44.0
SEN005,2026-05-31 10:05:38,2026-05-31,31.1,38.0,94.0
SEN040,2026-07-04 02:31:35,2026-07-04,24.72,4.0,58.0
SEN040,2026-03-22 15:14:00,2026-03-22,15.39,20.6,88.0
SEN046,2026-08-12 17:21:05,2026-08-12,25.0,41.15,32.0
SEN047,2026-03-26 00:00:00,2026-03-26,32.9,48.5,39.0
SEN009,2026-03-10 15:10:11,2026-03-10,15.4,21.1,89.0
SEN016,2026-07-20 14:46:55,2026-07-20,23.9,33.6,74.0
SEN002,2026-06-28 18:43:30,2026-06-28,32.6,23.2,42.0
SEN018,2026-07-24 19:08:32,2026-07-24,35.1,45.8,95.0
SEN004,2026-03-02 03:21:12,2026-03-02,37.28,15.1,87.0
SEN048,2026-02-02 13:11:23,2026-02-02,15.78,23.1,
SEN013,2026-01-27 13:17:21,2026-01-27,29.0,28.3,37.0
SEN050,2026-03-11 11:00:57,2026-03-11,27.22,47.1,51.0
SEN016,2026-04-10 23:39:03,2026-04-10,35.5,7.87,50.0
SEN018,2026-01-24 00:47:29,2026-01-24,17.72,20.8,41.0
SEN046,2026-06-05 03:34:00,2026-06-05,15.5,43.9,71.0
SEN020,2026-09-07 20:38:29,2026-09-07,21.6,47.6,93.0
SEN032,2026-04-21 05:23:37,2026-04-21,31.0,,56.0
SEN017,2026-01-31 02:48:41,2026-01-31,27.0,48.6,58.0
SEN046,2026-06-28 03:44:00,2026-06-28,26.28,28.19,40.0
SEN023,2026-07-04 10:54:31,2026-07-04,39.28,36.0,90.0
SEN036,2026-04-29 12:28:32,2026-04-29,34.72,14.4,34.0
SEN038,2026-05-29 01:16:30,2026-05-29,33.5,13.3,39.0
SEN020,2026-08-11 11:34:01,2026-08-11,27.8,15.7,86.0
SEN040,2026-06-16 19:15:53,2026-06-16,33.7,,52.0
SEN043,2026-06-25 17:55:08,2026-06-25,30.7,48.0,53.0
SEN018,2026-08-31 15:32:19,2026-08-31,35.3,,42.0
SEN015,2026-03-11 14:29:42,2026-03-11,24.5,11.7,55.0
SEN045,2026-08-11 01:07:09,2026-08-11,36.7,1.6,93.0
SEN003,2026-01-29 20:42:51,2026-01-29,26.3,8.9,66.0
SEN006,2026-02-12 19:44:28,2026-02-12,29.72,44.1,41.0
SEN014,2026-05-01 07:44:24,2026-05-01,26.11,33.7,68.0
SEN012,2026-03-19 21:00:31,2026-03-19,24.78,49.28,59.0
SEN040,2026-04-17 06:47:41,2026-04-17,31.5,34.7,78.0
SEN007,2026-05-17 21:34:00,2026-05-17,39.8,48.4,67.0
SEN018,2026-02-13 15:18:23,2026-02-13,33.4,22.86,87.0
SEN004,2026-04-10 00:35:59,2026-04-10,34.1,42.8,95.0
SEN027,2026-04-22 14:26:04,2026-04-22,15.9,35.4,79.0
SEN021,2026-06-16 06:49:45,2026-06-16,36.72,22.1,59.0
SEN022,2026-01-25 15:37:46,2026-01-25,33.9,6.6,40.0
SEN046,2026-05-27 22:14:07,2026-05-27,27.9,10.16,67.0
SEN004,2026-08-24 08:47:17,2026-08-24,36.72,26.42,
UNKNOWN,2026-06-22 01:24:13,2026-06-22,22.39,38.2,
SEN026,2026-06-11 10:09:51,2026-06-11,30.72,12.0,93.0
SEN018,2026-03-25 04:39:35,2026-03-25,20.39,49.5,48.0
SEN026,2026-06-19 10:01:49,2026-06-19,25.6,,61.0
SEN008,2026-03-29 01:22:28,2026-03-29,24.5,44.1,88.0
SEN034,2026-01-30 16:27:36,2026-01-30,39.5,8.13,35.0
SEN013,2026-09-02 05:57:17,2026-09-02,27.1,25.3,31.0
SEN014,2026-08-01 11:57:44,2026-08-01,22.7,18.8,67.0
SEN015,2026-02-15 09:14:11,2026-02-15,35.7,29.8,35.0
SEN041,2026-01-29 08:42:17,2026-01-29,19.2,27.2,88.0
SEN025,2026-01-13 08:23:39,2026-01-13,35.5,47.9,47.0
SEN016,2026-08-30 05:07:39,2026-08-30,32.5,6.6,39.0
SEN044,2026-02-21 04:35:28,2026-02-21,38.2,12.0,36.0
SEN008,2026-04-14 00:05:23,2026-04-14,32.89,22.7,44.0
SEN014,2026-04-03 09:46:37,2026-04-03,37.0,16.0,94.0
SEN043,2026-05-29 01:46:04,2026-05-29,26.5,30.7,72.0
SEN038,2026-08-15 05:46:59,2026-08-15,30.0,38.1,93.0
SEN042,2026-07-06 02:37:56,2026-07-06,29.1,,67.0
SEN031,2026-04-23 16:38:18,2026-04-23,28.0,46.74,73.0
SEN011,2026-05-10 19:29:03,2026-05-10,29.2,45.21,43.0
SEN042,2026-04-30 09:24:54,2026-04-30,25.8,29.8,76.0
SEN048,2026-03-25 19:00:00,2026-03-25,33.0,37.7,32.0
SEN030,2026-04-05 11:56:04,2026-04-05,31.0,3.56,
SEN026,2026-08-27 16:49:08,2026-08-27,35.9,39.1,62.0
SEN017,2026-05-11 12:47:42,2026-05-11,21.89,36.9,65.0
SEN010,2026-05-17 04:25:32,2026-05-17,33.28,31.8,56.0
SEN039,2026-04-05 09:21:48,2026-04-05,19.78,45.72,84.0
SEN050,2026-01-30 06:37:36,2026-01-30,29.6,39.9,60.0
SEN016,2026-02-21 17:16:29,2026-02-21,38.1,35.81,43.0
SEN034,2026-01-07 01:06:18,2026-01-07,37.5,15.5,58.0
SEN026,2026-08-23 19:52:43,2026-08-23,34.4,27.7,93.0
SEN021,2026-04-02 03:27:39,2026-04-02,29.3,40.8,43.0
SEN006,2026-06-02 01:02:42,2026-06-02,33.5,34.7,77.0
SEN040,2026-01-25 17:00:00,2026-01-25,38.0,,67.0
SEN003,2026-02-03 18:48:58,2026-02-03,20.0,37.5,38.0
SEN042,2026-06-12 19:59:01,2026-06-12,25.2,17.9,49.0
SEN035,2026-04-07 00:53:46,2026-04-07,15.5,4.0,40.0
SEN008,2026-06-02 02:47:37,2026-06-02,25.6,3.3,47.0
SEN023,2026-02-05 02:04:51,2026-02-05,23.89,17.27,59.0
SEN040,2026-07-31 10:16:24,2026-07-31,30.9,1.4,40.0
SEN030,2026-07-12 22:20:02,2026-07-12,39.2,46.2,39.0
SEN025,2026-06-25 21:35:06,2026-06-25,31.9,22.7,65.0
SEN007,2026-06-06 19:49:54,2026-06-06,16.2,41.5,91.0
SEN016,2026-08-10 16:24:06,2026-08-10,36.28,38.4,76.0
SEN029,2026-03-08 08:28:20,2026-03-08,29.22,28.7,84.0
SEN016,2026-07-12 10:09:43,2026-07-12,32.78,37.59,69.0
SEN001,2026-04-17 22:31:52,2026-04-17,38.6,41.9,
SEN016,2026-05-07 06:09:39,2026-05-07,15.39,36.9,52.0
SEN050,2026-02-23 20:15:30,2026-02-23,17.78,1.78,56.0
SEN038,2026-08-15 11:08:48,2026-08-15,24.72,35.5,36.0
SEN043,2026-01-07 10:17:50,2026-01-07,37.7,48.77,
SEN028,2026-07-13 15:41:52,2026-07-13,33.9,0.2,76.0
SEN036,2026-05-16 18:57:48,2026-05-16,31.11,11.9,69.0
SEN030,2026-08-31 21:39:07,2026-08-31,35.8,1.6,83.0
SEN020,2026-05-17 17:48:02,2026-05-17,16.0,14.5,79.0
SEN006,2026-02-17 12:24:27,2026-02-17,35.8,1.27,50.0
SEN016,2026-06-29 06:47:37,2026-06-29,27.3,12.6,58.0
SEN029,2026-07-14 18:09:47,2026-07-14,30.11,11.5,41.0
SEN017,2026-08-08 14:28:59,2026-08-08,20.6,,94.0
SEN043,2026-07-30 00:55:34,2026-07-30,31.4,49.9,
SEN050,2026-03-14 13:41:31,2026-03-14,31.5,0.3,32.0
SEN044,2026-02-22 09:37:30,2026-02-22,20.72,34.04,69.0
SEN047,2026-08-10 09:57:05,2026-08-10,37.61,10.0,
SEN034,2026-01-19 03:00:16,2026-01-19,16.39,42.3,42.0
SEN022,2026-07-24 02:53:49,2026-07-24,27.6,33.53,49.0
SEN029,2026-03-23 12:21:31,2026-03-23,16.28,,31.0
SEN015,2026-04-18 12:48:38,2026-04-18,36.5,21.8,53.0
SEN012,2026-07-08 06:26:46,2026-07-08,28.39,30.4,67.0
SEN013,2026-08-26 18:09:20,2026-08-26,34.6,14.3,67.0
SEN019,2026-05-09 08:06:01,2026-05-09,29.0,,53.0
SEN033,2026-06-01 06:13:05,2026-06-01,27.0,19.9,65.0
SEN033,2026-08-06 02:23:28,2026-08-06,29.78,,81.0
SEN026,2026-01-15 20:51:07,2026-01-15,38.6,,
SEN015,2026-06-30 11:29:01,2026-06-30,29.78,37.9,69.0
SEN006,2026-06-10 19:49:56,2026-06-10,16.1,9.2,85.0
SEN043,2026-01-23 19:09:01,2026-01-23,17.0,14.9,
SEN011,2026-01-24 05:00:10,2026-01-24,36.7,43.3,72.0
SEN038,2026-04-23 17:06:11,2026-04-23,19.3,16.3,67.0
SEN007,2026-06-14 15:18:00,2026-06-14,15.9,25.9,84.0
SEN042,2026-01-04 17:28:34,2026-01-04,24.0,,62.0
SEN038,2026-03-25 03:24:45,2026-03-25,24.2,49.0,36.0
UNKNOWN,2026-05-23 12:14:17,2026-05-23,29.4,32.0,32.0
SEN021,2026-05-07 16:22:08,2026-05-07,24.3,17.53,40.0
SEN001,2026-01-04 11:36:54,2026-01-04,33.7,34.04,35.0
SEN022,2026-06-01 02:51:49,2026-06-01,25.6,44.2,91.0
SEN014,2026-04-24 10:29:50,2026-04-24,23.0,,81.0
SEN002,2026-08-18 01:13:53,2026-08-18,32.0,26.16,
SEN050,2026-02-06 07:07:05,2026-02-06,31.9,22.1,48.0
SEN004,2026-03-09 08:11:37,2026-03-09,34.1,25.8,79.0
SEN014,2026-04-06 11:58:39,2026-04-06,31.7,3.8,87.0
SEN042,2026-02-03 10:16:44,2026-02-03,27.0,,79.0
UNKNOWN,2026-01-19 20:14:41,2026-01-19,16.3,28.0,32.0
SEN030,2026-07-28 00:43:07,2026-07-28,39.8,19.5,33.0
SEN027,2026-07-10 03:47:45,2026-07-10,22.1,48.4,94.0
SEN038,2026-04-17 07:23:51,2026-04-17,19.2,24.13,62.0
SEN030,2026-04-28 16:43:48,2026-04-28,26.8,,37.0
SEN005,2026-08-20 09:20:21,2026-08-20,35.89,3.56,62.0
SEN042,2026-08-02 23:12:35,2026-08-02,29.8,3.5,
UNKNOWN,2026-05-10 08:21:27,2026-05-10,28.7,27.7,68.0
SEN004,2026-07-16 15:42:20,2026-07-16,22.3,43.69,70.0
SEN045,2026-07-09 04:31:37,2026-07-09,30.9,47.4,30.0
SEN013,2026-06-30 06:28:46,2026-06-30,30.72,48.51,75.0
SEN011,2026-06-01 18:05:25,2026-06-01,29.22,32.1,86.0
UNKNOWN,2026-06-29 02:18:50,2026-06-29,27.6,37.2,59.0
SEN021,2026-04-13 03:57:59,2026-04-13,20.6,44.7,83.0
SEN049,2026-03-23 20:42:09,2026-03-23,15.5,34.04,74.0
SEN011,2026-02-07 02:30:27,2026-02-07,21.89,,92.0
SEN001,2026-06-10 03:23:53,2026-06-10,32.61,11.6,91.0
SEN040,2026-07-24 07:05:25,2026-07-24,17.4,16.7,85.0
SEN009,2026-06-07 11:06:04,2026-06-07,24.78,47.5,
SEN004,2026-02-05 19:36:10,2026-02-05,39.0,8.5,
SEN011,2026-06-29 01:40:31,2026-06-29,36.4,14.22,37.0
SEN047,2026-07-11 11:04:31,2026-07-11,29.8,,
SEN002,2026-03-17 23:00:44,2026-03-17,23.5,15.24,53.0
SEN002,2026-09-07 03:48:21,2026-09-07,23.9,13.1,46.0
SEN028,2026-05-23 01:14:00,2026-05-23,28.11,48.4,60.0
SEN044,2026-08-21 15:08:49,2026-08-21,16.61,42.3,57.0
SEN026,2026-03-27 05:46:43,2026-03-27,37.5,30.4,35.0
SEN025,2026-02-01 22:33:21,2026-02-01,28.8,29.1,
SEN028,2026-02-09 14:01:15,2026-02-09,33.6,27.6,77.0
SEN024,2026-05-23 20:25:48,2026-05-23,32.7,31.75,51.0
SEN042,2026-09-02 09:25:12,2026-09-02,19.3,30.48,53.0
SEN031,2026-08-04 19:19:31,2026-08-04,36.2,25.3,46.0
SEN002,2026-08-07 04:13:40,2026-08-07,38.61,9.4,39.0
SEN022,2026-02-21 01:27:44,2026-02-21,26.1,40.89,93.0
SEN031,2026-02-02 14:15:08,2026-02-02,18.3,45.8,76.0
SEN025,2026-06-27 05:04:48,2026-06-27,28.6,31.8,52.0
SEN015,2026-06-10 23:01:05,2026-06-10,30.72,,31.0
SEN029,2026-05-22 14:40:21,2026-05-22,29.0,27.69,88.0
SEN003,2026-06-11 10:02:36,2026-06-11,16.3,,62.0
UNKNOWN,2026-03-29 19:30:26,2026-03-29,25.4,28.96,
SEN032,2026-05-24 13:25:58,2026-05-24,17.4,22.7,80.0
SEN021,2026-08-24 14:57:42,2026-08-24,15.9,12.0,47.0
SEN019,2026-06-23 10:48:44,2026-06-23,34.72,,72.0
SEN034,2026-01-02 19:55:33,2026-01-02,22.7,27.8,67.0
SEN035,2026-01-31 06:53:23,2026-01-31,27.9,24.38,
SEN018,2026-02-10 14:06:29,2026-02-10,20.72,21.2,42.0
SEN026,2026-01-24 21:28:55,2026-01-24,27.6,41.0,86.0
SEN015,2026-01-29 16:53:14,2026-01-29,30.8,5.8,63.0
SEN022,2026-04-07 00:00:00,2026-04-07,15.9,28.4,74.0
SEN050,2026-05-09 21:46:44,2026-05-09,16.2,18.03,40.0
SEN046,2026-02-15 07:37:51,2026-02-15,23.4,36.83,40.0
SEN014,2026-08-04 12:49:15,2026-08-04,26.5,49.8,91.0
UNKNOWN,2026-06-23 00:00:00,2026-06-23,30.28,6.9,45.0
SEN044,2026-05-19 23:26:55,2026-05-19,24.5,35.5,47.0
SEN039,2026-06-21 00:00:00,2026-06-21,24.7,,59.0
SEN012,2026-02-28 23:44:54,2026-02-28,25.6,15.7,35.0
SEN043,2026-04-28 19:22:43,2026-04-28,18.5,22.0,91.0
SEN028,2026-01-08 22:22:30,2026-01-08,15.0,18.1,91.0
SEN050,2026-01-24 22:31:36,2026-01-24,23.2,29.21,38.0
SEN022,2026-07-31 00:00:00,2026-07-31,24.9,14.48,60.0
SEN011,2026-02-11 15:21:22,2026-02-11,24.89,45.9,71.0
SEN035,2026-01-02 14:52:13,2026-01-02,17.11,33.02,
SEN036,2026-03-05 20:09:18,2026-03-05,26.3,4.32,62.0
SEN029,2026-03-03 04:32:24,2026-03-03,36.72,12.9,38.0
SEN023,2026-01-09 22:16:18,2026-01-09,18.78,34.6,42.0
SEN036,2026-01-26 02:47:24,2026-01-26,38.6,8.9,37.0
SEN013,2026-02-08 10:11:14,2026-02-08,24.8,33.3,72.0
SEN029,2026-04-07 00:25:22,2026-04-07,25.22,,83.0
SEN038,2026-08-14 03:33:54,2026-08-14,37.5,3.5,39.0
SEN015,2026-04-18 19:21:44,2026-04-18,15.22,25.5,63.0
SEN034,2026-01-05 02:17:24,2026-01-05,38.3,23.7,74.0
SEN049,2026-05-16 19:50:36,2026-05-16,29.9,9.8,76.0
SEN010,2026-04-12 06:13:41,2026-04-12,17.7,30.3,64.0
SEN045,2026-04-09 13:28:41,2026-04-09,36.6,,53.0
SEN023,2026-03-22 02:45:58,2026-03-22,23.61,43.4,69.0
SEN010,2026-05-20 10:31:38,2026-05-20,35.9,32.26,93.0
SEN018,2026-05-06 23:24:20,2026-05-06,20.72,10.0,51.0
SEN037,2026-05-21 13:04:54,2026-05-21,17.4,5.2,
SEN038,2026-02-18 18:44:48,2026-02-18,37.6,15.75,58.0
SEN017,2026-06-22 22:23:20,2026-06-22,35.22,29.21,75.0
SEN018,2026-06-23 22:47:56,2026-06-23,16.4,0.7,81.0
SEN003,2026-06-21 21:33:27,2026-06-21,25.89,37.2,51.0
SEN023,2026-08-31 04:23:06,2026-08-31,23.9,25.0,51.0
SEN036,2026-09-03 01:22:15,2026-09-03,29.22,40.0,94.0
SEN030,2026-02-06 05:31:35,2026-02-06,24.78,2.4,73.0
SEN027,2026-05-27 08:35:16,2026-05-27,32.28,24.3,54.0
SEN017,2026-07-30 17:10:39,2026-07-30,19.0,24.7,83.0
SEN046,2026-01-30 06:11:54,2026-01-30,22.72,29.72,54.0
SEN006,2026-08-10 05:43:25,2026-08-10,22.39,30.6,41.0
SEN033,2026-06-09 12:26:11,2026-06-09,17.2,16.8,92.0
SEN004,2026-05-15 21:45:10,2026-05-15,22.5,,61.0
SEN036,2026-07-17 02:54:00,2026-07-17,15.11,23.9,52.0
SEN008,2026-02-10 02:13:09,2026-02-10,38.89,26.42,51.0
SEN019,2026-03-05 15:50:26,2026-03-05,15.6,15.6,90.0
UNKNOWN,2026-07-15 05:31:39,2026-07-15,19.28,15.5,75.0
SEN003,2026-03-24 01:28:01,2026-03-24,31.7,1.9,94.0
SEN030,2026-04-02 10:03:08,2026-04-02,22.72,19.56,41.0
SEN047,2026-07-16 09:51:31,2026-07-16,33.4,18.29,74.0
SEN015,2026-03-17 16:29:55,2026-03-17,29.0,41.4,46.0
SEN038,2026-05-29 14:48:05,2026-05-29,39.11,43.18,95.0
SEN018,2026-06-01 03:32:40,2026-06-01,26.4,19.6,36.0
SEN016,2026-01-27 13:53:07,2026-01-27,34.3,17.27,44.0
SEN007,2026-07-21 23:11:55,2026-07-21,24.89,45.97,56.0
SEN029,2026-04-01 23:40:04,2026-04-01,31.6,,87.0
SEN002,2026-05-24 16:31:00,2026-05-24,34.61,,50.0
SEN002,2026-02-27 01:30:21,2026-02-27,28.78,48.5,64.0
SEN013,2026-04-04 22:39:00,2026-04-04,16.6,5.2,82.0
SEN012,2026-02-28 08:03:50,2026-02-28,38.5,,68.0
SEN020,2026-02-05 04:15:51,2026-02-05,34.0,26.92,53.0
SEN002,2026-05-13 11:54:11,2026-05-13,35.78,6.6,63.0
SEN007,2026-07-09 19:44:00,2026-07-09,26.2,4.2,76.0
SEN047,2026-04-05 17:10:52,2026-04-05,38.7,15.3,87.0
SEN019,2026-08-07 22:22:09,2026-08-07,38.89,27.18,94.0
SEN023,2026-07-26 16:58:46,2026-07-26,38.5,4.83,44.0
SEN050,2026-04-21 00:27:40,2026-04-21,16.4,,55.0
SEN037,2026-04-16 14:08:59,2026-04-16,15.78,24.4,32.0
SEN040,2026-05-23 17:32:10,2026-05-23,22.61,20.2,66.0
SEN042,2026-03-01 10:43:31,2026-03-01,32.0,5.6,59.0
SEN006,2026-07-14 07:53:00,2026-07-14,19.2,15.24,53.0
UNKNOWN,2026-07-23 18:37:53,2026-07-23,20.8,22.0,62.0
SEN048,2026-08-17 06:50:44,2026-08-17,30.11,33.0,
SEN040,2026-03-15 11:53:00,2026-03-15,17.28,39.88,51.0
SEN045,2026-03-05 10:23:53,2026-03-05,25.78,46.5,47.0
SEN001,2026-07-19 17:23:29,2026-07-19,28.5,,80.0
SEN050,2026-01-02 08:10:18,2026-01-02,37.3,14.9,77.0
SEN033,2026-07-20 07:13:24,2026-07-20,15.2,47.2,94.0
SEN028,2026-07-30 05:00:21,2026-07-30,25.9,28.1,81.0
SEN049,2026-08-14 06:27:09,2026-08-14,20.2,,38.0
SEN024,2026-08-29 00:43:10,2026-08-29,29.61,47.6,39.0
SEN035,2026-07-03 00:00:00,2026-07-03,15.22,34.4,56.0
SEN029,2026-07-23 02:18:57,2026-07-23,32.22,49.2,89.0
SEN046,2026-07-22 23:33:38,2026-07-22,32.5,31.6,37.0
SEN041,2026-04-16 05:29:00,2026-04-16,23.4,43.6,54.0
SEN042,2026-06-13 05:06:03,2026-06-13,35.2,30.2,
SEN013,2026-06-11 16:27:23,2026-06-11,33.1,0.25,84.0
UNKNOWN,2026-07-07 11:17:00,2026-07-07,32.8,,63.0
SEN022,2026-03-12 14:02:59,2026-03-12,39.78,21.84,47.0
SEN022,2026-05-01 05:57:21,2026-05-01,34.7,25.65,53.0
UNKNOWN,2026-05-20 17:06:00,2026-05-20,18.61,45.8,70.0
SEN024,2026-07-02 14:46:40,2026-07-02,36.4,,74.0
SEN044,2026-05-25 20:26:13,2026-05-25,18.78,45.5,94.0
SEN006,2026-05-12 21:22:42,2026-05-12,23.0,35.5,79.0
SEN003,2026-04-15 14:59:08,2026-04-15,24.8,,31.0
SEN031,2026-08-27 00:00:00,2026-08-27,20.7,49.1,
SEN003,2026-07-13 06:02:15,2026-07-13,39.72,6.0,73.0
SEN020,2026-01-31 03:20:47,2026-01-31,18.3,,50.0
SEN026,2026-01-10 19:59:51,2026-01-10,33.11,47.75,79.0
SEN027,2026-06-22 16:12:00,2026-06-22,17.39,27.6,68.0
SEN033,2026-03-04 23:57:26,2026-03-04,34.8,25.5,
SEN001,2026-07-17 03:17:00,2026-07-17,22.1,46.48,44.0
SEN040,2026-06-12 09:22:00,2026-06-12,34.6,5.84,
SEN013,2026-02-03 17:07:45,2026-02-03,20.39,17.0,55.0
UNKNOWN,2026-02-23 18:20:36,2026-02-23,36.39,10.4,78.0
SEN001,2026-04-08 02:13:00,2026-04-08,36.78,7.5,94.0
SEN043,2026-06-18 07:51:17,2026-06-18,17.89,25.7,56.0
UNKNOWN,2026-05-26 01:29:31,2026-05-26,34.5,18.7,49.0
SEN019,2026-01-28 11:03:41,2026-01-28,18.7,12.95,81.0
SEN035,2026-05-27 08:04:56,2026-05-27,26.9,5.1,90.0
SEN044,2026-05-13 13:43:42,2026-05-13,18.78,3.81,70.0
SEN025,2026-03-12 10:39:52,2026-03-12,33.4,18.8,74.0
SEN014,2026-04-06 11:49:45,2026-04-06,29.0,45.3,76.0
SEN042,2026-03-05 16:38:40,2026-03-05,17.5,47.3,53.0
SEN020,2026-05-27 06:36:41,2026-05-27,25.2,30.48,81.0
SEN029,2026-01-29 20:31:56,2026-01-29,28.4,33.4,59.0
SEN006,2026-05-06 07:31:20,2026-05-06,34.4,18.54,
SEN034,2026-04-16 14:27:57,2026-04-16,34.3,6.2,76.0
SEN047,2026-03-23 15:14:35,2026-03-23,19.89,13.3,
SEN009,2026-03-01 07:48:16,2026-03-01,24.72,1.0,31.0
SEN044,2026-01-04 08:39:47,2026-01-04,33.78,38.9,94.0
SEN032,2026-03-02 19:11:07,2026-03-02,29.8,27.0,67.0
UNKNOWN,2026-08-04 03:23:18,2026-08-04,15.0,44.3,53.0
SEN045,2026-07-04 01:57:32,2026-07-04,36.9,30.23,44.0
SEN003,2026-09-01 09:52:09,2026-09-01,34.3,47.75,35.0
SEN012,2026-06-05 16:37:26,2026-06-05,28.2,27.43,52.0
SEN015,2026-05-28 05:05:20,2026-05-28,30.6,21.1,
SEN038,2026-08-13 15:42:43,2026-08-13,16.5,,45.0
SEN039,2026-04-04 16:09:00,2026-04-04,25.5,26.1,44.0
SEN019,2026-05-02 11:54:25,2026-05-02,34.1,11.8,68.0
SEN013,2026-03-31 04:23:37,2026-03-31,37.39,18.29,65.0
SEN026,2026-07-23 14:19:56,2026-07-23,36.8,36.83,58.0
SEN009,2026-07-26 15:19:53,2026-07-26,15.8,0.3,46.0
UNKNOWN,2026-02-22 16:37:00,2026-02-22,30.28,35.31,92.0
SEN002,2026-04-24 22:06:09,2026-04-24,40.0,,79.0
SEN008,2026-04-13 13:03:46,2026-04-13,24.89,,91.0
SEN017,2026-05-30 08:11:57,2026-05-30,30.2,35.05,65.0
UNKNOWN,2026-01-19 22:23:54,2026-01-19,37.0,47.9,47.0
SEN015,2026-01-27 19:21:46,2026-01-27,34.4,16.0,58.0
SEN037,2026-06-15 03:56:29,2026-06-15,39.5,35.81,41.0
SEN019,2026-06-03 00:13:25,2026-06-03,21.9,8.38,33.0
SEN047,2026-08-07 23:08:17,2026-08-07,28.72,6.35,49.0
SEN045,2026-08-28 08:04:20,2026-08-28,16.0,10.8,
SEN021,2026-02-20 14:42:56,2026-02-20,15.11,28.6,57.0
SEN001,2026-02-03 15:01:26,2026-02-03,28.2,,38.0
SEN041,2026-03-23 12:51:57,2026-03-23,30.2,29.2,56.0
SEN019,2026-03-28 11:43:06,2026-03-28,30.78,22.8,60.0
SEN010,2026-04-24 23:44:43,2026-04-24,35.78,16.9,59.0
SEN012,2026-04-18 20:39:12,2026-04-18,18.6,,69.0
SEN032,2026-07-28 22:36:29,2026-07-28,37.2,14.73,80.0
SEN039,2026-05-09 15:51:00,2026-05-09,23.78,9.4,
SEN015,2026-02-12 15:57:32,2026-02-12,32.5,14.22,95.0
SEN041,2026-08-01 23:46:25,2026-08-01,17.4,,30.0
SEN019,2026-04-26 00:37:25,2026-04-26,30.1,43.7,49.0
SEN045,2026-07-07 22:21:54,2026-07-07,28.28,18.6,57.0
SEN050,2026-03-30 11:58:31,2026-03-30,38.5,41.8,74.0
SEN025,2026-08-17 11:01:00,2026-08-17,37.5,31.7,95.0
SEN030,2026-01-31 11:30:28,2026-01-31,20.89,33.2,86.0
SEN038,2026-03-23 17:15:04,2026-03-23,36.8,47.4,88.0
SEN016,2026-04-04 13:04:43,2026-04-04,16.0,6.6,57.0
SEN008,2026-07-19 20:03:00,2026-07-19,18.8,17.2,
SEN025,2026-06-20 09:01:20,2026-06-20,34.2,41.2,30.0
SEN002,2026-06-03 23:56:34,2026-06-03,28.0,,92.0
SEN027,2026-06-21 15:02:33,2026-06-21,18.6,32.6,
SEN021,2026-02-05 20:36:38,2026-02-05,29.28,20.9,48.0
SEN020,2026-05-06 01:32:52,2026-05-06,35.89,36.5,
SEN040,2026-02-14 13:09:13,2026-02-14,28.61,10.1,95.0
SEN029,2026-06-06 16:30:42,2026-06-06,39.9,44.45,39.0
SEN025,2026-01-25 19:27:28,2026-01-25,39.72,39.3,33.0
UNKNOWN,2026-08-18 21:59:59,2026-08-18,38.6,49.6,44.0
SEN007,2026-07-21 13:33:51,2026-07-21,30.7,4.0,94.0
SEN023,2026-01-07 02:40:10,2026-01-07,37.39,9.0,50.0
SEN011,2026-08-21 04:22:40,2026-08-21,23.22,13.3,85.0
SEN027,2026-01-09 19:27:07,2026-01-09,31.3,19.3,87.0
SEN008,2026-06-25 08:17:52,2026-06-25,36.4,46.1,34.0
SEN032,2026-01-30 12:44:48,2026-01-30,30.8,,56.0
SEN016,2026-05-31 22:12:27,2026-05-31,20.1,46.3,90.0
SEN001,2026-02-19 20:57:24,2026-02-19,33.89,34.8,70.0
SEN010,2026-05-08 10:33:41,2026-05-08,31.7,31.0,33.0
SEN022,2026-09-04 02:44:52,2026-09-04,23.78,12.45,83.0
SEN014,2026-06-09 14:59:08,2026-06-09,21.61,28.0,90.0
SEN036,2026-05-01 16:09:39,2026-05-01,23.2,43.18,34.0
SEN019,2026-04-01 07:48:03,2026-04-01,25.5,20.7,55.0
SEN016,2026-08-19 17:12:00,2026-08-19,37.0,17.02,63.0
SEN048,2026-04-11 12:01:35,2026-04-11,26.39,15.1,51.0
SEN039,2026-04-03 17:09:55,2026-04-03,26.1,11.8,86.0
SEN044,2026-02-08 06:06:06,2026-02-08,19.6,,50.0
SEN026,2026-01-04 20:54:26,2026-01-04,19.28,19.3,72.0
SEN050,2026-05-18 23:48:58,2026-05-18,26.78,9.91,73.0
SEN020,2026-02-28 08:23:37,2026-02-28,15.11,36.58,43.0
SEN050,2026-09-09 18:28:32,2026-09-09,25.1,35.56,34.0
SEN009,2026-01-31 19:05:02,2026-01-31,33.5,2.0,92.0
SEN048,2026-05-13 07:12:53,2026-05-13,36.2,26.2,59.0
SEN042,2026-03-04 21:33:42,2026-03-04,36.28,,50.0
SEN024,2026-02-21 15:04:02,2026-02-21,31.4,22.9,50.0
SEN019,2026-05-03 13:31:00,2026-05-03,16.0,,53.0
SEN008,2026-07-23 12:57:16,2026-07-23,36.39,27.94,65.0
SEN009,2026-03-29 06:26:10,2026-03-29,22.7,,
SEN048,2026-05-12 22:13:32,2026-05-12,26.8,29.5,75.0
SEN008,2026-06-23 20:53:00,2026-06-23,20.0,,
SEN032,2026-02-15 21:44:48,2026-02-15,17.61,12.0,
SEN040,2026-03-13 02:13:00,2026-03-13,22.3,36.7,47.0
SEN021,2026-05-12 02:01:52,2026-05-12,36.0,49.0,49.0
SEN006,2026-05-23 21:26:58,2026-05-23,35.22,15.5,65.0
SEN036,2026-07-01 23:25:12,2026-07-01,27.61,5.3,80.0
SEN031,2026-04-02 23:46:00,2026-04-02,21.3,22.6,61.0
SEN023,2026-02-20 23:54:20,2026-02-20,26.61,,91.0
SEN019,2026-01-22 10:48:26,2026-01-22,26.78,48.5,40.0
SEN021,2026-01-11 22:02:12,2026-01-11,36.78,17.3,
SEN040,2026-04-22 03:00:53,2026-04-22,32.5,8.6,
SEN037,2026-03-19 08:06:52,2026-03-19,15.1,19.6,46.0
SEN008,2026-05-18 14:39:44,2026-05-18,39.89,,50.0
SEN045,2026-07-09 19:49:01,2026-07-09,17.3,25.8,31.0
SEN014,2026-07-12 19:50:49,2026-07-12,32.2,4.7,88.0
SEN008,2026-09-01 11:05:14,2026-09-01,23.22,32.2,34.0
SEN019,2026-07-27 07:46:42,2026-07-27,23.61,13.9,85.0
SEN031,2026-05-29 21:27:00,2026-05-29,39.72,,35.0
UNKNOWN,2026-05-09 15:26:15,2026-05-09,39.0,36.58,66.0
SEN019,2026-01-28 18:39:16,2026-01-28,17.78,25.91,
SEN046,2026-01-27 19:48:48,2026-01-27,38.6,13.7,91.0
SEN011,2026-02-17 10:31:15,2026-02-17,31.11,40.6,39.0
SEN018,2026-04-22 20:01:13,2026-04-22,17.22,42.67,72.0
SEN029,2026-01-05 03:59:17,2026-01-05,26.9,43.94,78.0
SEN034,2026-03-12 02:04:20,2026-03-12,20.7,39.4,76.0
SEN020,2026-01-29 18:27:00,2026-01-29,35.78,16.1,
SEN044,2026-05-25 11:03:30,2026-05-25,15.7,23.1,94.0
SEN047,2026-04-05 16:41:57,2026-04-05,16.39,37.5,50.0
SEN023,2026-06-26 01:25:44,2026-06-26,22.8,18.1,67.0
SEN030,2026-03-07 21:57:13,2026-03-07,38.28,3.8,44.0
SEN037,2026-07-08 00:14:43,2026-07-08,32.1,6.5,64.0
SEN002,2026-03-16 00:00:00,2026-03-16,28.72,16.7,77.0
SEN016,2026-07-15 15:28:00,2026-07-15,33.9,29.8,47.0
UNKNOWN,2026-05-21 04:48:58,2026-05-21,28.89,8.89,76.0
SEN012,2026-09-01 12:49:31,2026-09-01,20.39,21.7,53.0
SEN044,2026-02-07 22:17:29,2026-02-07,33.89,18.1,72.0
SEN048,2026-05-16 12:39:06,2026-05-16,25.2,39.1,93.0
SEN007,2026-08-28 02:35:47,2026-08-28,18.7,25.8,51.0
SEN005,2026-05-08 01:38:24,2026-05-08,33.72,28.7,71.0
SEN020,2026-06-18 19:42:49,2026-06-18,38.0,18.03,50.0
SEN002,2026-03-02 10:19:26,2026-03-02,15.78,17.27,47.0
SEN047,2026-07-06 09:58:17,2026-07-06,31.1,0.4,
SEN023,2026-07-23 08:51:47,2026-07-23,19.11,45.47,37.0
SEN020,2026-04-06 00:07:51,2026-04-06,15.89,5.84,58.0
UNKNOWN,2026-04-01 14:27:58,2026-04-01,16.22,20.7,37.0
SEN022,2026-08-30 15:17:13,2026-08-30,35.0,16.0,52.0
SEN038,2026-03-24 21:57:15,2026-03-24,31.2,3.2,54.0
SEN048,2026-01-06 11:20:06,2026-01-06,28.72,28.2,77.0
SEN043,2026-02-28 13:23:00,2026-02-28,21.9,49.5,93.0
SEN035,2026-05-30 13:37:05,2026-05-30,35.6,45.6,95.0
SEN009,2026-06-05 17:22:53,2026-06-05,36.2,,36.0
SEN046,2026-07-17 07:29:57,2026-07-17,18.72,48.7,93.0
SEN031,2026-06-25 17:43:00,2026-06-25,15.28,43.0,32.0
SEN026,2026-05-24 09:17:00,2026-05-24,23.7,,89.0
SEN029,2026-02-07 08:55:42,2026-02-07,16.6,,47.0
SEN019,2026-03-09 22:31:16,2026-03-09,18.7,,69.0
SEN034,2026-03-24 17:28:24,2026-03-24,20.8,46.6,37.0
SEN050,2026-02-09 02:31:02,2026-02-09,22.2,18.8,65.0
SEN028,2026-07-13 17:01:01,2026-07-13,39.2,8.38,45.0
SEN028,2026-01-19 17:53:59,2026-01-19,16.7,46.4,92.0
SEN043,2026-03-10 16:01:37,2026-03-10,31.0,17.9,47.0
UNKNOWN,2026-04-29 09:36:15,2026-04-29,34.61,19.3,39.0
SEN020,2026-07-07 16:04:54,2026-07-07,28.0,13.6,35.0
SEN036,2026-05-01 09:51:26,2026-05-01,17.5,41.91,83.0
SEN033,2026-08-04 01:04:51,2026-08-04,34.0,20.32,
SEN016,2026-01-17 13:37:12,2026-01-17,29.72,30.5,34.0
SEN010,2026-09-01 07:12:27,2026-09-01,32.72,5.1,
SEN014,2026-08-21 01:11:04,2026-08-21,33.9,29.97,34.0
SEN034,2026-08-15 07:45:46,2026-08-15,21.6,42.6,
SEN010,2026-07-08 23:45:00,2026-07-08,32.72,44.7,47.0
SEN008,2026-02-01 02:58:01,2026-02-01,38.39,8.38,69.0
SEN046,2026-05-02 16:10:38,2026-05-02,31.61,13.46,52.0
SEN003,2026-08-17 10:22:35,2026-08-17,36.0,5.84,72.0
SEN017,2026-04-11 08:22:53,2026-04-11,18.28,31.24,58.0
SEN048,2026-06-29 01:58:11,2026-06-29,21.2,,60.0
SEN015,2026-07-08 22:48:16,2026-07-08,30.5,5.59,89.0
SEN050,2026-07-14 08:44:00,2026-07-14,26.1,28.3,35.0
SEN019,2026-06-29 16:16:43,2026-06-29,37.39,26.92,36.0
SEN045,2026-04-22 12:05:47,2026-04-22,37.61,22.2,36.0
SEN029,2026-08-07 03:43:00,2026-08-07,22.61,46.48,
SEN021,2026-04-19 19:34:41,2026-04-19,38.89,17.53,
SEN018,2026-07-04 11:17:44,2026-07-04,23.0,5.1,84.0
SEN037,2026-03-27 16:54:21,2026-03-27,22.61,38.0,73.0
UNKNOWN,2026-05-11 21:56:00,2026-05-11,28.3,26.2,35.0
SEN002,2026-07-12 00:03:29,2026-07-12,21.4,,68.0
SEN016,2026-09-07 13:52:29,2026-09-07,24.1,28.5,35.0
SEN041,2026-05-04 07:09:00,2026-05-04,22.72,,41.0
SEN023,2026-06-24 12:32:58,2026-06-24,17.9,37.85,77.0
SEN031,2026-03-26 15:17:35,2026-03-26,17.7,,38.0
SEN013,2026-03-05 21:09:54,2026-03-05,34.61,48.77,70.0
SEN029,2026-05-15 07:01:46,2026-05-15,21.5,40.9,33.0
SEN017,2026-05-20 00:00:00,2026-05-20,33.8,45.6,31.0
SEN003,2026-03-03 11:47:49,2026-03-03,20.0,2.1,94.0
SEN046,2026-08-05 11:11:15,2026-08-05,39.89,46.9,69.0
SEN007,2026-08-03 23:26:02,2026-08-03,26.78,27.9,93.0
SEN050,2026-03-08 01:28:26,2026-03-08,18.1,20.6,69.0
SEN041,2026-04-19 13:24:20,2026-04-19,28.28,1.9,31.0
SEN023,2026-09-07 16:20:08,2026-09-07,35.9,18.0,60.0
SEN012,2026-04-17 23:45:23,2026-04-17,39.7,10.3,51.0
SEN018,2026-08-31 14:05:55,2026-08-31,27.8,33.53,82.0
SEN002,2026-04-07 03:32:17,2026-04-07,36.0,42.93,60.0
SEN007,2026-05-19 20:59:42,2026-05-19,16.0,39.1,48.0
SEN049,2026-04-25 01:46:23,2026-04-25,27.78,32.7,80.0
SEN031,2026-04-04 20:46:34,2026-04-04,26.8,,40.0
SEN046,2026-01-31 16:42:32,2026-01-31,30.39,,76.0
SEN002,2026-08-27 03:08:18,2026-08-27,30.9,15.1,
SEN016,2026-05-24 03:54:06,2026-05-24,29.89,,90.0
SEN024,2026-08-06 04:32:24,2026-08-06,34.28,14.6,32.0
SEN001,2026-05-27 16:55:20,2026-05-27,34.2,4.0,
SEN047,2026-04-26 06:12:15,2026-04-26,27.2,49.78,92.0
SEN011,2026-06-17 10:48:51,2026-06-17,26.8,46.4,
SEN017,2026-03-04 06:57:18,2026-03-04,37.78,26.2,68.0
SEN005,2026-06-27 11:05:51,2026-06-27,15.7,37.2,74.0
SEN030,2026-04-21 22:43:53,2026-04-21,19.7,8.4,72.0
SEN036,2026-06-26 15:23:10,2026-06-26,29.61,10.41,48.0
SEN035,2026-06-12 02:42:45,2026-06-12,34.39,39.7,70.0
SEN042,2026-03-24 17:28:09,2026-03-24,36.72,9.5,65.0
SEN032,2026-05-16 22:45:58,2026-05-16,30.0,36.8,38.0
SEN024,2026-09-07 01:30:06,2026-09-07,35.9,47.2,90.0
UNKNOWN,2026-06-20 18:29:54,2026-06-20,31.1,27.5,34.0
SEN011,2026-03-28 14:32:01,2026-03-28,39.11,,70.0
SEN037,2026-07-29 23:43:32,2026-07-29,29.9,48.01,84.0
SEN042,2026-01-12 15:02:04,2026-01-12,20.5,25.6,39.0
SEN002,2026-05-29 15:53:46,2026-05-29,33.11,1.9,87.0
SEN024,2026-02-02 03:08:41,2026-02-02,31.7,48.7,91.0
UNKNOWN,2026-06-11 22:37:03,2026-06-11,28.0,9.9,54.0
SEN045,2026-02-14 14:45:45,2026-02-14,21.7,37.7,58.0
SEN039,2026-02-10 18:37:28,2026-02-10,21.2,29.4,73.0
SEN037,2026-08-14 17:15:51,2026-08-14,29.72,33.8,87.0
SEN037,2026-05-19 19:36:38,2026-05-19,16.4,,45.0
SEN009,2026-05-24 20:35:34,2026-05-24,38.0,25.1,
SEN026,2026-06-22 19:07:00,2026-06-22,28.4,28.19,86.0
SEN002,2026-06-01 18:37:13,2026-06-01,38.5,42.16,75.0
SEN049,2026-01-11 11:47:00,2026-01-11,39.4,41.7,54.0
SEN038,2026-01-17 01:27:04,2026-01-17,32.89,,34.0
SEN043,2026-04-28 02:56:40,2026-04-28,25.4,1.78,43.0
SEN005,2026-05-22 12:51:00,2026-05-22,27.28,10.9,
SEN017,2026-09-09 09:10:00,2026-09-09,35.72,27.5,31.0
SEN046,2026-05-22 16:44:36,2026-05-22,23.6,4.83,63.0
SEN044,2026-03-06 04:55:00,2026-03-06,22.61,48.9,66.0
SEN003,2026-04-19 03:35:31,2026-04-19,28.3,22.3,31.0
SEN021,2026-06-27 23:58:19,2026-06-27,25.9,18.9,68.0
SEN008,2026-04-17 07:06:47,2026-04-17,32.6,47.2,81.0
UNKNOWN,2026-03-31 08:27:57,2026-03-31,27.78,,67.0
SEN024,2026-02-05 19:43:49,2026-02-05,23.78,14.9,87.0
SEN007,2026-08-02 12:38:59,2026-08-02,32.1,13.5,38.0
SEN050,2026-08-22 22:00:55,2026-08-22,27.5,23.1,72.0
UNKNOWN,2026-06-29 07:36:05,2026-06-29,26.89,36.1,42.0
SEN009,2026-06-24 08:55:31,2026-06-24,36.3,20.9,
SEN027,2026-06-24 10:35:33,2026-06-24,35.8,43.1,56.0
SEN027,2026-04-20 23:03:57,2026-04-20,28.5,31.2,34.0
SEN017,2026-01-25 19:43:05,2026-01-25,36.4,17.8,41.0
SEN015,2026-08-01 05:23:05,2026-08-01,29.89,30.23,61.0
SEN009,2026-02-05 22:58:21,2026-02-05,16.1,,61.0
SEN045,2026-07-05 02:07:06,2026-07-05,20.7,32.7,66.0
SEN026,2026-08-13 17:58:46,2026-08-13,39.5,31.3,92.0
SEN009,2026-04-29 20:21:31,2026-04-29,28.9,3.1,
SEN038,2026-05-10 02:11:33,2026-05-10,17.7,30.0,31.0
SEN047,2026-05-01 10:48:27,2026-05-01,31.1,38.6,40.0
SEN003,2026-07-24 18:36:22,2026-07-24,23.6,27.43,42.0
SEN009,2026-04-15 16:41:57,2026-04-15,19.5,19.05,40.0
SEN045,2026-04-10 20:08:09,2026-04-10,29.7,9.9,63.0
SEN046,2026-01-23 14:33:36,2026-01-23,38.4,,53.0
SEN007,2026-08-21 20:02:11,2026-08-21,37.4,39.88,60.0
SEN046,2026-04-23 12:14:39,2026-04-23,30.22,7.8,91.0
SEN004,2026-07-30 12:30:19,2026-07-30,35.1,46.99,60.0
SEN026,2026-05-26 06:40:19,2026-05-26,32.9,39.6,53.0
SEN032,2026-05-24 08:01:06,2026-05-24,22.1,,84.0
SEN030,2026-04-07 23:07:42,2026-04-07,21.0,0.2,84.0
UNKNOWN,2026-04-25 20:25:09,2026-04-25,31.1,4.3,
SEN023,2026-08-04 13:27:07,2026-08-04,37.72,,65.0
SEN029,2026-08-31 22:15:20,2026-08-31,34.5,34.0,32.0
SEN002,2026-04-16 12:44:09,2026-04-16,30.7,40.2,75.0
SEN012,2026-06-18 00:00:00,2026-06-18,21.89,44.1,38.0
SEN014,2026-06-06 07:34:17,2026-06-06,39.6,12.19,51.0
SEN033,2026-09-02 01:23:21,2026-09-02,29.39,14.73,38.0
SEN004,2026-02-12 21:30:13,2026-02-12,15.0,,54.0
SEN044,2026-03-21 04:42:11,2026-03-21,32.6,0.5,38.0
SEN049,2026-06-25 19:51:25,2026-06-25,26.3,16.2,80.0
UNKNOWN,2026-02-14 09:08:07,2026-02-14,34.7,8.6,60.0
SEN014,2026-04-04 18:37:23,2026-04-04,26.1,7.3,49.0
SEN037,2026-01-30 10:58:55,2026-01-30,24.4,42.2,92.0
SEN015,2026-02-10 03:27:25,2026-02-10,28.2,,84.0
SEN036,2026-08-02 17:15:47,2026-08-02,34.1,27.9,51.0
SEN013,2026-01-01 04:14:56,2026-01-01,30.4,39.12,60.0
SEN018,2026-08-13 09:18:25,2026-08-13,30.8,12.6,34.0
UNKNOWN,2026-07-17 23:49:29,2026-07-17,19.11,44.1,30.0
SEN035,2026-05-07 00:24:18,2026-05-07,28.89,33.6,63.0
SEN034,2026-08-06 05:30:06,2026-08-06,21.5,15.3,87.0
SEN036,2026-08-14 07:34:38,2026-08-14,21.9,1.2,57.0
UNKNOWN,2026-09-06 01:00:31,2026-09-06,29.5,41.5,83.0
SEN039,2026-04-17 01:48:00,2026-04-17,33.39,42.0,78.0
SEN016,2026-08-25 05:51:58,2026-08-25,25.0,47.8,48.0
SEN030,2026-03-03 18:08:35,2026-03-03,22.8,8.38,35.0
SEN034,2026-06-04 04:14:30,2026-06-04,19.6,46.99,66.0
SEN023,2026-05-18 12:58:08,2026-05-18,17.8,44.7,34.0
UNKNOWN,2026-06-19 16:20:20,2026-06-19,26.5,23.4,41.0
SEN012,2026-04-05 22:51:00,2026-04-05,36.5,28.0,33.0
SEN026,2026-08-09 05:15:22,2026-08-09,36.89,15.8,46.0
SEN032,2026-02-19 16:32:17,2026-02-19,35.2,34.3,33.0
SEN049,2026-09-04 21:50:00,2026-09-04,16.9,22.7,59.0
SEN041,2026-06-09 16:27:33,2026-06-09,38.89,39.5,43.0
SEN040,2026-08-29 09:03:43,2026-08-29,18.72,50.0,43.0
SEN019,2026-07-15 12:14:00,2026-07-15,23.39,14.99,
SEN002,2026-07-10 23:29:44,2026-07-10,23.1,41.15,90.0
SEN013,2026-08-31 02:24:03,2026-08-31,20.2,3.1,34.0
SEN050,2026-07-15 03:21:56,2026-07-15,25.6,38.6,49.0
SEN044,2026-05-18 03:09:50,2026-05-18,33.6,4.5,91.0
SEN022,2026-05-20 19:16:03,2026-05-20,23.0,5.0,50.0
SEN027,2026-05-31 11:53:16,2026-05-31,29.0,16.0,86.0
SEN011,2026-01-20 09:35:56,2026-01-20,31.28,24.7,81.0
SEN049,2026-04-04 20:42:48,2026-04-04,36.1,6.1,84.0
SEN017,2026-07-10 23:06:53,2026-07-10,36.22,12.3,
SEN008,2026-04-12 04:11:51,2026-04-12,32.39,43.2,80.0
SEN048,2026-05-05 15:41:02,2026-05-05,20.39,,77.0
SEN024,2026-03-27 02:13:06,2026-03-27,34.89,,81.0
SEN034,2026-07-04 02:34:52,2026-07-04,22.5,15.1,62.0
SEN023,2026-04-01 05:40:07,2026-04-01,19.4,5.2,33.0
SEN038,2026-05-22 15:16:11,2026-05-22,15.4,39.62,93.0
SEN022,2026-08-30 00:00:00,2026-08-30,24.0,13.46,73.0
SEN007,2026-06-23 19:18:29,2026-06-23,26.39,11.18,
SEN020,2026-02-01 20:49:12,2026-02-01,18.3,9.3,61.0
SEN014,2026-02-13 00:45:17,2026-02-13,37.0,41.4,
SEN008,2026-08-19 23:57:15,2026-08-19,20.11,32.3,41.0
SEN034,2026-07-24 14:30:11,2026-07-24,35.61,41.1,70.0
SEN024,2026-08-04 04:16:47,2026-08-04,33.3,16.26,34.0
SEN046,2026-03-19 12:42:23,2026-03-19,17.72,40.8,93.0
SEN009,2026-06-26 07:06:19,2026-06-26,30.5,47.24,78.0
SEN026,2026-08-31 10:38:18,2026-08-31,33.6,13.1,64.0
UNKNOWN,2026-04-26 11:04:10,2026-04-26,30.2,11.7,45.0
SEN001,2026-07-11 03:33:52,2026-07-11,25.5,17.02,
SEN021,2026-08-23 16:49:00,2026-08-23,19.8,27.0,95.0
SEN048,2026-03-08 21:08:52,2026-03-08,21.3,15.7,31.0
SEN017,2026-06-19 20:45:00,2026-06-19,34.2,35.6,
SEN048,2026-03-17 14:51:27,2026-03-17,22.78,,
SEN010,2026-08-18 08:44:40,2026-08-18,35.8,30.7,77.0
SEN041,2026-07-01 15:19:32,2026-07-01,26.28,7.11,71.0
SEN023,2026-03-04 19:43:09,2026-03-04,16.9,5.1,79.0
SEN039,2026-05-29 03:24:59,2026-05-29,38.61,15.9,60.0
SEN043,2026-03-11 14:59:31,2026-03-11,29.7,29.0,90.0
SEN038,2026-05-31 14:28:07,2026-05-31,35.9,23.37,77.0
UNKNOWN,2026-05-13 01:38:17,2026-05-13,16.11,,30.0
SEN004,2026-06-24 09:34:08,2026-06-24,29.89,36.83,43.0
SEN045,2026-07-22 14:25:00,2026-07-22,37.39,22.0,43.0
SEN049,2026-04-01 06:10:00,2026-04-01,39.1,11.1,46.0
SEN015,2026-02-01 16:34:41,2026-02-01,39.39,36.8,70.0
SEN034,2026-07-04 18:33:37,2026-07-04,24.0,39.4,59.0
SEN002,2026-06-26 08:25:33,2026-06-26,33.28,,
SEN030,2026-07-26 15:25:05,2026-07-26,31.9,36.5,33.0
UNKNOWN,2026-01-30 14:47:36,2026-01-30,27.8,45.4,39.0
SEN004,2026-09-08 00:37:28,2026-09-08,23.72,27.94,76.0
SEN044,2026-04-24 06:58:11,2026-04-24,34.0,32.6,78.0
SEN039,2026-06-26 01:14:39,2026-06-26,15.28,5.2,76.0
SEN040,2026-08-28 23:22:19,2026-08-28,15.4,,81.0
SEN012,2026-04-23 19:25:23,2026-04-23,27.61,0.3,
SEN026,2026-07-04 18:45:29,2026-07-04,33.5,29.1,64.0
SEN007,2026-04-08 05:23:00,2026-04-08,23.8,45.5,55.0
SEN050,2026-05-23 19:03:20,2026-05-23,35.1,7.4,49.0
SEN022,2026-07-02 16:37:26,2026-07-02,39.28,35.3,83.0
SEN030,2026-07-26 18:50:50,2026-07-26,21.89,22.6,55.0
UNKNOWN,2026-01-09 08:51:59,2026-01-09,28.1,16.0,73.0
SEN008,2026-06-08 03:09:49,2026-06-08,29.0,9.8,62.0
SEN025,2026-07-19 07:03:16,2026-07-19,15.5,33.2,84.0
UNKNOWN,2026-02-26 03:33:42,2026-02-26,20.3,46.23,68.0
SEN007,2026-01-10 06:40:25,2026-01-10,30.7,26.2,
UNKNOWN,2026-01-08 11:24:37,2026-01-08,34.9,35.81,
SEN005,2026-03-09 01:23:39,2026-03-09,34.7,12.7,31.0
UNKNOWN,2026-06-26 21:19:33,2026-06-26,31.9,,84.0
SEN033,2026-02-16 16:33:50,2026-02-16,22.3,32.2,81.0
SEN012,2026-05-06 08:50:15,2026-05-06,35.89,42.67,
SEN040,2026-07-23 15:20:50,2026-07-23,17.11,27.8,80.0
SEN046,2026-06-08 15:59:06,2026-06-08,29.2,21.8,
SEN019,2026-06-27 07:53:11,2026-06-27,19.4,47.5,52.0
SEN021,2026-05-05 11:16:37,2026-05-05,17.7,11.68,89.0
SEN025,2026-02-05 05:05:05,2026-02-05,32.72,48.26,92.0
SEN033,2026-04-14 23:25:44,2026-04-14,18.0,1.52,38.0
SEN009,2026-07-01 13:31:32,2026-07-01,29.2,42.93,45.0
SEN026,2026-03-15 23:46:59,2026-03-15,20.5,23.4,34.0
SEN032,2026-05-06 20:13:07,2026-05-06,35.1,31.8,35.0
SEN031,2026-08-03 09:51:59,2026-08-03,21.1,,74.0
SEN029,2026-08-03 21:24:50,2026-08-03,20.39,39.9,47.0
SEN035,2026-08-31 14:40:57,2026-08-31,19.9,28.96,86.0
SEN048,2026-04-07 01:20:34,2026-04-07,17.11,27.18,34.0
SEN027,2026-07-27 15:30:49,2026-07-27,27.5,34.7,80.0
SEN043,2026-03-26 03:57:07,2026-03-26,31.4,46.8,72.0
SEN002,2026-03-14 23:50:17,2026-03-14,26.28,5.1,94.0
SEN017,2026-09-06 22:57:25,2026-09-06,18.8,40.39,31.0
SEN041,2026-02-19 16:11:29,2026-02-19,30.28,14.73,43.0
SEN005,2026-09-03 07:41:21,2026-09-03,24.61,30.1,88.0
UNKNOWN,2026-02-28 02:59:26,2026-02-28,16.6,,30.0
SEN030,2026-08-18 14:17:53,2026-08-18,24.72,10.4,41.0
SEN031,2026-03-24 02:50:27,2026-03-24,26.4,36.6,85.0
SEN031,2026-06-14 06:06:55,2026-06-14,27.9,30.3,33.0
SEN009,2026-04-30 22:09:14,2026-04-30,33.8,,55.0
SEN045,2026-02-28 21:41:07,2026-02-28,22.7,4.3,60.0
SEN034,2026-06-12 23:11:00,2026-06-12,24.28,19.3,58.0
SEN004,2026-05-16 06:06:37,2026-05-16,20.5,35.6,45.0
SEN006,2026-03-16 18:32:20,2026-03-16,28.5,44.8,66.0
UNKNOWN,2026-03-11 17:52:28,2026-03-11,36.8,10.8,64.0
SEN014,2026-01-19 13:54:11,2026-01-19,17.3,32.0,76.0
SEN013,2026-01-25 07:08:46,2026-01-25,34.6,17.4,40.0
SEN004,2026-03-01 22:31:15,2026-03-01,37.1,10.5,78.0
SEN028,2026-06-24 12:54:24,2026-06-24,30.11,23.88,
SEN018,2026-02-06 00:31:57,2026-02-06,21.5,37.85,49.0
SEN035,2026-08-14 19:15:26,2026-08-14,23.61,10.5,86.0
SEN017,2026-02-19 03:42:59,2026-02-19,38.8,6.86,35.0
SEN022,2026-06-21 03:47:53,2026-06-21,26.89,47.1,
SEN004,2026-06-22 23:25:39,2026-06-22,37.9,25.1,88.0
SEN026,2026-01-02 18:08:23,2026-01-02,19.2,,35.0
SEN015,2026-07-21 06:31:05,2026-07-21,34.1,10.1,77.0
SEN031,2026-03-30 00:00:00,2026-03-30,27.5,18.4,84.0
SEN013,2026-07-05 16:21:41,2026-07-05,28.2,37.59,37.0
SEN031,2026-05-17 17:14:04,2026-05-17,32.4,,61.0
SEN016,2026-01-10 13:55:00,2026-01-10,35.39,,82.0
SEN016,2026-06-22 04:07:05,2026-06-22,34.22,,65.0
SEN024,2026-05-04 11:56:24,2026-05-04,15.3,41.6,60.0
UNKNOWN,2026-05-04 13:50:32,2026-05-04,30.78,40.3,93.0
SEN006,2026-02-07 15:55:23,2026-02-07,15.6,31.9,50.0
SEN037,2026-01-29 19:44:26,2026-01-29,20.0,15.49,95.0
SEN027,2026-02-23 19:24:43,2026-02-23,31.39,7.1,
SEN046,2026-03-05 04:57:19,2026-03-05,27.9,39.62,37.0
SEN003,2026-01-30 09:15:00,2026-01-30,19.7,28.5,82.0
SEN008,2026-06-02 01:49:55,2026-06-02,39.5,5.0,88.0
SEN039,2026-02-02 19:45:23,2026-02-02,26.7,18.54,83.0
SEN021,2026-05-24 06:42:44,2026-05-24,16.11,25.4,55.0
SEN039,2026-06-08 05:59:55,2026-06-08,19.61,,46.0
SEN048,2026-03-10 04:40:38,2026-03-10,24.5,,40.0
SEN044,2026-04-27 17:02:01,2026-04-27,17.89,15.9,54.0
SEN003,2026-05-01 13:03:43,2026-05-01,21.6,31.3,61.0
SEN041,2026-04-08 05:23:30,2026-04-08,20.1,19.9,31.0
SEN039,2026-01-15 22:08:11,2026-01-15,26.8,,83.0
SEN050,2026-06-16 00:29:24,2026-06-16,39.72,21.7,41.0
SEN015,2026-08-04 15:02:39,2026-08-04,24.6,43.4,60.0
SEN002,2026-04-26 00:39:57,2026-04-26,29.39,2.8,47.0
SEN002,2026-04-26 18:05:40,2026-04-26,23.5,,36.0
SEN045,2026-02-14 13:09:46,2026-02-14,15.5,4.2,57.0
SEN013,2026-06-02 05:50:48,2026-06-02,24.22,0.3,37.0
SEN035,2026-06-18 07:48:18,2026-06-18,19.1,10.4,39.0
SEN004,2026-08-10 11:45:07,2026-08-10,25.4,14.48,64.0
SEN025,2026-06-13 10:04:23,2026-06-13,33.6,,63.0
SEN020,2026-04-13 09:30:54,2026-04-13,38.22,28.19,78.0
UNKNOWN,2026-03-09 02:28:19,2026-03-09,29.8,,36.0
SEN039,2026-04-18 19:23:08,2026-04-18,30.5,14.2,52.0
SEN031,2026-07-31 03:20:31,2026-07-31,32.6,38.6,32.0
SEN043,2026-08-08 21:29:53,2026-08-08,28.1,18.7,
SEN016,2026-03-25 11:49:13,2026-03-25,16.5,32.1,76.0
SEN019,2026-08-22 18:44:08,2026-08-22,25.8,39.37,61.0
SEN050,2026-04-07 11:59:00,2026-04-07,28.3,21.9,66.0
SEN011,2026-08-06 06:53:54,2026-08-06,21.4,19.0,73.0
SEN012,2026-07-07 05:11:31,2026-07-07,30.22,43.69,61.0
SEN050,2026-02-03 06:08:20,2026-02-03,25.5,,95.0
UNKNOWN,2026-06-11 10:24:57,2026-06-11,30.78,,51.0
SEN001,2026-02-12 06:02:41,2026-02-12,24.61,37.8,30.0
SEN011,2026-05-10 02:46:41,2026-05-10,36.5,15.7,46.0
SEN007,2026-06-13 21:42:35,2026-06-13,18.11,48.4,79.0
SEN009,2026-04-13 06:34:20,2026-04-13,21.89,46.48,55.0
SEN007,2026-02-01 12:01:03,2026-02-01,22.3,28.8,82.0
SEN004,2026-04-03 05:04:45,2026-04-03,36.1,,91.0
SEN020,2026-03-07 02:45:07,2026-03-07,27.72,29.7,54.0
SEN047,2026-08-01 19:37:08,2026-08-01,39.3,16.26,37.0
SEN030,2026-02-21 10:46:21,2026-02-21,39.0,41.8,
SEN031,2026-04-25 16:43:46,2026-04-25,35.11,46.99,86.0
SEN048,2026-07-31 05:16:38,2026-07-31,29.22,34.8,48.0
SEN046,2026-05-25 18:25:59,2026-05-25,38.78,,
UNKNOWN,2026-01-02 11:36:28,2026-01-02,23.11,22.1,73.0
SEN039,2026-04-02 10:46:16,2026-04-02,15.3,18.8,45.0
SEN029,2026-04-26 00:29:30,2026-04-26,32.9,15.6,70.0
UNKNOWN,2026-01-09 23:03:01,2026-01-09,23.4,,54.0
SEN034,2026-03-19 15:23:19,2026-03-19,16.9,,50.0
SEN038,2026-06-06 21:40:26,2026-06-06,19.3,31.8,45.0
SEN047,2026-01-26 18:36:19,2026-01-26,15.3,11.18,40.0
SEN005,2026-01-05 12:09:21,2026-01-05,23.1,,41.0
SEN022,2026-08-19 17:41:55,2026-08-19,16.2,10.0,62.0
SEN048,2026-02-17 03:39:29,2026-02-17,37.9,36.58,80.0
SEN005,2026-04-07 06:18:23,2026-04-07,35.1,49.78,83.0
SEN026,2026-03-13 05:18:42,2026-03-13,36.11,17.2,30.0
SEN042,2026-04-26 04:10:21,2026-04-26,21.4,38.61,30.0
SEN020,2026-06-13 23:27:34,2026-06-13,31.0,9.14,57.0
SEN010,2026-03-26 05:59:39,2026-03-26,17.7,10.16,89.0
SEN004,2026-04-23 05:19:03,2026-04-23,19.3,1.02,54.0
SEN040,2026-07-19 12:28:17,2026-07-19,26.61,,37.0
SEN032,2026-05-07 12:16:16,2026-05-07,16.5,26.42,83.0
SEN043,2026-07-20 12:47:46,2026-07-20,19.2,2.5,66.0
SEN034,2026-07-20 03:40:40,2026-07-20,25.0,31.1,62.0
SEN018,2026-08-25 09:54:37,2026-08-25,26.0,,93.0
SEN022,2026-04-12 14:23:27,2026-04-12,19.2,36.32,76.0
SEN042,2026-04-25 08:12:55,2026-04-25,21.9,22.1,68.0
SEN024,2026-03-30 10:34:02,2026-03-30,28.78,9.14,62.0
SEN011,2026-01-22 06:20:41,2026-01-22,20.89,,42.0
SEN003,2026-09-02 11:11:48,2026-09-02,26.61,19.1,61.0
SEN031,2026-01-30 12:20:50,2026-01-30,17.11,36.58,31.0
SEN005,2026-01-06 15:10:07,2026-01-06,24.8,36.32,76.0
SEN029,2026-06-28 17:17:51,2026-06-28,35.89,9.91,40.0
SEN018,2026-06-12 11:32:40,2026-06-12,39.22,32.77,49.0
SEN016,2026-02-21 05:04:14,2026-02-21,23.1,27.43,41.0
SEN003,2026-04-10 08:41:45,2026-04-10,32.4,3.3,57.0
SEN029,2026-04-14 22:30:36,2026-04-14,21.6,38.9,69.0
SEN006,2026-03-24 01:57:19,2026-03-24,17.22,42.0,40.0
SEN046,2026-04-10 22:28:36,2026-04-10,33.0,,73.0
SEN039,2026-08-11 16:10:22,2026-08-11,34.89,13.21,93.0
SEN032,2026-01-12 10:04:12,2026-01-12,19.3,,
SEN029,2026-08-05 20:15:31,2026-08-05,35.72,35.5,87.0
SEN010,2026-02-25 15:24:16,2026-02-25,15.6,,85.0
SEN038,2026-07-16 21:52:49,2026-07-16,38.6,17.3,70.0
UNKNOWN,2026-07-05 01:19:18,2026-07-05,36.4,11.43,85.0
SEN020,2026-03-18 11:38:00,2026-03-18,40.0,11.9,55.0
SEN026,2026-07-30 06:26:15,2026-07-30,18.9,,75.0
SEN050,2026-01-11 04:26:00,2026-01-11,19.89,41.4,67.0
SEN040,2026-09-09 00:20:36,2026-09-09,18.5,44.9,
SEN013,2026-06-25 09:12:58,2026-06-25,37.7,1.52,69.0
SEN043,2026-01-19 09:16:41,2026-01-19,35.39,31.2,30.0
SEN036,2026-05-15 06:06:32,2026-05-15,20.61,23.7,91.0
SEN046,2026-03-23 19:35:06,2026-03-23,21.61,30.1,68.0
SEN026,2026-01-29 16:06:03,2026-01-29,30.61,18.2,58.0
SEN017,2026-03-30 21:20:47,2026-03-30,25.89,6.6,72.0
SEN040,2026-03-04 01:19:08,2026-03-04,21.11,11.6,58.0
SEN019,2026-01-11 20:13:43,2026-01-11,16.1,10.0,77.0
SEN005,2026-03-21 01:14:35,2026-03-21,39.6,1.02,90.0
SEN044,2026-03-21 16:31:01,2026-03-21,24.0,20.5,44.0
SEN035,2026-04-22 16:04:39,2026-04-22,18.4,,61.0
SEN008,2026-04-29 18:51:30,2026-04-29,16.2,42.7,
SEN049,2026-07-18 11:29:32,2026-07-18,17.0,39.1,53.0
SEN035,2026-03-10 22:48:52,2026-03-10,35.2,,32.0
SEN042,2026-07-18 20:11:14,2026-07-18,24.3,16.0,32.0
SEN007,2026-06-19 19:26:06,2026-06-19,34.2,33.9,36.0
SEN035,2026-06-23 23:59:00,2026-06-23,36.5,37.0,87.0
SEN019,2026-08-13 07:55:24,2026-08-13,19.0,26.67,
SEN001,2026-09-01 03:03:24,2026-09-01,34.5,28.8,64.0
SEN008,2026-06-10 14:24:43,2026-06-10,20.1,3.8,37.0
SEN026,2026-05-02 21:04:01,2026-05-02,25.11,,93.0
SEN044,2026-04-24 02:07:18,2026-04-24,27.1,12.5,72.0
SEN037,2026-04-08 11:09:52,2026-04-08,31.0,0.0,36.0
SEN004,2026-02-22 11:43:46,2026-02-22,17.72,34.8,
SEN050,2026-04-13 05:25:19,2026-04-13,31.7,20.4,73.0
SEN020,2026-03-05 16:00:15,2026-03-05,15.22,44.6,75.0
SEN048,2026-01-05 05:31:39,2026-01-05,24.2,6.0,46.0
SEN045,2026-01-17 01:30:23,2026-01-17,32.5,,
SEN031,2026-02-17 00:59:08,2026-02-17,17.9,22.4,82.0
UNKNOWN,2026-03-11 01:22:28,2026-03-11,35.2,7.7,52.0
SEN039,2026-03-21 20:56:41,2026-03-21,34.72,23.9,31.0
SEN041,2026-05-01 12:36:16,2026-05-01,15.61,24.38,78.0
SEN045,2026-08-10 00:00:00,2026-08-10,17.72,,
SEN021,2026-02-28 07:28:47,2026-02-28,18.2,35.5,45.0
SEN015,2026-02-24 04:10:08,2026-02-24,29.72,,47.0
SEN013,2026-07-19 16:49:23,2026-07-19,25.72,4.3,75.0
SEN049,2026-08-05 11:39:28,2026-08-05,39.1,,
SEN004,2026-08-15 11:32:59,2026-08-15,32.11,30.73,47.0
SEN006,2026-01-25 19:46:23,2026-01-25,28.9,28.19,
SEN001,2026-02-03 15:40:17,2026-02-03,37.0,23.2,82.0
SEN049,2026-08-08 13:30:58,2026-08-08,19.5,2.9,91.0
SEN045,2026-08-31 07:20:48,2026-08-31,26.5,,74.0
SEN003,2026-07-24 05:19:33,2026-07-24,19.4,12.1,78.0
SEN010,2026-04-06 22:11:23,2026-04-06,23.5,26.1,51.0
SEN008,2026-01-13 10:28:04,2026-01-13,23.22,26.67,
SEN048,2026-02-02 14:29:27,2026-02-02,22.11,27.5,30.0
SEN038,2026-04-16 21:58:36,2026-04-16,28.0,30.4,
SEN050,2026-03-12 03:31:19,2026-03-12,25.3,27.18,47.0
SEN025,2026-03-19 03:41:21,2026-03-19,25.72,13.6,52.0
SEN030,2026-05-13 07:15:00,2026-05-13,15.5,28.96,30.0
SEN014,2026-05-19 08:00:54,2026-05-19,29.7,29.3,80.0
SEN020,2026-04-28 10:47:25,2026-04-28,31.3,26.42,94.0
SEN015,2026-06-05 03:56:08,2026-06-05,36.5,46.48,76.0
SEN007,2026-01-22 03:58:39,2026-01-22,17.61,8.1,74.0
SEN012,2026-06-05 00:00:00,2026-06-05,36.89,42.16,50.0
SEN026,2026-01-16 18:20:13,2026-01-16,19.3,19.5,52.0
SEN023,2026-02-09 09:16:55,2026-02-09,17.5,,91.0
SEN013,2026-08-04 13:50:09,2026-08-04,26.0,4.6,94.0
SEN042,2026-04-15 09:17:17,2026-04-15,29.4,29.0,78.0
SEN008,2026-06-22 03:53:57,2026-06-22,31.6,2.29,85.0
SEN001,2026-01-15 05:34:02,2026-01-15,25.11,34.5,95.0
SEN009,2026-05-19 09:09:01,2026-05-19,35.3,9.7,82.0
SEN042,2026-07-18 00:55:09,2026-07-18,38.9,42.6,69.0
SEN011,2026-01-09 03:52:16,2026-01-09,33.89,28.5,71.0
SEN029,2026-04-25 05:35:28,2026-04-25,20.7,20.57,48.0
UNKNOWN,2026-02-23 04:56:44,2026-02-23,16.22,,70.0
SEN004,2026-06-29 22:56:45,2026-06-29,18.0,8.2,63.0
SEN026,2026-01-05 18:46:47,2026-01-05,26.5,49.8,91.0
SEN009,2026-08-15 02:25:52,2026-08-15,17.3,24.4,
SEN021,2026-06-25 20:00:47,2026-06-25,17.9,29.6,61.0
SEN050,2026-06-03 22:10:50,2026-06-03,17.78,26.5,40.0
SEN009,2026-03-04 05:36:03,2026-03-04,15.3,25.9,59.0
SEN042,2026-09-03 04:32:27,2026-09-03,29.22,34.5,64.0
SEN004,2026-07-04 09:18:44,2026-07-04,28.2,43.0,49.0
SEN014,2026-03-13 03:14:38,2026-03-13,38.7,,60.0
SEN017,2026-01-13 22:41:52,2026-01-13,25.78,16.4,49.0
SEN022,2026-04-26 13:59:25,2026-04-26,24.9,26.4,55.0
SEN033,2026-05-13 15:52:00,2026-05-13,27.22,,69.0
SEN045,2026-08-09 04:52:47,2026-08-09,35.7,26.4,93.0
SEN042,2026-05-27 00:00:00,2026-05-27,25.72,18.6,74.0
SEN044,2026-08-26 00:34:22,2026-08-26,30.0,4.5,31.0
SEN048,2026-01-07 17:34:24,2026-01-07,15.22,35.7,33.0
SEN037,2026-08-20 07:17:10,2026-08-20,34.89,45.0,64.0
SEN021,2026-09-02 21:25:00,2026-09-02,21.1,11.9,84.0
SEN015,2026-01-29 15:20:00,2026-01-29,15.2,25.65,94.0
SEN020,2026-07-23 13:45:25,2026-07-23,35.39,6.2,
SEN014,2026-02-18 17:48:00,2026-02-18,15.2,,34.0
SEN032,2026-02-10 15:59:14,2026-02-10,19.8,49.6,79.0
SEN039,2026-03-19 04:35:41,2026-03-19,21.6,29.72,30.0
SEN012,2026-07-21 07:09:26,2026-07-21,32.78,38.61,84.0
UNKNOWN,2026-08-10 14:37:06,2026-08-10,18.28,22.0,
SEN007,2026-04-16 12:22:54,2026-04-16,25.9,13.8,48.0
SEN001,2026-06-01 11:19:42,2026-06-01,39.9,13.5,58.0
SEN014,2026-06-08 04:17:53,2026-06-08,16.4,,84.0
SEN042,2026-06-22 13:24:59,2026-06-22,18.89,,67.0
SEN032,2026-02-25 21:09:55,2026-02-25,31.2,9.3,47.0
SEN015,2026-08-06 09:10:06,2026-08-06,23.0,24.1,70.0
SEN021,2026-01-17 06:39:25,2026-01-17,39.39,48.01,41.0
SEN032,2026-08-09 12:52:59,2026-08-09,36.5,39.37,50.0
SEN024,2026-07-19 00:00:00,2026-07-19,19.1,7.8,69.0
SEN038,2026-08-02 06:21:40,2026-08-02,32.9,9.9,63.0
SEN040,2026-01-15 06:37:48,2026-01-15,35.6,12.45,42.0
SEN019,2026-05-23 17:25:24,2026-05-23,16.28,44.7,64.0
SEN047,2026-03-09 06:44:34,2026-03-09,31.9,14.73,39.0
SEN046,2026-07-20 20:22:20,2026-07-20,16.0,6.6,32.0
SEN001,2026-03-23 20:19:32,2026-03-23,17.4,,92.0
SEN020,2026-02-02 18:11:07,2026-02-02,33.89,37.08,94.0
SEN027,2026-04-11 19:01:30,2026-04-11,35.5,23.6,68.0
SEN034,2026-03-17 11:02:17,2026-03-17,38.89,33.53,55.0
SEN004,2026-04-03 15:52:44,2026-04-03,23.8,46.0,58.0
SEN020,2026-03-31 03:18:59,2026-03-31,36.8,20.6,37.0
SEN017,2026-05-07 07:11:20,2026-05-07,19.0,10.16,81.0
SEN016,2026-03-02 05:37:38,2026-03-02,16.61,5.08,81.0
SEN004,2026-07-01 15:41:57,2026-07-01,29.6,44.7,88.0
SEN023,2026-02-20 00:03:53,2026-02-20,32.39,7.3,53.0
SEN045,2026-06-08 01:00:58,2026-06-08,35.8,11.4,
SEN040,2026-07-05 02:37:17,2026-07-05,34.0,44.4,
SEN029,2026-01-09 19:42:13,2026-01-09,33.2,4.83,49.0
SEN036,2026-07-23 11:28:51,2026-07-23,36.5,35.0,95.0
SEN018,2026-03-21 01:45:04,2026-03-21,35.6,0.7,89.0
SEN019,2026-09-01 18:20:55,2026-09-01,21.7,35.0,53.0
SEN049,2026-09-08 12:17:39,2026-09-08,19.4,32.5,30.0
SEN042,2026-09-03 12:17:44,2026-09-03,35.1,36.58,69.0
UNKNOWN,2026-02-14 16:07:58,2026-02-14,15.39,,
SEN008,2026-01-13 13:13:48,2026-01-13,24.6,13.5,55.0
SEN024,2026-04-13 05:21:35,2026-04-13,39.2,45.6,74.0
SEN040,2026-08-08 16:08:39,2026-08-08,36.8,2.3,61.0
SEN013,2026-06-30 19:35:18,2026-06-30,18.3,14.0,92.0
SEN008,2026-04-30 03:40:14,2026-04-30,35.9,22.7,94.0
SEN005,2026-06-16 08:57:53,2026-06-16,22.39,41.0,45.0
SEN018,2026-08-04 01:28:37,2026-08-04,27.22,18.3,40.0
SEN030,2026-03-18 00:00:00,2026-03-18,34.2,18.5,
SEN026,2026-03-13 16:19:31,2026-03-13,21.4,33.9,75.0
SEN025,2026-07-22 15:48:39,2026-07-22,30.9,19.4,90.0
SEN046,2026-05-27 16:48:10,2026-05-27,23.2,,68.0
SEN048,2026-03-24 17:32:36,2026-03-24,30.9,14.2,58.0
SEN041,2026-01-15 15:42:38,2026-01-15,24.7,4.5,94.0
SEN022,2026-07-06 07:16:26,2026-07-06,21.1,21.3,83.0
SEN032,2026-05-27 09:53:00,2026-05-27,25.6,2.79,82.0
SEN006,2026-01-31 23:48:06,2026-01-31,29.22,7.8,62.0
SEN026,2026-01-30 20:06:57,2026-01-30,19.5,33.4,75.0
SEN016,2026-05-08 09:58:44,2026-05-08,26.22,7.62,74.0
SEN021,2026-03-07 04:46:57,2026-03-07,26.0,48.8,39.0
SEN012,2026-08-18 08:09:54,2026-08-18,37.39,47.2,51.0
SEN039,2026-04-07 10:30:51,2026-04-07,35.5,1.5,66.0
SEN005,2026-02-02 12:54:42,2026-02-02,33.61,45.72,63.0
SEN013,2026-04-20 01:15:34,2026-04-20,17.9,,70.0
SEN015,2026-03-22 16:46:19,2026-03-22,29.4,3.05,63.0
SEN026,2026-01-20 12:07:40,2026-01-20,32.39,48.3,31.0
SEN035,2026-01-02 17:23:30,2026-01-02,20.89,43.18,53.0
SEN030,2026-09-02 08:56:07,2026-09-02,26.6,44.4,58.0
SEN044,2026-05-07 16:45:05,2026-05-07,26.39,42.8,50.0
SEN020,2026-04-30 04:00:49,2026-04-30,27.39,38.1,
SEN035,2026-08-22 16:12:26,2026-08-22,17.89,,51.0
SEN006,2026-03-13 10:54:20,2026-03-13,29.5,,67.0
SEN017,2026-02-17 15:54:34,2026-02-17,35.28,28.4,31.0
SEN016,2026-01-28 00:57:43,2026-01-28,28.1,26.92,75.0
SEN008,2026-06-08 01:16:00,2026-06-08,20.9,16.6,50.0
SEN015,2026-09-06 21:46:28,2026-09-06,26.0,50.04,52.0
SEN043,2026-05-07 02:44:00,2026-05-07,23.0,9.4,65.0
SEN002,2026-07-22 05:01:29,2026-07-22,37.5,35.9,
SEN040,2026-07-14 04:23:44,2026-07-14,18.7,41.4,82.0
SEN012,2026-09-04 13:34:23,2026-09-04,15.6,49.2,
SEN008,2026-03-15 15:47:47,2026-03-15,15.5,14.48,83.0
SEN048,2026-01-12 17:09:50,2026-01-12,20.61,49.6,40.0
SEN029,2026-03-25 19:49:20,2026-03-25,24.39,17.78,93.0
SEN017,2026-02-20 09:47:27,2026-02-20,24.9,27.43,
SEN027,2026-09-04 00:43:35,2026-09-04,23.2,11.68,43.0
SEN025,2026-08-15 00:06:10,2026-08-15,34.11,49.53,35.0
SEN019,2026-09-04 17:06:38,2026-09-04,25.5,17.02,65.0
SEN048,2026-05-16 18:08:53,2026-05-16,33.89,36.1,67.0
SEN038,2026-07-05 06:50:44,2026-07-05,24.5,18.29,73.0
SEN033,2026-04-28 05:32:23,2026-04-28,16.11,0.3,
SEN006,2026-06-18 05:56:58,2026-06-18,31.11,,59.0
SEN010,2026-06-16 09:33:00,2026-06-16,20.72,30.73,42.0
SEN032,2026-07-03 08:58:25,2026-07-03,18.5,15.7,52.0
SEN023,2026-07-05 04:09:00,2026-07-05,26.22,14.8,
SEN014,2026-01-06 14:53:13,2026-01-06,17.0,46.4,86.0
SEN046,2026-03-18 12:54:00,2026-03-18,16.7,46.6,37.0
SEN004,2026-04-06 12:33:09,2026-04-06,19.8,33.6,63.0
SEN042,2026-05-08 12:37:41,2026-05-08,38.61,19.05,71.0
SEN005,2026-07-17 16:38:17,2026-07-17,27.5,16.9,51.0
SEN007,2026-04-02 09:55:29,2026-04-02,21.1,37.08,44.0
SEN011,2026-07-31 11:43:41,2026-07-31,32.0,39.62,62.0
SEN049,2026-08-13 16:00:00,2026-08-13,26.6,36.58,76.0
SEN047,2026-06-11 14:30:54,2026-06-11,30.8,0.51,58.0
UNKNOWN,2026-07-18 13:53:32,2026-07-18,36.2,3.05,95.0
SEN015,2026-04-07 23:13:39,2026-04-07,27.28,45.8,67.0
SEN040,2026-04-19 00:00:00,2026-04-19,26.89,25.9,54.0
SEN020,2026-01-11 01:28:40,2026-01-11,30.61,,51.0
SEN019,2026-08-10 04:00:06,2026-08-10,33.89,13.5,62.0
SEN044,2026-09-07 18:01:52,2026-09-07,33.22,31.1,38.0
SEN049,2026-09-08 12:29:01,2026-09-08,28.4,,66.0
SEN026,2026-03-09 04:34:33,2026-03-09,39.72,40.89,31.0
SEN001,2026-07-03 00:00:00,2026-07-03,19.3,24.7,77.0
SEN018,2026-06-14 11:19:42,2026-06-14,22.0,25.91,68.0
SEN032,2026-08-05 04:53:27,2026-08-05,17.72,35.0,90.0
UNKNOWN,2026-06-12 23:09:24,2026-06-12,36.39,38.61,57.0
SEN001,2026-01-24 05:56:28,2026-01-24,34.6,1.52,
SEN033,2026-01-17 23:10:06,2026-01-17,18.2,16.7,86.0
SEN027,2026-04-20 15:27:04,2026-04-20,19.39,34.7,95.0
SEN025,2026-07-12 18:35:40,2026-07-12,36.5,45.7,51.0
SEN035,2026-02-21 23:04:31,2026-02-21,22.6,23.0,
UNKNOWN,2026-03-03 13:10:35,2026-03-03,15.5,8.13,63.0
SEN039,2026-03-05 08:47:59,2026-03-05,24.2,,87.0
SEN029,2026-01-15 20:45:22,2026-01-15,21.8,38.9,74.0
SEN016,2026-05-25 15:46:42,2026-05-25,32.5,,66.0
SEN008,2026-04-02 15:05:14,2026-04-02,28.8,16.51,55.0
SEN048,2026-01-17 17:09:16,2026-01-17,24.4,,57.0
SEN044,2026-07-26 19:43:28,2026-07-26,16.61,32.0,40.0
SEN022,2026-06-08 11:09:21,2026-06-08,24.9,7.6,61.0
SEN039,2026-09-05 11:20:00,2026-09-05,24.3,10.8,58.0
SEN022,2026-03-28 19:47:21,2026-03-28,31.28,37.59,
SEN009,2026-02-10 02:58:27,2026-02-10,17.9,10.41,87.0
SEN030,2026-05-25 18:42:30,2026-05-25,35.9,,81.0
SEN042,2026-04-12 21:56:02,2026-04-12,25.2,5.5,82.0
SEN031,2026-04-14 06:10:01,2026-04-14,15.9,5.0,77.0
SEN025,2026-08-25 13:37:45,2026-08-25,38.89,3.8,37.0
SEN036,2026-01-26 11:52:57,2026-01-26,23.3,30.99,87.0
SEN011,2026-05-14 22:14:46,2026-05-14,25.89,7.0,73.0
SEN007,2026-05-17 06:18:44,2026-05-17,31.28,48.9,64.0
SEN044,2026-06-20 23:44:41,2026-06-20,38.61,18.9,93.0
SEN029,2026-08-29 14:13:37,2026-08-29,18.2,49.02,54.0
SEN034,2026-02-28 01:49:28,2026-02-28,28.7,15.5,57.0
SEN039,2026-02-20 19:09:36,2026-02-20,25.11,1.02,
SEN044,2026-07-15 09:25:06,2026-07-15,30.5,41.0,
SEN012,2026-02-25 12:08:00,2026-02-25,29.7,,78.0
SEN031,2026-06-03 23:28:00,2026-06-03,18.5,6.35,81.0
SEN042,2026-04-24 17:33:54,2026-04-24,33.6,41.0,
SEN030,2026-03-05 12:43:02,2026-03-05,26.11,17.8,92.0
SEN029,2026-05-15 23:44:09,2026-05-15,18.4,23.2,52.0
SEN028,2026-03-11 05:36:29,2026-03-11,21.8,49.7,67.0
SEN019,2026-01-29 21:13:14,2026-01-29,22.78,10.7,
SEN002,2026-07-18 09:31:48,2026-07-18,37.7,38.6,56.0
SEN027,2026-01-04 05:41:32,2026-01-04,18.0,49.3,
SEN025,2026-01-20 07:21:33,2026-01-20,19.89,19.4,73.0
SEN032,2026-02-27 05:55:00,2026-02-27,37.7,,50.0
SEN002,2026-08-17 01:10:44,2026-08-17,22.5,,
SEN006,2026-09-07 12:49:47,2026-09-07,17.22,,86.0
SEN001,2026-04-07 08:02:57,2026-04-07,17.89,45.21,60.0
SEN041,2026-01-29 15:52:26,2026-01-29,30.61,31.24,42.0
SEN047,2026-06-10 20:31:26,2026-06-10,18.1,,49.0
SEN005,2026-06-29 16:03:21,2026-06-29,27.0,,
SEN038,2026-05-23 01:22:27,2026-05-23,26.7,35.31,43.0
SEN009,2026-04-20 06:09:54,2026-04-20,16.1,19.81,84.0
SEN048,2026-01-07 20:05:10,2026-01-07,32.6,23.6,66.0
SEN020,2026-01-22 09:21:56,2026-01-22,28.78,21.2,34.0
SEN003,2026-01-01 07:49:23,2026-01-01,34.11,39.88,65.0
SEN043,2026-08-05 02:41:00,2026-08-05,38.5,33.3,62.0
SEN019,2026-07-09 12:32:56,2026-07-09,36.61,43.18,81.0
SEN007,2026-08-31 09:00:07,2026-08-31,16.6,40.64,44.0
SEN031,2026-03-18 03:19:19,2026-03-18,29.7,13.9,
SEN010,2026-01-06 05:36:36,2026-01-06,32.5,,64.0
SEN046,2026-05-07 11:06:21,2026-05-07,28.3,24.8,91.0
SEN020,2026-01-21 19:48:06,2026-01-21,15.72,,
SEN046,2026-05-05 04:55:38,2026-05-05,16.8,35.0,89.0
SEN007,2026-01-10 00:00:00,2026-01-10,25.8,7.2,50.0
SEN026,2026-03-14 07:00:45,2026-03-14,24.9,46.4,38.0
SEN040,2026-01-10 02:13:33,2026-01-10,35.11,39.3,41.0
SEN031,2026-03-16 14:58:44,2026-03-16,17.28,,
SEN048,2026-05-26 14:54:29,2026-05-26,22.3,,
SEN003,2026-04-14 00:38:30,2026-04-14,24.28,12.2,78.0
SEN028,2026-08-23 16:28:16,2026-08-23,35.1,44.45,48.0
SEN030,2026-03-14 12:39:36,2026-03-14,36.8,32.77,
SEN048,2026-06-24 08:11:25,2026-06-24,26.4,49.8,73.0
SEN040,2026-05-12 12:03:19,2026-05-12,36.6,36.9,41.0
SEN020,2026-05-15 07:50:27,2026-05-15,37.1,25.1,57.0
SEN003,2026-02-07 23:42:46,2026-02-07,22.0,34.3,77.0
SEN034,2026-04-07 02:06:46,2026-04-07,23.78,15.3,64.0
SEN011,2026-05-04 08:23:15,2026-05-04,24.61,37.8,95.0
SEN019,2026-02-17 20:50:13,2026-02-17,27.4,4.2,40.0
SEN037,2026-03-26 13:52:37,2026-03-26,19.78,48.7,57.0
SEN049,2026-08-31 00:46:42,2026-08-31,18.39,12.3,86.0
SEN022,2026-06-29 17:02:17,2026-06-29,19.0,,43.0
SEN019,2026-04-21 10:19:00,2026-04-21,20.78,8.8,74.0
SEN049,2026-02-13 16:25:17,2026-02-13,28.28,48.51,61.0
SEN036,2026-04-06 01:10:00,2026-04-06,30.1,25.8,48.0
SEN004,2026-03-02 15:57:41,2026-03-02,37.89,48.2,60.0
SEN048,2026-03-31 22:44:24,2026-03-31,29.78,0.0,62.0
SEN018,2026-08-15 19:21:45,2026-08-15,26.5,46.6,37.0
SEN005,2026-08-02 13:03:58,2026-08-02,18.4,44.5,61.0
SEN011,2026-07-24 09:15:19,2026-07-24,26.11,49.1,
SEN005,2026-05-05 00:11:41,2026-05-05,17.5,,
SEN037,2026-07-13 22:37:43,2026-07-13,39.4,33.2,
SEN049,2026-03-26 00:42:30,2026-03-26,38.11,40.4,
SEN030,2026-07-21 02:03:02,2026-07-21,20.72,39.12,80.0
SEN036,2026-02-21 00:03:28,2026-02-21,38.7,,
SEN011,2026-07-05 07:55:48,2026-07-05,39.11,,94.0
SEN023,2026-08-19 15:51:58,2026-08-19,15.6,,75.0
SEN030,2026-03-20 23:34:22,2026-03-20,38.3,6.9,68.0
SEN004,2026-06-01 08:52:47,2026-06-01,28.9,15.24,77.0
SEN007,2026-08-01 13:01:54,2026-08-01,25.5,33.8,
SEN046,2026-03-31 07:28:29,2026-03-31,34.78,15.5,47.0
SEN047,2026-01-30 19:39:48,2026-01-30,31.9,40.89,33.0
SEN040,2026-04-15 09:56:55,2026-04-15,33.5,46.23,59.0
SEN001,2026-06-28 06:46:46,2026-06-28,31.5,35.05,36.0
SEN037,2026-08-06 12:18:03,2026-08-06,23.22,12.6,58.0
SEN006,2026-08-26 19:50:41,2026-08-26,39.3,37.7,
SEN010,2026-07-13 11:59:06,2026-07-13,32.9,32.1,
SEN033,2026-03-31 17:18:18,2026-03-31,39.9,8.64,
SEN001,2026-08-29 15:29:44,2026-08-29,34.61,24.5,81.0
SEN003,2026-05-13 02:37:31,2026-05-13,38.39,4.32,37.0
SEN031,2026-05-25 19:13:45,2026-05-25,25.72,28.4,85.0
SEN041,2026-03-09 00:40:58,2026-03-09,30.0,,71.0
SEN034,2026-09-05 23:07:00,2026-09-05,37.39,26.8,59.0
SEN029,2026-02-27 19:01:14,2026-02-27,37.3,4.0,95.0
SEN030,2026-01-27 23:45:28,2026-01-27,22.4,6.0,59.0
SEN014,2026-08-05 15:14:35,2026-08-05,21.4,,47.0
SEN012,2026-08-23 02:02:19,2026-08-23,38.28,15.8,56.0
SEN049,2026-03-04 06:31:16,2026-03-04,16.39,43.69,82.0
UNKNOWN,2026-03-10 18:22:00,2026-03-10,31.3,47.3,74.0
SEN001,2026-01-02 19:31:40,2026-01-02,25.9,,50.0
SEN049,2026-02-26 08:32:46,2026-02-26,29.9,49.9,87.0
SEN004,2026-02-23 16:38:47,2026-02-23,16.7,4.9,39.0
SEN015,2026-08-11 06:25:36,2026-08-11,15.9,41.4,82.0
SEN036,2026-06-22 15:31:34,2026-06-22,35.11,,36.0
SEN034,2026-08-28 16:31:43,2026-08-28,16.6,24.13,38.0
UNKNOWN,2026-01-31 15:07:20,2026-01-31,23.1,45.4,69.0
SEN040,2026-03-19 23:39:58,2026-03-19,16.39,20.0,
SEN038,2026-06-10 21:48:40,2026-06-10,31.9,27.3,88.0
SEN040,2026-08-08 15:48:41,2026-08-08,25.2,,35.0
SEN002,2026-08-21 04:04:52,2026-08-21,38.9,41.4,78.0
SEN029,2026-05-25 06:14:40,2026-05-25,17.28,22.3,31.0
SEN013,2026-01-25 09:46:33,2026-01-25,38.61,29.1,62.0
SEN018,2026-03-27 00:20:58,2026-03-27,25.0,41.1,72.0
SEN028,2026-04-07 05:43:10,2026-04-07,25.3,21.8,70.0
UNKNOWN,2026-06-18 18:55:58,2026-06-18,39.5,2.3,46.0
SEN042,2026-02-18 01:06:23,2026-02-18,39.1,27.0,95.0
SEN008,2026-03-16 11:13:29,2026-03-16,35.2,27.18,89.0
SEN049,2026-03-18 15:50:40,2026-03-18,36.9,2.1,48.0
SEN034,2026-01-10 10:32:54,2026-01-10,15.72,4.32,45.0
UNKNOWN,2026-05-13 00:45:23,2026-05-13,36.8,37.8,
SEN046,2026-04-19 12:37:34,2026-04-19,16.0,27.5,67.0
SEN031,2026-07-22 20:42:00,2026-07-22,34.7,39.3,83.0
SEN042,2026-05-17 00:00:00,2026-05-17,24.3,27.3,60.0
SEN049,2026-05-29 01:19:18,2026-05-29,20.5,2.4,85.0
SEN024,2026-02-12 10:10:47,2026-02-12,17.6,10.16,56.0
SEN029,2026-08-17 00:00:00,2026-08-17,31.28,22.1,49.0
SEN003,2026-04-07 04:35:08,2026-04-07,37.7,32.9,52.0
SEN005,2026-02-17 23:09:41,2026-02-17,31.39,0.1,42.0
SEN049,2026-04-25 20:31:25,2026-04-25,21.0,40.4,87.0
SEN009,2026-02-11 03:26:00,2026-02-11,23.1,9.8,82.0
SEN023,2026-05-03 13:22:20,2026-05-03,16.5,46.2,68.0
SEN022,2026-07-15 21:47:33,2026-07-15,34.11,11.7,46.0
SEN026,2026-09-07 03:17:54,2026-09-07,39.22,33.2,79.0
SEN026,2026-03-01 14:06:50,2026-03-01,29.28,30.7,56.0
SEN033,2026-02-11 04:18:15,2026-02-11,37.4,13.1,73.0
SEN044,2026-06-13 05:48:27,2026-06-13,20.5,21.5,42.0
SEN045,2026-06-27 03:42:29,2026-06-27,17.0,24.89,88.0
SEN028,2026-01-26 21:17:03,2026-01-26,15.6,19.4,68.0
SEN017,2026-01-27 16:20:58,2026-01-27,29.6,48.26,55.0
SEN024,2026-05-30 02:27:00,2026-05-30,22.3,43.3,93.0
SEN026,2026-02-22 09:51:47,2026-02-22,19.72,30.3,85.0
SEN012,2026-05-21 19:10:15,2026-05-21,20.72,44.6,82.0
SEN029,2026-02-02 06:25:17,2026-02-02,37.7,,64.0
SEN042,2026-07-05 05:43:11,2026-07-05,30.7,24.9,53.0
SEN023,2026-02-13 02:58:09,2026-02-13,28.0,,78.0
SEN050,2026-04-29 21:15:18,2026-04-29,27.78,,
SEN010,2026-02-27 00:12:27,2026-02-27,38.3,42.93,71.0
SEN048,2026-04-27 04:23:15,2026-04-27,27.5,26.9,61.0
SEN027,2026-01-04 20:53:36,2026-01-04,25.89,,62.0
SEN048,2026-08-26 16:07:45,2026-08-26,15.11,15.75,57.0
SEN036,2026-08-18 12:26:03,2026-08-18,27.4,,53.0
SEN013,2026-02-11 07:44:06,2026-02-11,16.7,48.8,64.0
SEN037,2026-06-06 21:44:04,2026-06-06,26.7,4.5,32.0
SEN047,2026-07-29 17:41:10,2026-07-29,25.4,48.1,74.0
SEN008,2026-06-30 11:06:05,2026-06-30,27.0,3.2,32.0
SEN017,2026-06-12 09:59:08,2026-06-12,24.28,25.6,39.0
SEN035,2026-01-15 16:03:24,2026-01-15,32.8,31.9,62.0
UNKNOWN,2026-04-01 14:11:55,2026-04-01,18.0,,35.0
SEN041,2026-03-18 12:24:06,2026-03-18,23.39,,91.0
SEN013,2026-02-26 08:30:57,2026-02-26,30.4,1.02,85.0
SEN018,2026-04-26 14:59:32,2026-04-26,31.7,,61.0
SEN044,2026-08-16 08:44:41,2026-08-16,15.61,44.6,44.0
SEN049,2026-06-15 03:33:46,2026-06-15,36.4,,62.0
SEN031,2026-05-18 01:35:43,2026-05-18,23.7,12.5,61.0
SEN039,2026-03-29 08:58:50,2026-03-29,17.9,23.8,35.0
SEN037,2026-05-07 21:10:30,2026-05-07,22.89,16.1,80.0
SEN042,2026-01-31 18:27:41,2026-01-31,23.22,30.9,79.0
SEN024,2026-06-25 10:17:41,2026-06-25,37.6,12.4,46.0
SEN017,2026-01-19 21:48:49,2026-01-19,18.22,25.8,
SEN005,2026-02-28 10:33:07,2026-02-28,22.72,,93.0
SEN023,2026-01-16 13:37:45,2026-01-16,37.9,,75.0
SEN009,2026-02-28 06:00:24,2026-02-28,21.72,20.07,
SEN035,2026-01-24 17:04:00,2026-01-24,15.2,27.94,
SEN007,2026-04-16 12:42:52,2026-04-16,22.0,16.9,95.0
SEN010,2026-08-28 10:00:00,2026-08-28,39.61,36.7,41.0
SEN006,2026-03-11 02:56:52,2026-03-11,27.78,,
SEN032,2026-03-16 02:58:12,2026-03-16,15.39,48.6,50.0
SEN046,2026-03-06 00:00:00,2026-03-06,31.39,20.57,33.0
SEN025,2026-04-16 11:10:23,2026-04-16,18.28,41.91,43.0
SEN038,2026-02-11 01:15:57,2026-02-11,35.89,42.93,57.0
SEN039,2026-07-08 19:11:17,2026-07-08,16.61,30.6,72.0
SEN041,2026-04-27 11:17:55,2026-04-27,28.8,,
SEN007,2026-07-13 15:05:52,2026-07-13,24.0,,71.0
SEN013,2026-03-26 05:41:54,2026-03-26,34.0,22.1,92.0
SEN049,2026-03-28 22:15:46,2026-03-28,16.11,43.18,53.0
SEN037,2026-01-20 14:37:32,2026-01-20,37.1,18.03,88.0
SEN009,2026-03-31 00:00:00,2026-03-31,38.9,,94.0
SEN019,2026-02-12 23:49:19,2026-02-12,21.5,46.6,41.0
SEN043,2026-01-04 08:09:42,2026-01-04,23.0,,63.0
SEN004,2026-05-09 16:01:15,2026-05-09,34.22,,40.0
SEN027,2026-01-29 03:05:11,2026-01-29,36.72,21.84,
SEN016,2026-07-09 22:03:00,2026-07-09,26.39,45.9,74.0
SEN010,2026-09-08 21:14:16,2026-09-08,28.28,,31.0
SEN001,2026-08-12 00:00:00,2026-08-12,31.4,43.18,
SEN032,2026-01-13 14:49:03,2026-01-13,38.39,4.2,34.0
SEN013,2026-03-08 13:30:00,2026-03-08,39.6,41.7,
SEN023,2026-07-18 17:15:27,2026-07-18,30.6,1.4,86.0
SEN032,2026-04-20 07:00:05,2026-04-20,25.8,4.83,61.0
UNKNOWN,2026-06-15 13:18:26,2026-06-15,38.9,,93.0
SEN024,2026-08-12 09:17:50,2026-08-12,19.0,4.32,91.0
SEN010,2026-07-11 22:16:16,2026-07-11,37.0,30.9,40.0
SEN011,2026-02-03 14:34:32,2026-02-03,30.5,9.9,53.0
SEN006,2026-06-01 17:14:15,2026-06-01,16.0,38.0,62.0
SEN027,2026-05-18 15:53:02,2026-05-18,37.28,9.5,
SEN002,2026-02-25 18:56:16,2026-02-25,32.89,32.7,33.0
SEN024,2026-02-27 12:14:13,2026-02-27,21.2,3.0,64.0
SEN020,2026-08-18 11:56:43,2026-08-18,16.6,3.7,61.0
SEN021,2026-05-28 14:17:24,2026-05-28,15.39,11.5,41.0
SEN028,2026-04-10 21:59:52,2026-04-10,37.3,13.7,60.0
UNKNOWN,2026-05-12 19:36:04,2026-05-12,17.6,6.9,88.0
SEN026,2026-03-28 18:27:04,2026-03-28,33.8,30.48,88.0
SEN025,2026-02-24 09:07:27,2026-02-24,28.61,23.11,65.0
SEN006,2026-07-22 17:24:35,2026-07-22,31.6,24.89,71.0
SEN001,2026-03-05 07:22:44,2026-03-05,16.28,36.32,79.0
SEN005,2026-01-09 22:53:07,2026-01-09,16.89,,35.0
SEN013,2026-02-14 11:31:49,2026-02-14,39.5,4.32,82.0
SEN030,2026-03-05 14:29:31,2026-03-05,22.0,0.8,
SEN020,2026-03-22 04:16:03,2026-03-22,22.78,1.52,
SEN045,2026-05-20 21:45:23,2026-05-20,20.61,8.7,79.0
SEN022,2026-08-22 09:08:24,2026-08-22,35.5,10.4,44.0
SEN001,2026-02-24 14:14:28,2026-02-24,23.89,46.48,51.0
SEN013,2026-04-22 16:45:00,2026-04-22,24.9,38.61,85.0
SEN014,2026-09-01 02:11:14,2026-09-01,23.72,42.1,70.0
SEN016,2026-06-13 17:07:03,2026-06-13,20.78,28.96,66.0
SEN011,2026-05-24 08:38:43,2026-05-24,21.3,24.0,45.0
SEN015,2026-06-03 10:21:35,2026-06-03,21.22,17.1,
SEN014,2026-03-06 12:18:42,2026-03-06,32.0,8.64,
SEN001,2026-03-05 19:19:05,2026-03-05,33.11,34.8,30.0
SEN025,2026-02-22 20:05:06,2026-02-22,16.8,,93.0
SEN045,2026-07-08 18:23:39,2026-07-08,36.6,41.6,46.0
SEN024,2026-04-26 11:59:09,2026-04-26,15.39,47.3,
SEN006,2026-01-14 22:45:42,2026-01-14,36.78,14.99,95.0
SEN034,2026-04-23 11:49:58,2026-04-23,38.89,22.7,77.0
SEN044,2026-01-23 02:07:08,2026-01-23,21.7,15.75,56.0
SEN024,2026-03-03 21:28:31,2026-03-03,23.0,34.9,77.0
SEN023,2026-02-20 03:52:44,2026-02-20,35.6,6.4,86.0
SEN001,2026-08-13 02:22:02,2026-08-13,31.2,46.99,93.0
UNKNOWN,2026-03-02 02:08:07,2026-03-02,29.6,30.99,37.0
SEN021,2026-01-17 21:58:00,2026-01-17,39.8,45.5,35.0
SEN038,2026-07-04 15:56:21,2026-07-04,16.1,20.1,
UNKNOWN,2026-09-02 08:32:01,2026-09-02,32.2,,87.0
SEN039,2026-01-24 08:19:50,2026-01-24,31.1,22.35,61.0
SEN020,2026-05-01 06:07:22,2026-05-01,37.0,,54.0
SEN048,2026-01-12 11:48:43,2026-01-12,35.5,10.92,36.0
SEN014,2026-05-03 18:41:42,2026-05-03,25.89,33.0,36.0
SEN022,2026-01-17 04:18:17,2026-01-17,39.0,7.87,80.0
SEN037,2026-05-12 01:45:31,2026-05-12,17.22,29.5,95.0
SEN018,2026-05-08 11:11:35,2026-05-08,38.1,30.5,32.0
SEN016,2026-04-16 16:06:47,2026-04-16,30.6,30.0,40.0
SEN017,2026-08-24 11:18:33,2026-08-24,22.8,25.15,55.0
SEN033,2026-01-28 03:23:48,2026-01-28,31.72,12.2,
SEN047,2026-03-04 06:01:45,2026-03-04,18.72,37.9,62.0
SEN014,2026-01-15 00:05:19,2026-01-15,17.9,,56.0
SEN014,2026-03-02 06:23:02,2026-03-02,24.11,21.0,42.0
SEN019,2026-08-11 15:03:19,2026-08-11,15.3,6.7,52.0
SEN021,2026-03-17 12:30:00,2026-03-17,20.5,49.1,85.0
SEN006,2026-06-29 08:26:33,2026-06-29,28.39,,
SEN024,2026-04-06 08:08:00,2026-04-06,38.9,,77.0
SEN027,2026-02-23 22:39:49,2026-02-23,32.5,22.1,83.0
SEN025,2026-04-05 18:37:27,2026-04-05,39.2,7.7,46.0
SEN033,2026-07-20 21:05:34,2026-07-20,18.39,11.7,73.0
SEN037,2026-03-06 19:18:20,2026-03-06,27.9,46.0,52.0
SEN046,2026-01-01 08:02:49,2026-01-01,39.8,9.1,57.0
SEN011,2026-05-17 18:48:50,2026-05-17,22.2,,95.0
SEN031,2026-05-30 16:24:23,2026-05-30,20.2,42.2,91.0
UNKNOWN,2026-01-31 15:30:28,2026-01-31,23.5,40.2,
UNKNOWN,2026-03-21 04:25:35,2026-03-21,31.28,38.4,
SEN039,2026-07-11 23:40:24,2026-07-11,27.7,3.4,94.0
SEN019,2026-04-11 01:33:39,2026-04-11,27.6,0.9,59.0
SEN049,2026-05-07 06:25:29,2026-05-07,18.22,25.8,
SEN023,2026-02-10 04:23:56,2026-02-10,36.0,12.19,74.0
SEN013,2026-02-08 21:44:19,2026-02-08,16.2,17.02,41.0
SEN019,2026-03-23 23:08:57,2026-03-23,37.2,25.91,85.0
SEN026,2026-01-18 12:51:32,2026-01-18,31.5,24.3,84.0
SEN019,2026-03-04 00:00:00,2026-03-04,31.72,26.2,61.0
SEN021,2026-03-12 07:39:08,2026-03-12,17.9,26.92,82.0
SEN010,2026-04-14 11:06:24,2026-04-14,32.22,0.9,33.0
UNKNOWN,2026-01-24 05:25:39,2026-01-24,17.2,25.9,
SEN010,2026-08-27 17:18:57,2026-08-27,35.89,36.2,84.0
SEN011,2026-05-28 04:07:55,2026-05-28,24.4,,74.0
SEN009,2026-05-26 20:37:51,2026-05-26,34.78,24.64,42.0
SEN008,2026-03-04 12:59:44,2026-03-04,15.6,46.2,37.0
SEN042,2026-06-28 05:50:32,2026-06-28,23.3,45.3,77.0
SEN023,2026-08-13 09:18:25,2026-08-13,19.9,40.2,83.0
SEN013,2026-03-17 04:27:27,2026-03-17,34.78,,43.0
SEN025,2026-06-10 17:55:19,2026-06-10,24.39,17.53,67.0
SEN043,2026-07-06 18:50:23,2026-07-06,24.0,8.5,92.0
SEN018,2026-03-03 09:11:45,2026-03-03,30.28,37.4,63.0
SEN029,2026-03-07 23:01:38,2026-03-07,25.28,11.0,78.0
SEN047,2026-02-28 02:32:20,2026-02-28,26.4,36.3,79.0
SEN050,2026-06-21 21:07:53,2026-06-21,29.28,30.23,76.0
SEN004,2026-07-06 14:54:58,2026-07-06,31.28,3.9,46.0
SEN041,2026-03-26 15:32:32,2026-03-26,19.8,10.0,
SEN037,2026-02-01 05:35:24,2026-02-01,39.3,42.42,92.0
SEN016,2026-06-16 05:28:25,2026-06-16,39.61,7.6,56.0
SEN008,2026-04-18 20:52:15,2026-04-18,35.4,35.4,53.0
SEN028,2026-05-03 20:08:03,2026-05-03,19.5,12.9,47.0
SEN001,2026-07-16 12:09:58,2026-07-16,22.61,,63.0
SEN044,2026-04-02 18:45:19,2026-04-02,32.6,2.79,39.0
UNKNOWN,2026-02-01 03:05:00,2026-02-01,36.5,21.9,80.0
SEN049,2026-09-09 07:56:43,2026-09-09,28.8,25.65,32.0
SEN050,2026-09-01 00:28:11,2026-09-01,31.8,,41.0
SEN049,2026-02-13 23:37:10,2026-02-13,24.39,31.5,88.0
SEN008,2026-08-11 04:25:34,2026-08-11,24.89,,
SEN045,2026-02-01 03:47:00,2026-02-01,31.5,15.7,55.0
SEN032,2026-01-29 19:42:17,2026-01-29,35.2,41.0,49.0
SEN033,2026-09-05 00:33:55,2026-09-05,33.11,6.3,43.0
SEN007,2026-04-15 02:01:53,2026-04-15,31.5,48.1,73.0
SEN001,2026-02-03 10:34:44,2026-02-03,28.5,0.3,31.0
SEN037,2026-06-19 07:41:09,2026-06-19,28.1,32.0,50.0
SEN043,2026-01-09 11:47:50,2026-01-09,25.4,1.1,
SEN018,2026-07-23 21:22:22,2026-07-23,21.72,,64.0
SEN023,2026-06-23 05:16:09,2026-06-23,37.89,19.05,67.0
SEN034,2026-07-28 06:10:06,2026-07-28,39.39,28.0,77.0
SEN026,2026-08-05 12:21:09,2026-08-05,23.8,37.1,67.0
SEN027,2026-08-17 09:05:27,2026-08-17,30.2,,
SEN045,2026-08-03 13:23:07,2026-08-03,21.39,18.0,73.0
SEN014,2026-07-13 09:00:52,2026-07-13,15.39,38.61,59.0
UNKNOWN,2026-06-29 11:53:21,2026-06-29,27.4,9.2,
UNKNOWN,2026-08-25 11:12:35,2026-08-25,25.4,32.1,69.0
SEN046,2026-04-15 14:14:52,2026-04-15,18.22,13.3,30.0
SEN024,2026-02-09 00:21:16,2026-02-09,15.9,24.64,44.0
UNKNOWN,2026-07-10 17:22:39,2026-07-10,21.5,40.3,69.0
SEN012,2026-05-25 13:11:06,2026-05-25,37.61,33.0,52.0
SEN050,2026-08-11 05:50:22,2026-08-11,37.8,18.6,
SEN039,2026-08-31 09:33:57,2026-08-31,27.78,25.2,66.0
SEN017,2026-08-22 04:58:26,2026-08-22,23.2,30.8,75.0
SEN007,2026-01-31 13:27:51,2026-01-31,18.89,35.56,
SEN048,2026-05-31 06:01:01,2026-05-31,34.72,49.0,58.0
SEN042,2026-04-01 15:44:26,2026-04-01,27.6,14.1,
SEN004,2026-06-02 17:24:05,2026-06-02,35.1,35.1,86.0
SEN024,2026-06-10 20:53:25,2026-06-10,15.3,25.65,
SEN027,2026-04-30 14:14:40,2026-04-30,25.78,7.37,
SEN019,2026-01-28 12:30:03,2026-01-28,18.4,48.5,52.0
SEN026,2026-01-09 04:59:40,2026-01-09,19.5,43.8,61.0
SEN029,2026-01-28 00:03:22,2026-01-28,32.3,29.72,70.0
SEN007,2026-03-01 17:14:29,2026-03-01,29.89,11.5,47.0
SEN031,2026-06-20 10:48:01,2026-06-20,18.28,37.7,37.0
SEN003,2026-04-08 13:07:30,2026-04-08,38.4,9.0,85.0
SEN039,2026-04-25 15:07:09,2026-04-25,30.89,40.4,62.0
SEN038,2026-05-18 02:36:00,2026-05-18,19.8,44.3,62.0
SEN014,2026-02-07 07:38:21,2026-02-07,36.61,42.67,89.0
SEN049,2026-07-29 01:55:35,2026-07-29,35.22,14.1,91.0
SEN043,2026-06-20 00:47:29,2026-06-20,17.78,,85.0
SEN027,2026-03-13 23:39:54,2026-03-13,36.4,,86.0
SEN044,2026-01-09 22:17:30,2026-01-09,36.6,19.3,49.0
SEN022,2026-04-27 13:47:00,2026-04-27,22.11,47.2,80.0
SEN037,2026-04-13 11:21:57,2026-04-13,31.6,30.7,50.0
SEN049,2026-02-03 00:00:00,2026-02-03,29.0,40.6,40.0
SEN035,2026-05-14 00:43:29,2026-05-14,29.78,16.6,45.0
SEN005,2026-01-07 03:16:46,2026-01-07,28.9,8.4,75.0
SEN020,2026-01-21 02:51:58,2026-01-21,22.61,38.61,62.0
SEN010,2026-08-11 17:05:22,2026-08-11,35.78,45.21,69.0
SEN050,2026-01-30 00:00:00,2026-01-30,18.22,34.8,64.0
UNKNOWN,2026-02-24 07:40:09,2026-02-24,31.78,,91.0
UNKNOWN,2026-01-29 20:15:30,2026-01-29,30.78,27.3,63.0
SEN043,2026-02-24 19:52:42,2026-02-24,29.0,8.2,62.0
SEN047,2026-05-07 12:31:13,2026-05-07,18.9,27.7,67.0
SEN046,2026-04-09 15:49:38,2026-04-09,29.5,8.7,
SEN036,2026-01-03 08:57:23,2026-01-03,15.2,48.77,40.0
SEN001,2026-05-09 18:09:00,2026-05-09,35.4,0.6,
SEN020,2026-03-11 06:14:15,2026-03-11,31.5,43.43,49.0
SEN040,2026-03-11 04:19:14,2026-03-11,36.6,11.3,85.0
SEN018,2026-05-16 20:02:21,2026-05-16,31.8,42.6,50.0
SEN007,2026-01-27 04:28:55,2026-01-27,39.2,,49.0
SEN011,2026-01-10 06:23:03,2026-01-10,38.9,37.59,33.0
SEN029,2026-06-08 09:39:25,2026-06-08,38.0,27.0,43.0
SEN020,2026-04-21 03:48:24,2026-04-21,36.2,,85.0
SEN049,2026-05-11 15:15:40,2026-05-11,18.4,35.05,51.0
SEN005,2026-03-16 04:42:07,2026-03-16,31.39,20.83,82.0
SEN043,2026-03-15 02:17:26,2026-03-15,34.8,35.81,81.0
SEN016,2026-03-08 03:16:48,2026-03-08,23.0,24.89,89.0
SEN044,2026-01-21 17:17:05,2026-01-21,16.2,19.5,92.0
SEN050,2026-04-02 04:57:55,2026-04-02,33.7,17.0,61.0
SEN010,2026-08-11 21:58:00,2026-08-11,34.9,40.9,84.0
SEN021,2026-02-14 00:58:16,2026-02-14,28.2,27.5,86.0
SEN026,2026-08-14 18:31:30,2026-08-14,18.89,49.9,78.0
SEN024,2026-06-27 00:00:00,2026-06-27,35.28,28.96,
SEN005,2026-08-23 00:00:00,2026-08-23,34.0,6.6,46.0
SEN043,2026-06-08 17:17:26,2026-06-08,31.39,5.3,53.0
SEN037,2026-04-28 20:50:28,2026-04-28,32.3,34.1,32.0
SEN047,2026-03-08 00:41:01,2026-03-08,26.8,43.0,70.0
SEN013,2026-07-27 06:20:57,2026-07-27,15.7,11.7,55.0
SEN003,2026-02-12 15:31:19,2026-02-12,27.11,31.9,70.0
SEN008,2026-03-26 21:59:08,2026-03-26,21.7,,34.0
SEN005,2026-05-31 09:21:32,2026-05-31,23.3,41.2,60.0
UNKNOWN,2026-01-25 06:37:56,2026-01-25,33.61,,56.0
SEN043,2026-04-17 23:47:06,2026-04-17,29.6,47.5,39.0
SEN049,2026-06-20 07:03:39,2026-06-20,26.8,23.4,53.0
SEN043,2026-02-27 14:59:09,2026-02-27,15.2,9.7,61.0
SEN047,2026-08-16 22:44:53,2026-08-16,16.6,26.8,
SEN041,2026-06-06 10:05:41,2026-06-06,36.4,41.15,77.0
SEN017,2026-05-12 18:35:02,2026-05-12,22.7,6.6,92.0
SEN015,2026-03-07 00:52:02,2026-03-07,36.1,0.25,39.0
SEN016,2026-08-28 23:50:24,2026-08-28,24.3,3.5,57.0
SEN036,2026-01-22 16:53:58,2026-01-22,24.89,,72.0
SEN044,2026-01-28 12:48:46,2026-01-28,20.9,,81.0
SEN020,2026-03-17 22:50:07,2026-03-17,35.61,46.2,61.0
SEN028,2026-06-07 16:56:27,2026-06-07,32.78,32.7,54.0
SEN022,2026-03-23 18:54:29,2026-03-23,25.22,4.3,91.0
SEN002,2026-06-16 08:15:26,2026-06-16,32.5,22.61,37.0
SEN005,2026-09-09 05:39:03,2026-09-09,20.4,9.9,58.0
SEN033,2026-03-11 14:54:38,2026-03-11,32.2,49.8,66.0
SEN031,2026-04-13 18:58:55,2026-04-13,29.3,31.2,69.0
SEN047,2026-07-09 20:15:34,2026-07-09,28.61,,84.0
SEN023,2026-01-02 21:09:12,2026-01-02,20.2,39.9,92.0
SEN020,2026-07-18 15:06:11,2026-07-18,32.9,12.45,85.0
SEN022,2026-05-18 23:08:48,2026-05-18,36.78,37.5,56.0
SEN042,2026-03-27 18:02:06,2026-03-27,24.39,30.0,56.0
SEN039,2026-01-01 09:57:24,2026-01-01,31.28,,82.0
SEN019,2026-02-14 18:39:52,2026-02-14,25.1,,38.0
SEN001,2026-06-14 20:10:55,2026-06-14,22.78,49.2,
SEN034,2026-03-02 22:55:52,2026-03-02,27.6,,57.0
SEN005,2026-04-15 16:01:28,2026-04-15,36.78,9.4,79.0
SEN041,2026-04-05 00:42:45,2026-04-05,28.8,17.02,52.0
UNKNOWN,2026-03-11 08:43:32,2026-03-11,21.1,,82.0
SEN039,2026-01-20 18:57:08,2026-01-20,26.39,31.8,93.0
SEN020,2026-01-06 11:53:00,2026-01-06,21.8,39.6,58.0
SEN006,2026-02-24 12:46:04,2026-02-24,37.2,,82.0
SEN047,2026-04-22 10:29:25,2026-04-22,36.1,39.62,52.0
SEN025,2026-01-30 06:24:36,2026-01-30,15.4,22.1,74.0
SEN038,2026-03-18 02:33:16,2026-03-18,27.11,25.91,
SEN015,2026-08-19 17:06:02,2026-08-19,21.5,9.91,57.0
SEN039,2026-05-06 06:06:20,2026-05-06,25.89,22.5,88.0
SEN015,2026-09-01 02:05:46,2026-09-01,22.5,27.1,54.0
SEN009,2026-07-13 17:08:42,2026-07-13,20.3,10.92,
SEN020,2026-09-08 10:18:34,2026-09-08,28.4,8.3,54.0
SEN029,2026-02-18 23:45:59,2026-02-18,39.1,24.0,39.0
SEN034,2026-01-19 07:24:16,2026-01-19,38.9,,56.0
SEN014,2026-02-10 22:45:58,2026-02-10,18.7,1.1,83.0
SEN003,2026-02-12 19:54:23,2026-02-12,36.7,2.8,81.0
SEN001,2026-09-08 03:11:02,2026-09-08,22.5,6.6,46.0
SEN008,2026-05-11 15:33:24,2026-05-11,34.2,7.6,61.0
SEN024,2026-01-04 06:56:08,2026-01-04,39.22,27.3,89.0
SEN034,2026-01-12 04:59:59,2026-01-12,38.3,0.5,95.0
SEN040,2026-01-20 20:55:22,2026-01-20,18.5,,76.0
SEN042,2026-05-28 03:26:39,2026-05-28,15.8,36.5,51.0
SEN031,2026-05-01 20:15:01,2026-05-01,34.9,30.7,38.0
SEN009,2026-05-27 04:58:42,2026-05-27,28.6,,52.0
SEN031,2026-05-04 13:07:11,2026-05-04,27.0,47.1,44.0
SEN016,2026-02-12 11:07:04,2026-02-12,29.89,,75.0
SEN001,2026-04-03 14:16:09,2026-04-03,16.7,0.5,84.0
SEN011,2026-01-21 19:37:44,2026-01-21,38.3,22.3,80.0
SEN049,2026-05-02 11:18:22,2026-05-02,32.3,6.1,66.0
SEN012,2026-02-26 10:38:21,2026-02-26,28.61,9.5,45.0
SEN049,2026-03-03 08:42:33,2026-03-03,21.78,30.1,90.0
SEN013,2026-09-04 11:50:33,2026-09-04,22.8,39.4,53.0
SEN049,2026-01-25 13:35:49,2026-01-25,25.3,12.7,
SEN002,2026-03-05 20:47:15,2026-03-05,23.2,,91.0
SEN048,2026-05-15 11:29:11,2026-05-15,19.1,46.9,65.0
SEN044,2026-04-30 01:48:27,2026-04-30,31.1,38.2,37.0
SEN031,2026-02-22 19:02:33,2026-02-22,26.5,38.1,77.0
SEN009,2026-01-18 17:36:33,2026-01-18,24.1,44.8,61.0
SEN020,2026-02-14 20:39:25,2026-02-14,15.9,45.7,58.0
SEN046,2026-01-25 07:04:00,2026-01-25,25.89,,63.0
SEN005,2026-04-21 05:39:27,2026-04-21,20.8,,
SEN010,2026-02-11 14:00:18,2026-02-11,20.5,11.6,67.0
SEN011,2026-05-31 09:31:18,2026-05-31,37.11,19.1,42.0
SEN012,2026-07-30 08:27:41,2026-07-30,27.3,,32.0
SEN033,2026-04-26 23:00:40,2026-04-26,28.1,9.65,
SEN030,2026-01-29 01:14:36,2026-01-29,25.9,21.5,89.0
SEN026,2026-08-15 07:17:52,2026-08-15,34.1,49.53,67.0
SEN029,2026-08-20 06:09:00,2026-08-20,36.6,14.48,31.0
SEN026,2026-05-24 19:05:32,2026-05-24,22.4,29.9,74.0
SEN003,2026-09-09 01:14:08,2026-09-09,35.22,4.6,33.0
SEN012,2026-07-14 09:19:55,2026-07-14,32.4,,38.0
SEN031,2026-06-03 15:41:49,2026-06-03,18.4,16.2,
SEN006,2026-03-16 07:38:58,2026-03-16,21.8,15.6,77.0
SEN050,2026-01-31 23:27:53,2026-01-31,27.78,,80.0
SEN026,2026-02-09 22:39:44,2026-02-09,26.39,45.8,34.0
SEN037,2026-09-06 16:50:54,2026-09-06,25.9,14.99,53.0
SEN028,2026-04-04 03:40:06,2026-04-04,29.39,,55.0
SEN011,2026-03-18 11:41:33,2026-03-18,26.6,17.6,70.0
SEN045,2026-02-28 20:53:11,2026-02-28,20.5,14.48,34.0
SEN002,2026-05-06 09:05:36,2026-05-06,16.89,20.8,47.0
SEN046,2026-02-16 14:46:20,2026-02-16,19.4,5.2,36.0
SEN047,2026-01-17 21:58:29,2026-01-17,31.6,12.7,40.0
SEN014,2026-04-10 19:01:14,2026-04-10,17.11,44.4,44.0
SEN034,2026-01-02 07:30:17,2026-01-02,30.78,39.62,87.0
SEN049,2026-05-15 17:33:25,2026-05-15,30.28,21.8,83.0
SEN010,2026-01-04 18:28:05,2026-01-04,38.9,,76.0
SEN029,2026-08-24 04:19:27,2026-08-24,23.2,28.4,76.0
SEN036,2026-02-22 05:31:31,2026-02-22,17.3,14.6,68.0
SEN019,2026-07-04 23:16:35,2026-07-04,29.0,26.6,81.0
SEN017,2026-05-10 15:14:45,2026-05-10,35.11,41.3,69.0
SEN027,2026-06-01 02:04:41,2026-06-01,24.61,15.24,35.0
SEN019,2026-06-18 02:57:37,2026-06-18,37.5,,49.0
SEN040,2026-06-07 02:50:00,2026-06-07,35.1,14.5,57.0
SEN037,2026-06-13 07:35:00,2026-06-13,25.1,48.5,48.0
SEN026,2026-04-01 15:51:21,2026-04-01,30.8,,30.0
SEN047,2026-03-07 20:39:03,2026-03-07,29.78,42.93,76.0
UNKNOWN,2026-08-19 18:45:50,2026-08-19,33.78,29.6,66.0
SEN031,2026-02-20 06:12:18,2026-02-20,15.9,6.6,35.0
SEN031,2026-06-30 14:49:56,2026-06-30,31.22,39.37,82.0
SEN009,2026-04-10 02:18:46,2026-04-10,20.9,1.9,63.0
SEN013,2026-07-23 07:16:50,2026-07-23,38.1,34.2,57.0
SEN036,2026-06-11 23:15:18,2026-06-11,36.9,,59.0
SEN050,2026-01-17 14:51:23,2026-01-17,28.2,6.8,45.0
SEN015,2026-03-29 01:05:00,2026-03-29,34.0,38.7,75.0
SEN033,2026-05-01 03:46:32,2026-05-01,18.3,7.62,94.0
SEN038,2026-08-21 15:47:09,2026-08-21,34.78,,76.0
SEN033,2026-06-25 13:06:33,2026-06-25,19.6,9.14,
SEN048,2026-06-09 18:33:54,2026-06-09,25.1,33.53,92.0
SEN039,2026-03-28 17:44:09,2026-03-28,16.2,41.91,91.0
SEN003,2026-01-05 06:34:28,2026-01-05,37.4,41.5,37.0
SEN037,2026-02-04 12:41:02,2026-02-04,18.4,,53.0
SEN016,2026-08-13 22:27:32,2026-08-13,33.2,18.8,62.0
SEN011,2026-01-17 15:56:27,2026-01-17,36.5,14.48,
UNKNOWN,2026-07-04 19:52:07,2026-07-04,21.89,4.5,71.0
SEN039,2026-04-30 06:36:47,2026-04-30,28.8,39.62,93.0
SEN042,2026-03-12 00:11:08,2026-03-12,27.0,23.11,
SEN014,2026-06-03 10:24:55,2026-06-03,17.89,,38.0
SEN003,2026-05-28 13:34:31,2026-05-28,17.4,29.97,41.0
SEN045,2026-03-10 22:48:52,2026-03-10,23.7,24.2,
SEN048,2026-06-09 23:03:00,2026-06-09,18.2,25.91,
SEN002,2026-04-22 09:02:44,2026-04-22,33.1,34.0,82.0
UNKNOWN,2026-04-06 19:31:06,2026-04-06,27.9,11.7,
SEN032,2026-08-17 18:04:02,2026-08-17,17.4,24.38,72.0
SEN039,2026-01-12 02:43:19,2026-01-12,20.0,24.3,87.0
SEN014,2026-04-11 11:28:08,2026-04-11,18.2,43.2,79.0
SEN037,2026-07-27 21:03:00,2026-07-27,39.5,6.9,33.0
SEN047,2026-04-01 05:33:15,2026-04-01,21.6,26.92,89.0
SEN047,2026-08-07 08:25:02,2026-08-07,25.0,1.0,58.0
SEN050,2026-08-04 03:02:10,2026-08-04,33.61,,36.0
SEN014,2026-03-07 03:15:41,2026-03-07,18.28,22.6,92.0
SEN008,2026-05-05 12:45:18,2026-05-05,17.9,3.6,75.0
SEN033,2026-02-02 09:10:34,2026-02-02,25.5,16.76,84.0
SEN038,2026-05-30 04:13:44,2026-05-30,24.1,37.2,82.0
SEN032,2026-01-13 19:57:00,2026-01-13,38.3,10.0,72.0
SEN019,2026-04-09 00:00:00,2026-04-09,31.1,48.7,59.0
SEN007,2026-08-04 04:02:19,2026-08-04,35.89,35.31,37.0
SEN025,2026-06-04 20:31:21,2026-06-04,29.5,24.7,59.0
SEN029,2026-02-08 07:22:11,2026-02-08,23.78,26.16,59.0
SEN023,2026-07-06 04:23:45,2026-07-06,23.22,34.7,72.0
SEN050,2026-07-31 16:07:45,2026-07-31,23.72,25.91,90.0
SEN039,2026-08-24 09:09:43,2026-08-24,19.0,,92.0
SEN017,2026-07-05 22:48:11,2026-07-05,26.78,41.3,
SEN030,2026-02-10 18:32:42,2026-02-10,36.78,47.4,44.0
UNKNOWN,2026-01-18 00:26:59,2026-01-18,39.8,45.8,79.0
SEN005,2026-03-15 07:32:49,2026-03-15,39.28,1.27,
SEN032,2026-02-27 17:37:00,2026-02-27,19.39,26.8,42.0
SEN049,2026-01-21 16:36:05,2026-01-21,19.3,42.7,52.0
SEN023,2026-01-23 06:34:56,2026-01-23,18.5,10.5,72.0
SEN004,2026-03-02 08:06:36,2026-03-02,33.2,20.07,
SEN011,2026-08-25 20:03:14,2026-08-25,15.28,,
SEN021,2026-08-02 01:06:14,2026-08-02,16.22,2.6,72.0
SEN030,2026-08-08 08:57:26,2026-08-08,25.39,,65.0
SEN031,2026-08-31 00:00:00,2026-08-31,23.5,22.5,
UNKNOWN,2026-05-04 14:59:35,2026-05-04,37.4,48.2,31.0
SEN047,2026-04-12 16:36:31,2026-04-12,28.11,26.7,41.0
SEN021,2026-05-02 20:15:14,2026-05-02,15.7,47.0,30.0
SEN023,2026-07-18 17:53:00,2026-07-18,15.1,39.5,51.0
SEN035,2026-01-16 15:03:36,2026-01-16,37.6,,47.0
SEN002,2026-02-09 00:30:17,2026-02-09,29.39,4.5,51.0
SEN034,2026-08-07 21:39:35,2026-08-07,39.9,39.7,88.0
SEN046,2026-04-05 10:28:39,2026-04-05,18.5,39.37,48.0
SEN044,2026-02-22 13:38:42,2026-02-22,38.2,37.2,80.0
SEN036,2026-04-19 00:35:24,2026-04-19,21.39,23.6,80.0
SEN030,2026-03-20 03:43:35,2026-03-20,31.8,,32.0
SEN024,2026-03-04 17:34:43,2026-03-04,15.9,3.2,92.0
SEN040,2026-02-06 21:25:00,2026-02-06,31.11,46.48,
SEN007,2026-06-17 11:16:17,2026-06-17,28.78,28.7,37.0
SEN048,2026-05-21 05:25:08,2026-05-21,32.2,48.51,69.0
SEN032,2026-08-30 09:46:01,2026-08-30,37.78,,49.0
SEN037,2026-01-11 12:59:24,2026-01-11,16.7,5.59,
SEN044,2026-08-20 12:09:13,2026-08-20,17.89,49.8,89.0
SEN041,2026-07-22 14:41:35,2026-07-22,15.3,8.2,79.0
SEN047,2026-06-17 17:28:43,2026-06-17,32.2,9.6,84.0
SEN021,2026-04-27 17:18:03,2026-04-27,31.5,30.5,
SEN036,2026-03-16 16:48:29,2026-03-16,31.3,,70.0
SEN034,2026-02-26 13:35:57,2026-02-26,30.6,8.4,64.0
SEN008,2026-04-26 07:03:21,2026-04-26,25.11,48.9,
SEN010,2026-08-18 04:44:27,2026-08-18,36.7,42.2,81.0
SEN046,2026-05-27 23:24:00,2026-05-27,22.2,19.1,
SEN011,2026-03-22 13:27:52,2026-03-22,24.89,13.7,49.0
SEN048,2026-07-26 21:17:00,2026-07-26,26.0,40.8,56.0
SEN009,2026-04-09 12:35:54,2026-04-09,27.7,28.1,79.0
SEN024,2026-01-07 12:49:43,2026-01-07,26.3,27.5,
SEN042,2026-04-11 00:59:47,2026-04-11,26.2,47.5,59.0
SEN015,2026-04-19 21:39:26,2026-04-19,30.1,4.0,
SEN015,2026-04-16 16:49:45,2026-04-16,40.0,22.61,30.0
SEN019,2026-01-05 02:25:00,2026-01-05,35.6,4.1,84.0
SEN034,2026-02-01 11:00:14,2026-02-01,26.11,20.6,62.0
SEN023,2026-06-14 01:52:46,2026-06-14,34.6,3.81,90.0
SEN002,2026-01-19 14:59:30,2026-01-19,15.3,28.1,75.0
SEN029,2026-08-02 21:18:51,2026-08-02,15.8,14.3,52.0
SEN033,2026-01-03 23:24:24,2026-01-03,22.6,41.2,95.0
SEN016,2026-06-08 09:00:55,2026-06-08,34.7,29.2,43.0
SEN033,2026-04-02 11:30:20,2026-04-02,32.72,4.06,83.0
SEN007,2026-09-04 16:48:12,2026-09-04,28.78,19.1,87.0
SEN001,2026-02-07 06:53:28,2026-02-07,38.8,47.1,54.0
SEN016,2026-08-21 03:13:46,2026-08-21,16.6,,51.0
UNKNOWN,2026-09-03 19:14:00,2026-09-03,23.89,25.0,54.0
SEN004,2026-02-27 08:18:26,2026-02-27,28.3,14.22,94.0
SEN035,2026-01-15 05:14:07,2026-01-15,32.5,37.9,36.0
SEN019,2026-08-01 22:25:44,2026-08-01,31.28,28.8,76.0
SEN018,2026-06-07 11:50:31,2026-06-07,20.6,11.43,35.0
UNKNOWN,2026-08-18 14:00:51,2026-08-18,28.6,3.5,63.0
SEN035,2026-02-14 19:56:42,2026-02-14,35.89,24.38,59.0
SEN033,2026-09-07 02:46:45,2026-09-07,38.2,31.2,71.0
SEN019,2026-04-02 12:23:00,2026-04-02,29.4,,93.0
UNKNOWN,2026-04-02 02:50:39,2026-04-02,36.61,49.02,35.0
SEN049,2026-03-30 19:50:19,2026-03-30,29.6,41.4,81.0
SEN002,2026-08-13 09:49:36,2026-08-13,15.28,43.1,
SEN034,2026-04-10 03:44:41,2026-04-10,27.72,20.32,87.0
SEN017,2026-08-18 08:07:38,2026-08-18,26.5,,51.0
SEN020,2026-08-14 18:33:00,2026-08-14,25.4,35.9,85.0
SEN038,2026-05-14 21:49:30,2026-05-14,25.6,9.5,64.0
SEN040,2026-08-13 20:49:01,2026-08-13,18.89,10.6,33.0
UNKNOWN,2026-03-28 18:10:00,2026-03-28,23.72,,53.0
SEN025,2026-03-27 20:12:00,2026-03-27,23.61,4.0,48.0
SEN026,2026-05-04 23:45:12,2026-05-04,32.3,22.8,66.0
SEN024,2026-02-12 06:01:46,2026-02-12,18.22,47.2,32.0
SEN035,2026-08-16 10:19:43,2026-08-16,35.39,30.23,44.0
SEN005,2026-03-03 13:31:47,2026-03-03,21.61,47.7,77.0
SEN016,2026-02-26 03:05:19,2026-02-26,15.1,15.0,38.0
SEN001,2026-03-18 06:44:16,2026-03-18,23.4,38.6,59.0
SEN026,2026-01-15 17:16:01,2026-01-15,26.5,,61.0
SEN048,2026-05-09 12:05:35,2026-05-09,32.89,14.3,72.0
SEN007,2026-05-16 15:00:05,2026-05-16,32.9,4.8,36.0
SEN011,2026-05-17 18:23:03,2026-05-17,26.0,47.24,
SEN004,2026-09-02 10:19:33,2026-09-02,22.9,17.6,53.0
SEN016,2026-06-05 20:55:54,2026-06-05,23.0,41.91,55.0
SEN018,2026-07-17 14:32:39,2026-07-17,21.1,40.6,76.0
SEN040,2026-05-27 21:22:15,2026-05-27,32.39,22.0,89.0
SEN030,2026-07-07 11:23:50,2026-07-07,27.39,25.2,86.0
SEN010,2026-04-28 11:49:10,2026-04-28,27.5,37.5,36.0
SEN004,2026-03-07 10:41:58,2026-03-07,28.0,11.1,37.0
SEN045,2026-07-07 04:37:48,2026-07-07,16.1,5.8,
SEN040,2026-08-18 01:50:32,2026-08-18,28.2,13.21,33.0
SEN018,2026-06-07 00:00:00,2026-06-07,22.7,13.4,64.0
SEN029,2026-06-20 09:02:22,2026-06-20,28.5,24.4,51.0
SEN004,2026-06-07 08:35:29,2026-06-07,16.28,44.45,46.0
SEN026,2026-06-19 00:00:00,2026-06-19,20.39,48.3,39.0
SEN018,2026-01-01 18:53:56,2026-01-01,17.8,42.7,65.0
SEN041,2026-08-25 08:54:22,2026-08-25,31.72,33.9,78.0
SEN050,2026-08-13 08:49:54,2026-08-13,31.6,43.18,90.0
SEN038,2026-01-12 17:17:00,2026-01-12,31.9,37.9,66.0
SEN019,2026-09-03 23:01:00,2026-09-03,37.5,40.4,77.0
SEN050,2026-02-17 00:08:45,2026-02-17,25.28,47.6,68.0
SEN049,2026-08-04 20:34:43,2026-08-04,17.8,21.6,92.0
SEN050,2026-04-08 09:29:29,2026-04-08,39.0,5.59,
SEN043,2026-07-24 23:02:45,2026-07-24,37.6,,32.0
SEN030,2026-07-07 16:43:00,2026-07-07,35.3,39.3,61.0
UNKNOWN,2026-07-10 02:39:33,2026-07-10,38.5,10.92,33.0
SEN046,2026-01-20 09:09:08,2026-01-20,28.11,39.88,90.0
SEN037,2026-02-25 14:55:28,2026-02-25,29.0,0.7,81.0
UNKNOWN,2026-04-13 19:22:59,2026-04-13,19.39,37.6,50.0
SEN009,2026-04-24 04:57:45,2026-04-24,38.11,23.3,69.0
SEN027,2026-05-19 11:25:13,2026-05-19,28.4,33.3,71.0
SEN046,2026-06-16 16:52:06,2026-06-16,18.61,16.4,46.0
SEN021,2026-04-28 14:23:24,2026-04-28,17.61,,75.0
SEN005,2026-08-20 08:07:34,2026-08-20,31.28,19.56,
SEN001,2026-04-04 14:13:14,2026-04-04,39.7,24.89,89.0
SEN008,2026-07-06 15:29:06,2026-07-06,39.28,,76.0
SEN009,2026-07-20 09:44:08,2026-07-20,19.28,37.0,66.0
SEN030,2026-05-29 00:00:00,2026-05-29,15.5,7.9,
SEN048,2026-07-04 18:52:21,2026-07-04,28.0,18.8,81.0
SEN003,2026-07-07 20:57:23,2026-07-07,16.39,,88.0
SEN016,2026-06-27 12:22:15,2026-06-27,36.2,,74.0
SEN023,2026-03-30 13:46:37,2026-03-30,17.72,13.21,76.0
SEN024,2026-04-09 10:30:01,2026-04-09,18.61,,54.0
SEN038,2026-01-13 06:28:59,2026-01-13,20.2,41.9,37.0
SEN022,2026-09-04 06:21:53,2026-09-04,37.3,27.4,
SEN017,2026-07-28 07:29:17,2026-07-28,25.5,33.4,67.0
SEN001,2026-01-26 18:04:30,2026-01-26,18.5,49.1,48.0
SEN016,2026-06-09 05:34:32,2026-06-09,30.2,,33.0
SEN002,2026-02-19 18:42:34,2026-02-19,17.5,22.4,76.0
SEN004,2026-07-17 07:01:59,2026-07-17,36.0,13.8,65.0
SEN013,2026-08-19 21:09:39,2026-08-19,16.1,12.4,75.0
SEN015,2026-02-21 10:38:08,2026-02-21,21.6,28.0,75.0
SEN041,2026-07-20 15:05:40,2026-07-20,31.4,37.85,49.0
SEN035,2026-09-05 02:38:22,2026-09-05,32.4,28.19,85.0
SEN043,2026-04-23 02:46:11,2026-04-23,30.9,9.4,72.0
SEN028,2026-05-20 19:47:34,2026-05-20,25.2,49.28,34.0
UNKNOWN,2026-04-26 01:08:29,2026-04-26,32.28,3.3,69.0
SEN019,2026-09-01 18:59:45,2026-09-01,39.6,43.43,50.0
SEN007,2026-08-27 16:02:10,2026-08-27,37.72,11.5,59.0
SEN017,2026-04-05 10:24:12,2026-04-05,29.5,34.54,49.0
SEN050,2026-02-13 22:21:57,2026-02-13,18.5,7.87,44.0
SEN048,2026-02-09 18:20:25,2026-02-09,32.8,21.34,59.0
SEN019,2026-05-26 06:47:42,2026-05-26,17.7,33.2,63.0
SEN027,2026-09-02 15:00:08,2026-09-02,21.8,1.02,57.0
SEN031,2026-04-22 14:39:32,2026-04-22,39.7,,90.0
SEN012,2026-02-22 11:11:06,2026-02-22,33.39,3.3,34.0
SEN015,2026-02-20 15:07:00,2026-02-20,24.11,1.52,61.0
SEN036,2026-07-27 05:42:00,2026-07-27,35.89,5.1,46.0
SEN035,2026-07-09 15:05:53,2026-07-09,35.28,31.9,30.0
SEN044,2026-02-25 13:20:17,2026-02-25,15.5,9.65,31.0
SEN045,2026-08-19 01:43:20,2026-08-19,18.11,46.23,
SEN047,2026-04-07 12:47:46,2026-04-07,19.78,27.69,82.0
UNKNOWN,2026-03-05 13:36:00,2026-03-05,38.1,17.4,31.0
SEN038,2026-03-28 06:28:22,2026-03-28,20.4,26.5,
UNKNOWN,2026-02-08 23:03:46,2026-02-08,28.11,34.0,54.0
SEN006,2026-08-29 11:40:04,2026-08-29,24.72,30.9,41.0
SEN048,2026-02-14 05:37:51,2026-02-14,29.7,26.5,83.0
SEN045,2026-01-07 13:36:46,2026-01-07,35.5,4.7,32.0
SEN027,2026-02-28 08:04:08,2026-02-28,21.22,,68.0
SEN032,2026-08-02 07:22:22,2026-08-02,37.4,,
SEN044,2026-05-18 18:29:21,2026-05-18,30.8,20.57,90.0
SEN025,2026-04-03 10:47:59,2026-04-03,24.1,,72.0
SEN005,2026-06-25 01:24:51,2026-06-25,32.7,14.1,33.0
SEN020,2026-06-11 07:28:10,2026-06-11,36.39,38.61,54.0
SEN034,2026-03-12 19:10:06,2026-03-12,33.5,25.8,61.0
SEN038,2026-03-06 16:00:58,2026-03-06,18.6,29.4,32.0
SEN018,2026-07-28 19:16:42,2026-07-28,27.78,,46.0
SEN025,2026-03-28 13:34:19,2026-03-28,37.5,16.2,93.0
SEN024,2026-06-08 17:11:42,2026-06-08,33.9,16.51,
SEN039,2026-03-01 09:01:00,2026-03-01,22.2,37.0,66.0
SEN044,2026-04-29 04:20:51,2026-04-29,38.4,6.6,47.0
SEN025,2026-03-10 19:07:19,2026-03-10,24.89,35.8,34.0
SEN029,2026-03-26 18:32:40,2026-03-26,32.6,19.7,63.0
SEN035,2026-01-17 14:10:28,2026-01-17,38.9,40.8,87.0
SEN009,2026-04-06 19:42:41,2026-04-06,17.0,22.1,83.0
SEN045,2026-05-06 22:44:29,2026-05-06,37.6,,58.0
SEN022,2026-03-25 15:50:47,2026-03-25,24.78,47.5,77.0
SEN009,2026-06-02 11:56:19,2026-06-02,36.22,25.15,
SEN011,2026-06-23 16:38:57,2026-06-23,23.0,16.9,83.0
SEN029,2026-08-03 15:05:38,2026-08-03,29.39,35.5,76.0
SEN043,2026-01-31 11:17:47,2026-01-31,28.6,5.6,88.0
SEN003,2026-03-23 17:44:08,2026-03-23,37.7,49.02,55.0
SEN033,2026-04-12 03:04:49,2026-04-12,30.0,,71.0
SEN009,2026-06-30 10:02:08,2026-06-30,21.3,13.2,65.0
SEN017,2026-05-06 22:28:02,2026-05-06,17.72,11.43,69.0
SEN035,2026-05-26 12:48:07,2026-05-26,36.9,,54.0
SEN012,2026-01-14 06:52:19,2026-01-14,36.6,37.7,
SEN018,2026-02-02 00:34:39,2026-02-02,38.28,,79.0
SEN047,2026-08-21 22:24:52,2026-08-21,36.2,,46.0
SEN002,2026-01-31 03:46:48,2026-01-31,29.89,49.0,64.0
SEN026,2026-05-02 06:03:00,2026-05-02,22.0,47.8,34.0
SEN022,2026-08-03 21:14:51,2026-08-03,35.0,42.7,71.0
SEN043,2026-03-28 03:55:11,2026-03-28,24.9,24.13,82.0
SEN008,2026-04-05 01:36:20,2026-04-05,22.2,8.38,68.0
SEN002,2026-04-17 20:17:29,2026-04-17,23.0,31.75,77.0
SEN035,2026-08-30 05:36:56,2026-08-30,19.5,16.7,67.0
SEN018,2026-01-25 19:20:57,2026-01-25,37.72,33.2,31.0
SEN028,2026-04-14 09:07:43,2026-04-14,23.4,7.6,
UNKNOWN,2026-09-08 07:38:23,2026-09-08,20.72,,30.0
SEN024,2026-01-25 09:31:52,2026-01-25,35.5,46.5,35.0
SEN047,2026-09-06 18:31:58,2026-09-06,22.7,6.6,94.0
SEN003,2026-06-22 22:48:20,2026-06-22,26.89,11.2,60.0
SEN011,2026-03-29 01:59:49,2026-03-29,27.7,39.1,95.0
SEN013,2026-07-21 03:31:12,2026-07-21,32.1,46.74,51.0
SEN050,2026-03-06 22:07:26,2026-03-06,33.3,9.4,76.0
SEN010,2026-03-29 09:42:24,2026-03-29,18.1,16.3,36.0
SEN027,2026-03-05 12:39:07,2026-03-05,32.7,32.2,45.0
SEN006,2026-01-12 03:03:23,2026-01-12,20.39,5.6,88.0
SEN012,2026-07-08 07:47:33,2026-07-08,33.9,15.6,33.0
SEN028,2026-04-11 15:21:14,2026-04-11,17.78,27.3,84.0
SEN046,2026-07-06 01:46:27,2026-07-06,24.0,30.4,66.0
SEN027,2026-02-18 06:48:00,2026-02-18,16.72,45.97,55.0
SEN044,2026-01-10 14:31:04,2026-01-10,38.5,,67.0
SEN007,2026-04-07 01:43:48,2026-04-07,26.9,,87.0
SEN036,2026-01-14 17:44:02,2026-01-14,19.7,,59.0
SEN007,2026-02-02 15:15:58,2026-02-02,31.72,,45.0
SEN037,2026-07-01 07:49:44,2026-07-01,34.11,,93.0
SEN021,2026-04-21 11:32:39,2026-04-21,20.89,9.5,70.0
SEN050,2026-03-04 01:00:05,2026-03-04,16.11,32.2,39.0
SEN006,2026-07-05 18:02:23,2026-07-05,27.5,25.4,77.0
SEN011,2026-04-21 12:41:42,2026-04-21,27.89,10.41,
SEN006,2026-03-17 20:58:09,2026-03-17,18.89,20.83,91.0
SEN016,2026-06-05 22:14:20,2026-06-05,28.7,43.69,
SEN001,2026-03-18 03:43:04,2026-03-18,16.1,26.9,78.0
SEN026,2026-03-12 15:03:38,2026-03-12,29.2,,46.0
SEN042,2026-04-09 00:00:00,2026-04-09,39.6,38.0,87.0
SEN025,2026-02-28 00:21:42,2026-02-28,25.1,48.5,66.0
SEN035,2026-05-24 13:53:40,2026-05-24,25.9,15.8,40.0
SEN022,2026-08-13 22:04:00,2026-08-13,35.61,4.1,51.0
SEN024,2026-06-29 08:03:24,2026-06-29,20.5,,83.0
SEN030,2026-02-07 04:39:01,2026-02-07,23.8,8.13,53.0
SEN045,2026-04-15 02:53:36,2026-04-15,31.1,,88.0
SEN045,2026-05-17 22:40:17,2026-05-17,20.61,3.81,52.0
SEN035,2026-09-07 19:39:42,2026-09-07,19.3,25.4,44.0
SEN028,2026-05-09 22:46:29,2026-05-09,23.22,32.0,71.0
SEN024,2026-05-16 06:35:50,2026-05-16,38.11,45.7,60.0
SEN024,2026-09-04 07:19:53,2026-09-04,25.0,2.8,51.0
SEN002,2026-06-10 02:49:55,2026-06-10,22.4,,59.0
SEN025,2026-07-14 00:23:02,2026-07-14,15.1,20.1,
SEN014,2026-06-15 14:27:31,2026-06-15,19.4,40.89,94.0
SEN010,2026-01-19 01:37:00,2026-01-19,34.0,39.62,60.0
SEN013,2026-07-30 18:17:02,2026-07-30,15.39,16.9,55.0
SEN007,2026-06-02 19:02:48,2026-06-02,21.6,31.9,84.0
SEN022,2026-08-27 21:18:14,2026-08-27,36.6,3.3,
SEN027,2026-02-21 06:55:43,2026-02-21,19.9,18.54,94.0
SEN046,2026-03-15 09:44:51,2026-03-15,18.22,11.5,60.0
SEN011,2026-08-18 22:38:46,2026-08-18,32.11,,67.0
SEN032,2026-07-25 07:02:33,2026-07-25,38.78,,55.0
SEN001,2026-02-23 04:32:23,2026-02-23,15.0,19.3,31.0
SEN030,2026-09-02 00:27:32,2026-09-02,30.72,17.7,78.0
SEN036,2026-07-14 04:38:19,2026-07-14,25.3,18.0,36.0
SEN025,2026-03-24 04:24:09,2026-03-24,23.6,12.6,85.0
SEN044,2026-03-09 02:50:00,2026-03-09,30.0,,66.0
SEN033,2026-03-31 04:19:42,2026-03-31,39.3,19.4,
SEN039,2026-06-25 11:28:47,2026-06-25,33.1,44.7,68.0
SEN021,2026-04-16 02:44:17,2026-04-16,18.7,30.4,36.0
SEN017,2026-04-05 23:24:32,2026-04-05,15.28,0.9,74.0
SEN050,2026-08-03 02:36:58,2026-08-03,26.0,49.0,86.0
SEN011,2026-01-28 13:10:21,2026-01-28,32.1,4.1,62.0
SEN001,2026-05-12 03:32:12,2026-05-12,24.28,48.2,83.0
UNKNOWN,2026-05-30 06:47:49,2026-05-30,20.7,23.2,43.0
SEN028,2026-07-20 19:57:41,2026-07-20,16.6,42.4,
SEN004,2026-02-08 10:17:33,2026-02-08,31.6,9.65,88.0
SEN021,2026-01-31 05:10:26,2026-01-31,29.0,37.8,55.0
SEN007,2026-01-26 04:39:48,2026-01-26,28.7,41.3,91.0
UNKNOWN,2026-06-18 17:43:04,2026-06-18,23.0,18.7,91.0
SEN010,2026-01-13 16:34:41,2026-01-13,21.28,44.45,50.0
SEN027,2026-02-04 04:57:19,2026-02-04,27.78,19.4,72.0
SEN038,2026-08-13 12:37:26,2026-08-13,33.2,48.1,75.0
SEN043,2026-05-27 12:13:50,2026-05-27,16.61,11.68,36.0
SEN042,2026-03-08 11:26:14,2026-03-08,22.8,49.78,
SEN036,2026-07-18 11:38:40,2026-07-18,27.9,36.58,64.0
SEN016,2026-08-13 21:17:22,2026-08-13,24.5,11.4,93.0
SEN039,2026-08-04 04:20:03,2026-08-04,34.28,45.47,76.0
SEN025,2026-08-24 15:07:08,2026-08-24,15.61,6.1,76.0
SEN049,2026-05-29 23:36:54,2026-05-29,20.4,33.8,72.0
SEN002,2026-04-21 03:21:07,2026-04-21,20.9,,
SEN013,2026-08-24 11:35:13,2026-08-24,22.6,,57.0
SEN037,2026-01-21 04:50:06,2026-01-21,32.2,30.5,49.0
SEN007,2026-03-14 19:46:02,2026-03-14,32.5,16.6,
SEN009,2026-07-13 06:44:38,2026-07-13,20.7,7.37,54.0
SEN020,2026-03-19 11:05:10,2026-03-19,32.0,25.1,80.0
SEN018,2026-02-21 22:08:58,2026-02-21,21.61,13.0,94.0
SEN033,2026-02-04 00:24:04,2026-02-04,28.6,23.3,73.0
SEN045,2026-03-28 20:53:40,2026-03-28,34.22,11.18,84.0
SEN016,2026-02-08 01:47:14,2026-02-08,38.4,18.5,51.0
SEN047,2026-04-11 05:01:10,2026-04-11,38.39,,85.0
SEN024,2026-07-11 14:51:57,2026-07-11,34.22,8.5,62.0
SEN028,2026-04-29 22:49:45,2026-04-29,39.22,41.3,50.0
SEN035,2026-05-12 18:39:49,2026-05-12,32.8,24.4,50.0
SEN016,2026-06-17 23:16:22,2026-06-17,25.1,43.3,69.0
SEN040,2026-04-22 16:39:27,2026-04-22,17.0,,32.0
SEN026,2026-01-07 04:23:49,2026-01-07,35.9,,67.0
SEN048,2026-07-07 02:19:24,2026-07-07,25.9,6.3,67.0
SEN028,2026-07-19 19:17:16,2026-07-19,27.3,,50.0
SEN006,2026-06-15 18:40:03,2026-06-15,26.8,41.4,93.0
SEN040,2026-03-15 18:42:15,2026-03-15,20.22,47.8,68.0
SEN018,2026-05-13 03:58:15,2026-05-13,36.4,0.76,31.0
SEN023,2026-05-21 11:19:49,2026-05-21,32.2,4.8,
SEN025,2026-04-03 16:32:10,2026-04-03,21.0,2.1,61.0
SEN043,2026-05-12 11:39:08,2026-05-12,38.7,6.1,85.0
SEN001,2026-04-29 09:27:52,2026-04-29,32.61,31.6,33.0
SEN014,2026-09-06 15:04:22,2026-09-06,29.0,20.1,79.0
SEN035,2026-01-21 18:11:38,2026-01-21,20.3,48.1,45.0
SEN049,2026-01-16 05:47:42,2026-01-16,20.6,12.6,48.0
SEN043,2026-04-09 20:49:15,2026-04-09,18.1,40.89,93.0
UNKNOWN,2026-03-12 02:11:56,2026-03-12,26.7,35.31,50.0
SEN040,2026-05-17 06:41:17,2026-05-17,23.7,6.35,78.0
SEN003,2026-03-09 06:50:25,2026-03-09,15.0,49.5,86.0
UNKNOWN,2026-01-15 05:52:45,2026-01-15,32.9,49.78,62.0
SEN017,2026-07-17 21:43:06,2026-07-17,24.0,12.7,51.0
SEN036,2026-05-15 12:06:40,2026-05-15,28.89,28.5,
UNKNOWN,2026-08-27 05:49:30,2026-08-27,27.5,44.45,93.0
SEN023,2026-09-03 03:35:33,2026-09-03,29.39,1.1,
SEN049,2026-01-05 06:16:45,2026-01-05,36.8,0.76,45.0
SEN003,2026-08-02 23:28:00,2026-08-02,18.3,39.1,
SEN027,2026-08-11 01:23:43,2026-08-11,30.11,27.4,77.0
SEN017,2026-07-27 15:22:39,2026-07-27,28.11,,62.0
SEN037,2026-02-10 10:22:10,2026-02-10,21.78,,85.0
SEN008,2026-02-21 09:34:22,2026-02-21,23.78,16.51,41.0
SEN049,2026-07-26 00:00:00,2026-07-26,19.0,,60.0
SEN030,2026-08-27 22:28:10,2026-08-27,26.3,40.2,87.0
SEN015,2026-07-07 18:12:31,2026-07-07,19.1,5.2,83.0
UNKNOWN,2026-01-19 13:11:42,2026-01-19,26.6,39.62,68.0
SEN039,2026-08-15 13:09:05,2026-08-15,16.7,8.7,73.0
SEN012,2026-08-02 23:47:22,2026-08-02,33.78,49.53,65.0
SEN004,2026-07-13 08:42:37,2026-07-13,33.28,48.2,35.0
SEN022,2026-04-03 20:43:47,2026-04-03,29.28,6.6,74.0
SEN015,2026-03-07 16:09:33,2026-03-07,37.4,,34.0
SEN047,2026-03-04 23:14:00,2026-03-04,19.1,,
SEN030,2026-03-21 13:05:28,2026-03-21,37.8,,62.0
SEN004,2026-08-24 21:32:33,2026-08-24,15.0,33.1,
SEN006,2026-08-15 00:50:03,2026-08-15,23.3,,88.0
SEN005,2026-06-27 05:52:00,2026-06-27,18.5,44.1,85.0
SEN043,2026-08-30 08:22:42,2026-08-30,39.9,24.64,40.0
SEN020,2026-07-01 02:15:11,2026-07-01,35.5,24.7,44.0
UNKNOWN,2026-01-08 18:28:11,2026-01-08,37.7,,93.0
SEN020,2026-08-08 20:39:52,2026-08-08,26.0,4.8,77.0
SEN014,2026-08-21 03:00:52,2026-08-21,28.72,14.8,63.0
SEN020,2026-02-04 09:14:32,2026-02-04,34.0,,78.0
SEN022,2026-06-15 11:22:47,2026-06-15,19.89,49.1,61.0
SEN050,2026-02-25 12:42:00,2026-02-25,26.6,33.8,74.0
SEN021,2026-03-13 12:37:46,2026-03-13,29.1,2.4,60.0
UNKNOWN,2026-01-05 13:56:24,2026-01-05,37.5,17.5,95.0
SEN005,2026-04-26 06:35:26,2026-04-26,31.9,34.8,48.0
SEN042,2026-08-11 10:44:01,2026-08-11,25.2,,61.0
SEN004,2026-06-30 10:07:35,2026-06-30,39.72,39.1,43.0
SEN003,2026-05-02 09:53:04,2026-05-02,28.0,39.2,47.0
SEN020,2026-03-13 10:30:29,2026-03-13,28.5,36.9,
SEN030,2026-08-08 00:38:33,2026-08-08,31.6,18.29,58.0
SEN010,2026-05-27 01:56:42,2026-05-27,15.28,39.7,36.0
SEN035,2026-02-17 11:38:07,2026-02-17,26.8,2.8,49.0
UNKNOWN,2026-08-24 09:18:19,2026-08-24,32.2,,30.0
SEN014,2026-01-31 11:29:18,2026-01-31,22.89,38.1,37.0
SEN006,2026-02-18 12:00:23,2026-02-18,38.72,18.54,48.0
SEN009,2026-09-07 22:17:37,2026-09-07,39.78,,34.0
SEN017,2026-04-20 06:04:54,2026-04-20,23.8,36.32,53.0
SEN025,2026-02-08 15:02:26,2026-02-08,31.5,22.61,63.0
SEN046,2026-07-05 00:02:20,2026-07-05,36.9,42.4,85.0
UNKNOWN,2026-05-01 06:46:18,2026-05-01,28.2,,59.0
SEN035,2026-04-12 06:45:48,2026-04-12,29.1,,77.0
SEN010,2026-05-05 09:16:15,2026-05-05,16.3,,34.0
SEN016,2026-02-25 21:53:38,2026-02-25,39.0,13.5,71.0
SEN029,2026-07-24 12:24:03,2026-07-24,26.3,43.94,48.0
SEN014,2026-07-22 09:54:38,2026-07-22,31.9,2.8,
SEN025,2026-04-02 06:18:48,2026-04-02,36.9,,77.0
SEN032,2026-01-11 17:08:14,2026-01-11,29.78,38.1,59.0
SEN035,2026-03-01 14:27:52,2026-03-01,22.4,,44.0
SEN019,2026-01-17 17:03:10,2026-01-17,27.0,8.89,33.0
SEN015,2026-07-26 07:38:00,2026-07-26,21.11,48.0,
SEN032,2026-03-16 11:11:00,2026-03-16,39.5,45.72,86.0
SEN027,2026-04-03 06:00:34,2026-04-03,25.7,33.78,46.0
SEN037,2026-03-24 05:05:24,2026-03-24,39.8,43.0,
SEN023,2026-06-17 03:51:16,2026-06-17,23.5,,64.0
UNKNOWN,2026-07-05 18:33:13,2026-07-05,29.4,48.6,48.0
SEN027,2026-04-23 13:35:18,2026-04-23,29.0,14.99,31.0
SEN007,2026-04-03 11:51:27,2026-04-03,35.0,,91.0
SEN016,2026-04-13 05:56:37,2026-04-13,28.8,4.4,51.0
SEN038,2026-01-21 04:35:39,2026-01-21,24.22,2.3,94.0
SEN026,2026-08-13 19:35:19,2026-08-13,28.11,7.87,74.0
SEN050,2026-09-06 06:40:44,2026-09-06,18.1,20.57,37.0
SEN038,2026-06-16 00:00:00,2026-06-16,27.6,36.2,85.0
SEN026,2026-04-05 10:54:36,2026-04-05,22.28,33.6,69.0
SEN003,2026-04-08 22:13:26,2026-04-08,21.5,45.6,44.0
SEN047,2026-08-15 22:00:32,2026-08-15,22.89,8.38,61.0
SEN015,2026-06-09 17:33:53,2026-06-09,17.28,20.3,66.0
SEN009,2026-04-20 05:38:03,2026-04-20,39.8,47.2,82.0
SEN016,2026-04-12 20:35:29,2026-04-12,37.22,,56.0
SEN036,2026-04-15 22:32:04,2026-04-15,28.28,46.23,46.0
SEN012,2026-08-11 01:16:57,2026-08-11,31.5,38.86,64.0
SEN035,2026-05-03 18:36:16,2026-05-03,27.2,40.89,76.0
SEN017,2026-07-08 11:24:46,2026-07-08,28.5,15.0,39.0
SEN005,2026-05-28 17:51:34,2026-05-28,16.4,,74.0
SEN030,2026-02-05 10:34:01,2026-02-05,29.78,23.6,88.0
SEN036,2026-04-01 01:03:57,2026-04-01,22.7,38.8,88.0
SEN040,2026-05-23 04:43:34,2026-05-23,36.4,40.7,89.0
SEN006,2026-01-14 18:04:54,2026-01-14,39.0,38.2,
SEN013,2026-09-04 20:42:21,2026-09-04,32.39,,80.0
SEN017,2026-06-23 00:19:54,2026-06-23,31.7,34.8,31.0
SEN047,2026-07-24 10:24:52,2026-07-24,29.0,9.6,84.0
UNKNOWN,2026-04-10 22:25:22,2026-04-10,20.5,9.14,50.0
SEN030,2026-05-27 05:50:39,2026-05-27,31.0,1.5,68.0
SEN041,2026-04-16 06:50:20,2026-04-16,28.6,1.2,40.0
SEN040,2026-08-18 09:49:27,2026-08-18,35.78,33.6,68.0
SEN021,2026-07-09 15:50:25,2026-07-09,38.5,,
SEN019,2026-09-01 01:51:15,2026-09-01,28.1,18.5,83.0
SEN030,2026-08-13 17:39:22,2026-08-13,28.5,34.5,88.0
SEN031,2026-02-07 20:38:11,2026-02-07,21.89,24.5,66.0
SEN043,2026-02-03 14:05:42,2026-02-03,21.3,22.3,38.0
SEN050,2026-01-22 07:31:41,2026-01-22,25.61,28.4,64.0
SEN007,2026-02-21 04:07:00,2026-02-21,24.0,10.5,
SEN005,2026-07-09 06:42:07,2026-07-09,22.5,,
SEN038,2026-01-03 06:17:47,2026-01-03,24.2,,84.0
SEN008,2026-04-02 05:59:54,2026-04-02,37.9,34.8,33.0
SEN018,2026-01-03 00:19:29,2026-01-03,17.3,31.5,49.0
SEN038,2026-01-02 13:34:54,2026-01-02,35.3,28.8,57.0
SEN044,2026-02-06 23:10:43,2026-02-06,18.2,,57.0
SEN021,2026-07-27 16:06:07,2026-07-27,26.39,,74.0
SEN030,2026-06-01 17:54:57,2026-06-01,33.2,13.6,86.0
SEN022,2026-07-10 08:37:56,2026-07-10,19.6,28.7,69.0
SEN043,2026-06-09 01:47:45,2026-06-09,27.1,45.21,
SEN049,2026-06-01 16:32:06,2026-06-01,39.2,49.0,54.0
SEN002,2026-05-11 00:56:52,2026-05-11,31.0,17.9,41.0
SEN050,2026-06-10 00:00:00,2026-06-10,30.9,36.58,38.0
SEN002,2026-04-03 15:11:34,2026-04-03,38.39,39.6,90.0
SEN027,2026-03-01 10:12:49,2026-03-01,38.11,18.54,37.0
SEN041,2026-03-09 08:07:00,2026-03-09,33.22,36.5,91.0
SEN045,2026-09-08 12:18:01,2026-09-08,39.4,16.4,64.0
SEN019,2026-03-25 07:20:15,2026-03-25,30.0,,42.0
SEN012,2026-07-18 07:57:25,2026-07-18,38.5,8.0,38.0
SEN014,2026-03-29 18:23:04,2026-03-29,29.7,32.77,84.0
SEN021,2026-05-17 15:46:23,2026-05-17,39.9,36.8,53.0
SEN022,2026-07-20 15:14:37,2026-07-20,39.1,7.7,95.0
SEN046,2026-04-14 02:50:51,2026-04-14,29.11,0.7,85.0
SEN018,2026-01-24 07:58:00,2026-01-24,34.6,0.76,76.0
SEN012,2026-04-23 08:20:21,2026-04-23,32.61,,43.0
SEN014,2026-08-31 08:20:30,2026-08-31,33.39,,92.0
SEN020,2026-07-04 02:59:53,2026-07-04,19.7,30.8,75.0
SEN036,2026-03-31 22:44:53,2026-03-31,35.11,24.38,94.0
SEN022,2026-05-08 17:56:18,2026-05-08,33.7,21.4,62.0
SEN040,2026-01-17 03:33:20,2026-01-17,23.4,48.26,83.0
SEN018,2026-09-03 03:41:47,2026-09-03,29.78,38.61,88.0
SEN044,2026-09-02 12:21:22,2026-09-02,16.22,2.0,80.0
SEN020,2026-06-18 09:36:18,2026-06-18,17.3,22.61,79.0
SEN034,2026-06-01 17:16:30,2026-06-01,29.6,1.78,91.0
SEN019,2026-04-11 21:59:51,2026-04-11,24.7,44.6,61.0
UNKNOWN,2026-04-29 16:59:16,2026-04-29,38.6,32.77,
SEN023,2026-08-03 08:09:15,2026-08-03,22.89,36.4,61.0
SEN031,2026-04-01 11:57:53,2026-04-01,32.5,6.5,52.0
SEN020,2026-01-11 21:33:04,2026-01-11,23.22,20.32,56.0
SEN026,2026-04-21 14:09:08,2026-04-21,32.39,33.6,38.0
SEN034,2026-03-02 15:52:44,2026-03-02,27.0,25.4,73.0
SEN049,2026-01-23 11:39:01,2026-01-23,32.4,9.6,
SEN037,2026-04-27 02:23:02,2026-04-27,19.6,18.54,66.0
SEN017,2026-03-02 20:36:13,2026-03-02,25.9,34.29,42.0
SEN041,2026-07-23 13:36:49,2026-07-23,19.6,,95.0
SEN043,2026-04-22 12:08:22,2026-04-22,37.5,,76.0
SEN034,2026-01-18 03:21:44,2026-01-18,16.3,27.0,77.0
SEN021,2026-08-25 04:10:24,2026-08-25,26.4,19.3,34.0
SEN015,2026-04-29 04:06:43,2026-04-29,34.0,10.16,67.0
SEN015,2026-07-21 23:58:27,2026-07-21,23.3,30.7,
SEN006,2026-08-23 09:29:45,2026-08-23,16.3,23.8,85.0
SEN008,2026-08-03 03:11:00,2026-08-03,21.8,12.3,57.0
SEN030,2026-02-22 19:53:24,2026-02-22,37.7,31.6,75.0
SEN040,2026-08-02 22:32:24,2026-08-02,36.11,32.8,41.0
SEN024,2026-08-02 03:20:30,2026-08-02,39.5,23.37,57.0
SEN049,2026-07-01 19:47:26,2026-07-01,38.89,42.3,
SEN003,2026-05-07 01:16:24,2026-05-07,32.7,,
SEN015,2026-03-23 08:52:09,2026-03-23,19.6,,69.0
SEN044,2026-03-31 19:02:01,2026-03-31,32.28,,40.0
SEN041,2026-02-17 08:03:19,2026-02-17,38.72,37.6,
SEN042,2026-04-17 05:46:00,2026-04-17,37.22,15.49,86.0
SEN015,2026-05-09 17:16:34,2026-05-09,26.6,21.34,47.0
SEN043,2026-05-21 06:11:21,2026-05-21,27.9,,62.0
SEN027,2026-06-11 13:00:38,2026-06-11,40.0,49.78,42.0
SEN012,2026-03-06 05:22:38,2026-03-06,34.6,32.4,84.0
SEN037,2026-06-14 19:25:53,2026-06-14,23.78,8.38,78.0
SEN015,2026-04-04 16:13:00,2026-04-04,29.3,22.1,88.0
SEN050,2026-06-09 23:15:18,2026-06-09,39.9,31.9,89.0
SEN034,2026-03-01 00:04:04,2026-03-01,21.5,27.8,67.0
SEN006,2026-09-02 08:07:13,2026-09-02,24.5,10.6,92.0
SEN042,2026-02-26 11:27:35,2026-02-26,37.0,33.4,73.0
SEN037,2026-06-12 04:24:15,2026-06-12,20.72,26.7,53.0
SEN050,2026-08-20 18:53:13,2026-08-20,33.22,39.12,59.0
SEN018,2026-03-22 08:02:44,2026-03-22,20.3,19.0,58.0
SEN036,2026-02-18 10:03:57,2026-02-18,16.28,47.2,55.0
SEN039,2026-02-25 13:51:28,2026-02-25,22.3,43.69,35.0
SEN005,2026-05-27 02:55:31,2026-05-27,31.4,39.4,32.0
SEN018,2026-03-10 05:10:02,2026-03-10,39.9,17.0,
SEN026,2026-06-29 19:15:20,2026-06-29,25.61,13.21,
SEN020,2026-08-17 10:02:45,2026-08-17,29.6,29.9,37.0
SEN029,2026-06-17 00:32:22,2026-06-17,32.1,43.43,84.0
SEN041,2026-05-07 12:35:11,2026-05-07,36.8,32.51,57.0
SEN024,2026-02-15 23:07:27,2026-02-15,19.89,18.7,94.0
SEN003,2026-08-31 14:02:00,2026-08-31,22.6,3.3,40.0
SEN008,2026-08-25 06:47:00,2026-08-25,19.5,20.6,63.0
SEN029,2026-07-28 20:00:57,2026-07-28,32.6,44.45,
SEN016,2026-07-16 17:25:00,2026-07-16,21.0,18.4,38.0
SEN040,2026-03-01 04:46:47,2026-03-01,39.8,37.08,90.0
SEN009,2026-03-19 12:41:34,2026-03-19,33.6,18.2,95.0
SEN010,2026-07-08 15:50:30,2026-07-08,36.28,43.1,82.0
SEN049,2026-02-18 03:55:49,2026-02-18,31.9,45.97,77.0
SEN027,2026-04-29 02:40:57,2026-04-29,26.4,5.1,81.0
SEN027,2026-02-07 02:25:39,2026-02-07,34.4,28.7,46.0
SEN007,2026-08-02 04:05:48,2026-08-02,20.7,37.59,63.0
SEN041,2026-04-25 07:02:10,2026-04-25,29.1,39.9,50.0
SEN049,2026-06-26 02:23:00,2026-06-26,22.7,,61.0
SEN021,2026-08-14 06:30:24,2026-08-14,30.0,26.2,46.0
SEN008,2026-04-14 16:21:30,2026-04-14,29.28,35.5,55.0
SEN049,2026-01-08 06:09:47,2026-01-08,23.39,,80.0
SEN003,2026-03-20 19:21:00,2026-03-20,22.8,24.7,84.0
SEN036,2026-05-04 10:21:58,2026-05-04,16.5,18.8,75.0
SEN019,2026-04-18 22:30:41,2026-04-18,39.2,20.5,
SEN040,2026-06-25 16:25:03,2026-06-25,15.1,46.8,84.0
SEN048,2026-01-21 08:32:21,2026-01-21,33.5,21.1,33.0
SEN010,2026-06-03 10:18:31,2026-06-03,24.9,27.69,48.0
SEN042,2026-02-16 04:21:53,2026-02-16,29.89,7.6,46.0
SEN001,2026-07-03 01:05:39,2026-07-03,39.0,,36.0
SEN049,2026-02-03 16:55:31,2026-02-03,16.28,,79.0
SEN035,2026-04-20 00:16:09,2026-04-20,23.6,25.1,58.0
SEN026,2026-07-14 02:41:15,2026-07-14,18.6,6.6,46.0
SEN031,2026-08-03 23:41:57,2026-08-03,23.5,41.2,43.0
SEN009,2026-01-11 01:04:35,2026-01-11,18.3,49.1,49.0
SEN034,2026-08-21 15:04:47,2026-08-21,25.0,32.8,33.0
SEN042,2026-08-07 13:11:43,2026-08-07,22.3,21.08,39.0
SEN045,2026-04-13 12:14:02,2026-04-13,32.2,2.79,62.0
SEN049,2026-03-07 23:02:24,2026-03-07,30.8,40.89,56.0
SEN049,2026-01-19 02:55:42,2026-01-19,37.0,43.4,40.0
SEN005,2026-08-19 01:17:21,2026-08-19,20.89,24.1,75.0
SEN045,2026-03-31 21:11:56,2026-03-31,22.28,1.6,36.0
SEN035,2026-08-15 17:17:54,2026-08-15,37.1,35.5,
SEN044,2026-06-13 07:00:00,2026-06-13,15.4,,78.0
SEN038,2026-07-15 03:16:12,2026-07-15,31.28,20.0,60.0
SEN008,2026-05-24 09:33:17,2026-05-24,36.11,33.53,34.0
SEN019,2026-02-04 13:18:25,2026-02-04,19.6,39.3,65.0
SEN023,2026-06-30 00:00:00,2026-06-30,27.1,,43.0
SEN029,2026-01-03 08:03:11,2026-01-03,38.8,29.6,60.0
SEN003,2026-04-08 20:20:15,2026-04-08,17.9,38.35,65.0
SEN007,2026-03-25 22:35:45,2026-03-25,24.72,5.9,81.0
SEN050,2026-05-06 19:00:29,2026-05-06,28.3,11.6,50.0
SEN005,2026-05-31 14:16:43,2026-05-31,21.8,32.6,93.0
SEN034,2026-07-25 09:22:14,2026-07-25,24.8,16.5,45.0
SEN012,2026-03-19 23:55:18,2026-03-19,25.5,41.0,34.0
SEN016,2026-05-03 19:28:01,2026-05-03,36.6,6.3,93.0
UNKNOWN,2026-01-11 01:30:38,2026-01-11,20.78,20.1,68.0
SEN007,2026-04-03 08:34:14,2026-04-03,20.3,12.3,69.0
SEN032,2026-04-16 15:48:44,2026-04-16,19.5,,91.0
UNKNOWN,2026-08-11 03:36:43,2026-08-11,25.39,21.5,85.0
SEN030,2026-01-19 23:43:42,2026-01-19,21.39,19.05,
SEN020,2026-03-19 02:50:32,2026-03-19,20.7,40.5,50.0
SEN009,2026-07-23 09:53:12,2026-07-23,28.78,14.6,
SEN039,2026-05-08 07:59:32,2026-05-08,21.8,22.7,41.0
SEN012,2026-03-08 22:30:38,2026-03-08,15.11,,
SEN005,2026-08-13 08:55:09,2026-08-13,26.9,,87.0
SEN033,2026-04-13 01:37:51,2026-04-13,21.3,44.5,
SEN009,2026-05-22 20:02:02,2026-05-22,31.0,18.1,49.0
SEN027,2026-03-06 20:53:31,2026-03-06,20.5,17.1,56.0
SEN015,2026-07-27 04:09:13,2026-07-27,24.89,,33.0
SEN009,2026-05-23 10:00:51,2026-05-23,37.0,21.3,55.0
SEN039,2026-05-19 07:38:39,2026-05-19,36.22,6.5,32.0
SEN020,2026-08-07 21:03:09,2026-08-07,37.0,,66.0
SEN018,2026-06-08 01:12:32,2026-06-08,38.7,33.02,62.0
SEN002,2026-03-07 04:56:05,2026-03-07,15.9,2.6,42.0
SEN026,2026-01-07 18:05:06,2026-01-07,19.8,10.16,67.0
SEN032,2026-06-06 12:23:00,2026-06-06,15.8,46.23,49.0
SEN047,2026-03-06 20:27:30,2026-03-06,22.78,12.0,42.0
SEN011,2026-03-28 11:12:44,2026-03-28,37.6,12.7,38.0
SEN012,2026-05-01 12:17:48,2026-05-01,24.0,8.38,86.0
SEN015,2026-02-11 12:08:42,2026-02-11,31.4,37.59,88.0
SEN025,2026-04-22 03:24:40,2026-04-22,18.3,13.6,36.0
SEN042,2026-03-14 09:25:14,2026-03-14,17.89,38.7,79.0
UNKNOWN,2026-04-21 20:38:43,2026-04-21,24.8,34.54,81.0
SEN049,2026-08-12 23:05:36,2026-08-12,27.5,,72.0
SEN044,2026-07-29 03:15:25,2026-07-29,16.3,,89.0
SEN045,2026-04-21 17:32:39,2026-04-21,26.0,11.9,48.0
SEN049,2026-07-22 11:58:19,2026-07-22,18.5,38.35,71.0
SEN044,2026-07-27 18:29:52,2026-07-27,16.9,45.47,64.0
SEN033,2026-02-24 23:54:06,2026-02-24,39.7,29.6,52.0
SEN041,2026-08-07 23:56:00,2026-08-07,38.9,20.9,86.0
SEN008,2026-03-10 12:05:37,2026-03-10,20.89,,75.0
SEN042,2026-02-10 09:03:35,2026-02-10,19.7,6.4,65.0
SEN043,2026-03-17 05:28:51,2026-03-17,18.89,9.4,42.0
SEN005,2026-06-04 21:05:36,2026-06-04,20.2,23.5,43.0
SEN031,2026-01-05 07:13:32,2026-01-05,18.89,23.6,47.0
UNKNOWN,2026-07-16 04:03:12,2026-07-16,28.89,36.32,66.0
SEN026,2026-05-01 19:31:01,2026-05-01,38.11,16.4,47.0
SEN019,2026-08-31 00:31:00,2026-08-31,17.11,35.3,94.0
SEN036,2026-05-31 11:51:12,2026-05-31,33.72,30.3,46.0
SEN022,2026-03-22 08:36:00,2026-03-22,34.0,6.6,33.0
SEN048,2026-05-11 03:06:37,2026-05-11,35.22,11.1,59.0
SEN029,2026-04-17 04:16:00,2026-04-17,17.8,15.49,78.0
SEN030,2026-05-02 23:11:12,2026-05-02,31.11,7.87,38.0
SEN042,2026-06-19 07:35:41,2026-06-19,33.5,,86.0
SEN027,2026-02-14 17:45:09,2026-02-14,28.1,40.89,57.0
SEN034,2026-05-30 21:16:50,2026-05-30,15.0,3.9,60.0
SEN030,2026-04-15 11:49:17,2026-04-15,35.7,16.26,39.0
SEN008,2026-02-26 20:48:04,2026-02-26,38.3,33.02,82.0
SEN002,2026-05-23 00:18:05,2026-05-23,28.72,28.2,47.0
SEN034,2026-08-22 11:09:07,2026-08-22,18.1,10.7,82.0
SEN022,2026-07-07 05:40:41,2026-07-07,39.7,28.19,39.0
UNKNOWN,2026-04-04 10:53:56,2026-04-04,21.72,25.6,31.0
SEN035,2026-08-09 07:11:49,2026-08-09,16.72,17.6,57.0
SEN044,2026-08-15 09:51:06,2026-08-15,30.9,49.6,79.0
SEN003,2026-07-12 12:15:11,2026-07-12,25.9,,83.0
SEN033,2026-05-18 22:25:26,2026-05-18,39.72,3.7,42.0
SEN022,2026-06-01 22:23:39,2026-06-01,25.1,,88.0
SEN048,2026-04-13 05:54:16,2026-04-13,34.39,21.08,70.0
SEN049,2026-01-10 04:10:23,2026-01-10,37.22,,70.0
SEN008,2026-04-26 07:59:00,2026-04-26,30.0,15.1,52.0
SEN033,2026-02-27 02:55:07,2026-02-27,21.1,27.43,85.0
UNKNOWN,2026-04-30 16:05:49,2026-04-30,29.6,35.1,61.0
SEN032,2026-08-28 04:16:53,2026-08-28,35.0,21.4,31.0
SEN042,2026-01-24 16:10:46,2026-01-24,27.0,,78.0
SEN007,2026-06-10 02:02:00,2026-06-10,21.7,1.7,
SEN009,2026-04-29 02:25:19,2026-04-29,31.39,10.5,60.0
UNKNOWN,2026-06-27 22:50:55,2026-06-27,37.89,4.1,41.0
SEN039,2026-05-25 01:23:13,2026-05-25,34.5,19.5,41.0
SEN040,2026-01-27 13:41:10,2026-01-27,27.39,20.0,63.0
SEN002,2026-03-11 21:43:56,2026-03-11,17.22,25.15,53.0
UNKNOWN,2026-08-19 23:38:52,2026-08-19,27.3,18.4,73.0
SEN018,2026-03-26 03:40:00,2026-03-26,20.3,33.8,
SEN050,2026-05-05 19:31:20,2026-05-05,21.0,,55.0
UNKNOWN,2026-03-05 22:05:06,2026-03-05,38.22,3.1,68.0
SEN044,2026-06-12 16:08:02,2026-06-12,27.4,18.6,
SEN033,2026-02-25 23:00:54,2026-02-25,16.8,18.3,60.0
SEN020,2026-03-30 07:37:45,2026-03-30,31.1,3.81,52.0
UNKNOWN,2026-02-01 12:39:53,2026-02-01,33.6,36.6,77.0
UNKNOWN,2026-08-25 13:10:02,2026-08-25,36.22,31.9,86.0
SEN046,2026-06-28 13:21:44,2026-06-28,38.7,12.45,81.0
SEN036,2026-03-27 06:45:20,2026-03-27,35.61,8.6,48.0
SEN029,2026-08-23 07:41:16,2026-08-23,34.28,14.22,
SEN036,2026-04-17 00:05:04,2026-04-17,20.0,31.24,46.0
SEN049,2026-08-26 22:32:50,2026-08-26,35.11,29.5,34.0
SEN026,2026-01-10 16:34:40,2026-01-10,23.8,17.78,37.0
SEN039,2026-03-18 23:56:00,2026-03-18,24.3,33.53,
SEN048,2026-08-02 05:52:34,2026-08-02,19.61,2.79,59.0
SEN001,2026-07-21 19:26:05,2026-07-21,36.2,28.6,43.0
SEN045,2026-01-13 03:04:16,2026-01-13,23.78,,59.0
SEN027,2026-06-26 15:45:36,2026-06-26,39.39,27.4,30.0
SEN037,2026-01-25 23:55:01,2026-01-25,30.0,3.8,57.0
SEN040,2026-02-08 19:33:43,2026-02-08,32.5,23.62,81.0
SEN033,2026-06-19 02:03:39,2026-06-19,37.7,25.91,94.0
SEN035,2026-08-24 16:59:25,2026-08-24,23.0,,81.0
SEN002,2026-05-03 08:59:33,2026-05-03,29.3,44.8,51.0
SEN009,2026-05-17 11:45:07,2026-05-17,27.28,38.7,
SEN016,2026-07-02 08:12:27,2026-07-02,37.39,27.18,66.0
SEN043,2026-02-17 11:34:22,2026-02-17,17.3,44.0,
SEN032,2026-06-30 07:03:00,2026-06-30,22.3,46.5,
SEN023,2026-05-12 08:50:00,2026-05-12,16.39,11.7,
SEN003,2026-07-10 17:36:27,2026-07-10,17.0,1.8,45.0
SEN025,2026-04-18 10:40:25,2026-04-18,16.11,5.5,91.0
SEN026,2026-08-09 21:28:15,2026-08-09,26.11,16.8,77.0
SEN039,2026-07-18 02:20:22,2026-07-18,26.9,17.4,41.0
SEN019,2026-07-10 22:31:15,2026-07-10,32.72,,74.0
SEN001,2026-06-15 02:35:09,2026-06-15,29.89,30.2,49.0
SEN029,2026-08-18 23:04:29,2026-08-18,29.8,,36.0
SEN011,2026-07-02 11:50:25,2026-07-02,15.39,,71.0
SEN008,2026-03-03 13:32:35,2026-03-03,39.8,13.21,39.0
SEN033,2026-08-11 02:15:56,2026-08-11,19.72,35.0,64.0
SEN009,2026-02-05 14:59:11,2026-02-05,31.61,27.43,83.0
SEN050,2026-06-22 11:40:22,2026-06-22,21.9,21.0,55.0
SEN024,2026-05-23 19:18:54,2026-05-23,17.3,45.21,31.0
SEN026,2026-02-26 03:34:41,2026-02-26,36.4,,88.0
SEN005,2026-08-09 12:10:30,2026-08-09,35.39,,94.0
UNKNOWN,2026-06-08 13:43:15,2026-06-08,35.7,21.6,54.0
SEN012,2026-03-12 02:24:38,2026-03-12,18.1,45.3,57.0
SEN039,2026-07-16 22:24:29,2026-07-16,30.89,,
SEN044,2026-02-08 23:25:56,2026-02-08,15.5,27.94,36.0
SEN031,2026-08-17 01:27:29,2026-08-17,29.5,,48.0
SEN034,2026-07-20 12:27:58,2026-07-20,28.9,24.2,41.0
SEN016,2026-07-16 21:26:10,2026-07-16,39.1,33.5,34.0
SEN008,2026-03-09 05:34:10,2026-03-09,40.0,37.9,54.0
SEN047,2026-08-10 22:01:36,2026-08-10,30.61,,73.0
SEN034,2026-02-13 22:25:18,2026-02-13,34.7,16.9,91.0
SEN049,2026-01-03 06:48:56,2026-01-03,15.3,10.1,39.0
SEN014,2026-01-01 00:22:35,2026-01-01,36.2,,60.0
SEN013,2026-02-12 22:52:55,2026-02-12,28.3,45.21,58.0
SEN039,2026-06-11 03:00:35,2026-06-11,20.8,33.5,64.0
SEN041,2026-05-07 12:58:14,2026-05-07,22.8,33.4,55.0
SEN021,2026-04-05 20:45:29,2026-04-05,26.5,,
SEN006,2026-01-25 10:29:32,2026-01-25,26.61,39.88,60.0
UNKNOWN,2026-05-28 14:15:53,2026-05-28,35.11,35.56,83.0
SEN036,2026-07-26 02:02:48,2026-07-26,17.1,,42.0
SEN017,2026-06-17 07:40:11,2026-06-17,22.39,,39.0
SEN045,2026-06-06 00:14:23,2026-06-06,15.0,2.8,72.0
SEN026,2026-04-15 18:49:24,2026-04-15,39.5,27.0,65.0
SEN008,2026-02-20 23:40:51,2026-02-20,27.78,32.7,48.0
SEN021,2026-02-10 06:37:39,2026-02-10,33.78,43.5,61.0
SEN003,2026-03-08 04:40:26,2026-03-08,23.0,21.5,44.0
SEN027,2026-08-27 21:48:08,2026-08-27,35.7,15.2,57.0
SEN046,2026-04-27 09:25:37,2026-04-27,26.9,16.26,85.0
SEN046,2026-02-15 10:24:03,2026-02-15,29.0,14.8,75.0
SEN015,2026-01-19 08:13:33,2026-01-19,28.5,35.5,30.0
SEN006,2026-05-19 12:32:53,2026-05-19,37.11,28.0,82.0
SEN024,2026-03-16 11:34:12,2026-03-16,29.89,35.81,38.0
SEN025,2026-09-03 21:02:00,2026-09-03,21.1,,
SEN017,2026-06-22 18:40:28,2026-06-22,36.9,27.5,
SEN035,2026-01-10 10:43:00,2026-01-10,20.89,29.0,45.0
SEN038,2026-07-28 12:34:30,2026-07-28,24.4,,58.0
SEN049,2026-08-23 07:19:50,2026-08-23,38.0,47.0,36.0
SEN023,2026-04-21 17:50:54,2026-04-21,31.5,3.7,
SEN038,2026-07-22 02:15:28,2026-07-22,34.5,48.4,82.0
UNKNOWN,2026-01-29 10:52:45,2026-01-29,23.28,,51.0
SEN045,2026-05-16 07:06:04,2026-05-16,30.2,18.8,73.0
SEN036,2026-03-21 07:10:00,2026-03-21,24.4,43.1,46.0
SEN045,2026-05-17 21:06:48,2026-05-17,15.11,42.42,38.0
SEN036,2026-02-26 22:20:23,2026-02-26,23.4,24.8,47.0
SEN004,2026-02-28 19:20:21,2026-02-28,19.5,32.1,65.0
SEN010,2026-02-24 17:56:15,2026-02-24,18.7,0.1,71.0
SEN013,2026-07-04 08:38:28,2026-07-04,31.39,48.51,83.0
SEN041,2026-08-13 19:33:16,2026-08-13,19.7,42.6,85.0
SEN003,2026-07-01 21:03:59,2026-07-01,23.0,36.5,58.0
SEN018,2026-09-09 06:57:55,2026-09-09,20.7,23.6,37.0
SEN025,2026-02-08 01:27:53,2026-02-08,37.7,,72.0
SEN047,2026-03-11 04:04:50,2026-03-11,37.5,39.37,
SEN034,2026-01-16 00:43:05,2026-01-16,35.28,41.3,
SEN015,2026-06-14 11:01:05,2026-06-14,28.28,4.4,67.0
SEN030,2026-09-02 17:37:02,2026-09-02,36.89,32.9,90.0
SEN004,2026-06-17 09:30:02,2026-06-17,26.9,,
SEN006,2026-09-03 19:48:10,2026-09-03,35.8,11.94,46.0
SEN024,2026-03-18 08:44:50,2026-03-18,30.0,1.78,62.0
SEN004,2026-01-06 14:23:37,2026-01-06,17.22,21.8,90.0
SEN048,2026-06-09 04:17:11,2026-06-09,35.9,9.9,31.0
SEN025,2026-08-03 18:21:09,2026-08-03,35.11,27.5,71.0
SEN013,2026-02-14 12:12:10,2026-02-14,33.6,32.1,74.0
SEN006,2026-08-19 23:03:00,2026-08-19,37.89,7.9,37.0
SEN017,2026-03-12 11:44:51,2026-03-12,37.6,5.1,65.0
SEN016,2026-07-03 14:23:28,2026-07-03,21.7,3.81,62.0
SEN018,2026-05-21 00:41:04,2026-05-21,17.89,5.1,45.0
SEN043,2026-04-19 01:00:58,2026-04-19,40.0,30.73,76.0
SEN014,2026-04-18 01:37:47,2026-04-18,29.61,42.16,31.0
SEN006,2026-03-22 05:19:34,2026-03-22,26.0,18.2,44.0
SEN013,2026-06-08 11:10:00,2026-06-08,30.61,32.2,31.0
SEN046,2026-03-19 00:00:00,2026-03-19,30.7,34.0,63.0
SEN049,2026-03-26 01:39:39,2026-03-26,31.61,4.7,50.0
SEN044,2026-06-23 02:39:00,2026-06-23,31.72,32.3,79.0
SEN004,2026-01-03 16:07:36,2026-01-03,17.4,3.7,53.0
SEN045,2026-01-06 22:31:09,2026-01-06,32.8,,58.0
SEN009,2026-01-25 18:22:00,2026-01-25,24.0,30.8,93.0
UNKNOWN,2026-07-24 16:30:37,2026-07-24,15.28,,71.0
SEN005,2026-01-12 23:45:50,2026-01-12,25.1,24.38,52.0
SEN043,2026-03-02 15:23:02,2026-03-02,39.11,35.0,
SEN003,2026-05-06 00:59:45,2026-05-06,31.2,41.4,52.0
SEN026,2026-01-03 19:40:00,2026-01-03,20.39,4.9,
SEN027,2026-08-25 20:54:28,2026-08-25,23.1,14.7,
SEN027,2026-06-23 21:54:37,2026-06-23,36.61,20.83,69.0
SEN010,2026-01-09 00:48:07,2026-01-09,22.1,12.19,75.0
SEN025,2026-07-08 22:40:12,2026-07-08,27.3,2.6,59.0
SEN005,2026-08-01 22:05:05,2026-08-01,29.2,21.2,88.0
SEN010,2026-06-30 10:25:52,2026-06-30,21.28,24.1,30.0
SEN015,2026-02-11 20:01:21,2026-02-11,29.7,13.2,81.0
SEN038,2026-05-11 05:06:43,2026-05-11,23.6,,75.0
SEN047,2026-08-18 14:25:31,2026-08-18,18.3,17.1,48.0
SEN028,2026-01-23 01:09:35,2026-01-23,20.7,10.7,60.0
SEN015,2026-02-06 01:34:06,2026-02-06,24.8,30.2,
UNKNOWN,2026-06-24 12:44:01,2026-06-24,35.5,22.6,80.0
SEN006,2026-03-21 12:03:56,2026-03-21,21.5,29.8,53.0
UNKNOWN,2026-06-28 16:47:25,2026-06-28,18.0,30.3,79.0
UNKNOWN,2026-02-13 13:49:55,2026-02-13,36.0,22.61,
SEN021,2026-04-09 12:49:47,2026-04-09,24.1,35.56,60.0
SEN030,2026-09-04 06:43:39,2026-09-04,19.3,45.6,30.0
SEN003,2026-01-27 16:05:24,2026-01-27,20.6,2.03,73.0
SEN020,2026-04-08 06:17:27,2026-04-08,27.78,21.6,93.0
SEN030,2026-03-23 16:24:02,2026-03-23,19.5,,72.0
SEN034,2026-07-15 08:38:33,2026-07-15,22.1,,35.0
SEN015,2026-05-22 18:18:58,2026-05-22,36.89,41.4,79.0
SEN011,2026-04-06 14:52:10,2026-04-06,22.5,2.9,
SEN027,2026-04-20 09:59:07,2026-04-20,35.0,44.9,33.0
SEN043,2026-08-19 11:36:40,2026-08-19,32.1,45.1,66.0
SEN004,2026-06-14 11:57:31,2026-06-14,23.78,43.4,51.0
SEN008,2026-08-25 16:57:35,2026-08-25,27.1,29.9,35.0
SEN048,2026-03-19 18:07:47,2026-03-19,36.1,20.4,31.0
SEN013,2026-01-05 17:20:30,2026-01-05,32.4,,78.0
UNKNOWN,2026-08-15 09:39:06,2026-08-15,37.4,5.6,65.0
SEN041,2026-04-03 00:58:40,2026-04-03,33.3,41.4,81.0
SEN002,2026-03-17 18:25:03,2026-03-17,26.7,42.93,
SEN015,2026-01-02 06:51:46,2026-01-02,29.3,20.1,
SEN004,2026-07-04 22:59:00,2026-07-04,34.22,31.3,41.0
SEN011,2026-01-06 11:25:38,2026-01-06,24.22,,34.0
SEN040,2026-06-02 14:57:45,2026-06-02,24.28,16.6,86.0
SEN031,2026-05-22 16:33:02,2026-05-22,22.61,49.02,
SEN020,2026-03-15 23:29:04,2026-03-15,23.7,2.7,
UNKNOWN,2026-02-07 13:08:12,2026-02-07,39.61,2.5,39.0
SEN038,2026-06-16 05:22:27,2026-06-16,32.39,25.91,35.0
SEN001,2026-08-14 14:44:36,2026-08-14,16.22,27.69,30.0
SEN006,2026-01-09 07:40:29,2026-01-09,34.0,12.1,93.0
SEN024,2026-06-07 05:33:36,2026-06-07,29.4,,82.0
SEN045,2026-03-16 20:13:28,2026-03-16,17.11,14.5,50.0
SEN049,2026-05-09 22:39:17,2026-05-09,25.2,18.8,39.0
SEN042,2026-08-02 21:19:57,2026-08-02,27.7,18.8,45.0
SEN041,2026-07-15 05:11:53,2026-07-15,15.1,0.4,43.0
SEN039,2026-05-16 23:36:11,2026-05-16,33.0,2.0,32.0
SEN031,2026-07-22 06:13:22,2026-07-22,30.0,22.61,33.0
SEN033,2026-01-24 15:52:15,2026-01-24,33.28,40.39,94.0
SEN014,2026-06-25 20:23:42,2026-06-25,26.78,15.75,85.0
SEN044,2026-06-26 19:53:21,2026-06-26,26.72,3.2,57.0
SEN048,2026-03-11 23:30:46,2026-03-11,17.22,33.0,57.0
SEN038,2026-04-28 04:07:49,2026-04-28,35.9,29.5,69.0
SEN045,2026-08-17 21:08:03,2026-08-17,16.78,8.8,55.0
SEN027,2026-02-21 10:40:32,2026-02-21,38.11,0.8,80.0
SEN043,2026-06-30 01:35:25,2026-06-30,17.2,6.6,55.0
SEN034,2026-08-10 08:13:45,2026-08-10,36.61,27.43,88.0
SEN045,2026-04-15 02:23:00,2026-04-15,32.39,28.5,48.0
SEN034,2026-07-21 10:09:57,2026-07-21,34.3,2.4,54.0
SEN012,2026-04-30 08:31:08,2026-04-30,30.9,19.6,75.0
SEN011,2026-08-15 09:00:06,2026-08-15,23.5,,88.0
SEN021,2026-04-17 01:22:05,2026-04-17,35.6,38.2,32.0
SEN033,2026-07-14 22:23:04,2026-07-14,30.3,32.6,65.0
SEN045,2026-02-27 07:18:45,2026-02-27,23.2,35.31,48.0
SEN003,2026-08-28 05:19:56,2026-08-28,15.6,,40.0
SEN018,2026-04-26 00:06:37,2026-04-26,36.78,49.5,79.0
SEN015,2026-01-15 08:37:23,2026-01-15,33.61,,38.0
SEN025,2026-05-07 06:53:33,2026-05-07,16.5,13.1,74.0
UNKNOWN,2026-06-15 08:16:36,2026-06-15,33.7,,68.0
SEN042,2026-01-30 21:17:46,2026-01-30,31.72,9.4,75.0
SEN005,2026-01-28 02:12:16,2026-01-28,36.0,19.05,61.0
SEN037,2026-05-04 17:57:16,2026-05-04,20.0,17.0,75.0
SEN043,2026-02-12 01:13:38,2026-02-12,25.0,48.51,47.0
SEN039,2026-07-20 12:32:11,2026-07-20,18.8,4.1,32.0
SEN047,2026-04-07 13:37:29,2026-04-07,33.5,27.9,75.0
SEN002,2026-02-16 20:08:00,2026-02-16,39.22,30.48,38.0
SEN039,2026-08-01 12:23:20,2026-08-01,36.11,3.81,81.0
SEN019,2026-04-22 15:32:28,2026-04-22,15.3,,79.0
SEN008,2026-08-14 23:36:13,2026-08-14,34.5,27.43,43.0
SEN003,2026-04-09 21:35:53,2026-04-09,34.1,15.5,50.0
SEN039,2026-05-02 17:09:59,2026-05-02,22.28,,45.0
SEN031,2026-09-05 14:34:20,2026-09-05,18.39,38.86,60.0
SEN043,2026-07-27 16:24:47,2026-07-27,21.9,21.2,78.0
SEN031,2026-07-04 23:50:37,2026-07-04,26.39,23.4,
SEN047,2026-05-15 20:06:04,2026-05-15,29.3,8.2,76.0
SEN014,2026-04-07 18:54:26,2026-04-07,22.39,,43.0
SEN046,2026-06-11 14:10:38,2026-06-11,24.22,18.2,41.0
SEN022,2026-02-08 02:56:10,2026-02-08,18.1,3.7,45.0
SEN006,2026-08-26 09:01:39,2026-08-26,34.8,6.6,40.0
SEN026,2026-08-27 22:13:07,2026-08-27,34.4,6.86,94.0
SEN043,2026-06-04 22:40:46,2026-06-04,18.0,24.8,63.0
SEN003,2026-02-16 01:25:54,2026-02-16,37.9,32.0,40.0
SEN040,2026-02-28 05:22:41,2026-02-28,23.7,47.0,58.0
SEN019,2026-03-03 06:41:47,2026-03-03,36.89,13.72,55.0
SEN018,2026-03-01 11:32:44,2026-03-01,37.0,30.73,75.0
SEN017,2026-01-31 19:45:29,2026-01-31,32.3,41.1,31.0
SEN002,2026-07-31 21:20:37,2026-07-31,39.39,13.1,58.0
SEN009,2026-05-11 04:04:17,2026-05-11,25.39,,36.0
SEN013,2026-01-18 02:57:03,2026-01-18,33.9,41.0,84.0
SEN039,2026-01-24 08:50:37,2026-01-24,17.4,47.2,60.0
SEN006,2026-09-01 22:09:13,2026-09-01,16.72,12.0,39.0
SEN015,2026-04-10 13:47:31,2026-04-10,34.61,19.1,42.0
UNKNOWN,2026-07-09 21:58:47,2026-07-09,18.72,33.53,
SEN003,2026-01-31 13:43:00,2026-01-31,19.9,6.35,78.0
SEN045,2026-03-31 23:40:29,2026-03-31,29.1,30.8,47.0
SEN001,2026-01-05 11:27:58,2026-01-05,24.6,11.5,59.0
SEN011,2026-03-20 09:55:26,2026-03-20,19.3,6.35,60.0
UNKNOWN,2026-06-09 09:39:41,2026-06-09,17.0,28.7,89.0
SEN013,2026-02-03 00:30:26,2026-02-03,20.39,25.65,89.0
SEN010,2026-02-12 15:58:11,2026-02-12,16.78,47.9,47.0
SEN017,2026-03-15 15:14:56,2026-03-15,31.2,47.7,69.0
SEN027,2026-04-15 00:00:00,2026-04-15,20.7,,68.0
SEN003,2026-01-12 09:33:53,2026-01-12,40.0,49.53,89.0
SEN020,2026-06-27 15:09:19,2026-06-27,34.4,3.81,76.0
SEN034,2026-01-11 22:36:01,2026-01-11,37.72,23.11,43.0
SEN036,2026-01-07 08:18:51,2026-01-07,18.4,26.5,47.0
UNKNOWN,2026-06-02 22:04:56,2026-06-02,31.72,20.9,37.0
SEN008,2026-08-27 06:16:56,2026-08-27,34.78,,82.0
SEN041,2026-05-06 20:57:35,2026-05-06,24.0,,67.0
SEN040,2026-05-06 17:21:40,2026-05-06,17.22,,
SEN031,2026-06-07 02:49:04,2026-06-07,20.72,47.8,83.0
SEN034,2026-05-08 04:07:13,2026-05-08,27.22,48.9,32.0
SEN027,2026-05-25 00:06:26,2026-05-25,20.8,1.1,30.0
SEN022,2026-01-25 05:25:16,2026-01-25,31.7,,38.0
SEN016,2026-01-01 21:38:26,2026-01-01,33.61,6.1,
SEN008,2026-08-06 09:04:36,2026-08-06,25.1,33.5,50.0
SEN019,2026-03-04 08:20:31,2026-03-04,18.1,,50.0
SEN028,2026-04-18 14:02:15,2026-04-18,18.9,23.8,83.0
SEN041,2026-08-19 13:42:38,2026-08-19,32.22,,86.0
SEN020,2026-05-23 01:36:47,2026-05-23,28.2,,63.0
SEN017,2026-06-06 04:05:21,2026-06-06,19.5,43.0,64.0
SEN003,2026-08-27 17:48:13,2026-08-27,34.9,45.8,47.0
SEN041,2026-06-11 17:07:36,2026-06-11,16.7,44.96,48.0
SEN005,2026-07-20 10:08:12,2026-07-20,29.89,33.4,
SEN004,2026-04-30 02:04:15,2026-04-30,25.2,16.9,64.0
SEN026,2026-02-04 15:54:00,2026-02-04,18.7,15.7,84.0
SEN023,2026-04-30 13:21:37,2026-04-30,26.0,46.48,94.0
SEN023,2026-03-28 04:04:30,2026-03-28,29.4,,92.0
SEN037,2026-03-28 18:50:04,2026-03-28,18.61,32.8,41.0
SEN038,2026-03-27 09:18:54,2026-03-27,27.5,,
SEN026,2026-04-10 08:29:07,2026-04-10,23.5,14.22,32.0
SEN039,2026-06-15 13:42:46,2026-06-15,38.89,7.0,30.0
SEN042,2026-02-17 19:47:23,2026-02-17,39.6,19.7,95.0
SEN001,2026-08-29 15:14:37,2026-08-29,29.11,26.8,92.0
SEN004,2026-04-01 05:26:00,2026-04-01,19.2,26.42,
UNKNOWN,2026-07-15 06:30:52,2026-07-15,31.39,25.4,47.0
SEN044,2026-07-25 17:59:37,2026-07-25,29.8,32.4,94.0
SEN013,2026-03-08 19:18:07,2026-03-08,37.89,40.7,90.0
SEN034,2026-02-11 17:47:46,2026-02-11,38.3,,38.0
SEN016,2026-01-24 07:01:28,2026-01-24,15.5,32.6,30.0
SEN047,2026-02-08 12:00:48,2026-02-08,18.0,41.9,40.0
SEN014,2026-06-18 09:58:50,2026-06-18,32.5,37.0,81.0
SEN027,2026-02-24 17:15:43,2026-02-24,32.8,26.0,90.0
SEN037,2026-04-05 16:39:40,2026-04-05,35.5,27.69,34.0
SEN014,2026-01-13 21:01:24,2026-01-13,30.39,11.2,48.0
UNKNOWN,2026-05-27 14:52:44,2026-05-27,17.9,31.5,67.0
SEN027,2026-01-16 13:38:24,2026-01-16,39.72,,30.0
SEN039,2026-01-11 00:25:40,2026-01-11,38.2,28.7,48.0
SEN045,2026-05-24 09:13:00,2026-05-24,39.1,41.3,92.0
SEN033,2026-08-07 22:27:11,2026-08-07,27.39,43.7,71.0
SEN048,2026-01-25 22:19:00,2026-01-25,30.4,44.3,52.0
SEN001,2026-03-11 05:45:37,2026-03-11,37.3,17.53,95.0
SEN001,2026-06-11 02:38:04,2026-06-11,21.22,28.45,85.0
SEN019,2026-03-03 10:29:57,2026-03-03,26.61,43.18,40.0
SEN024,2026-08-14 02:44:55,2026-08-14,32.3,25.2,30.0
SEN006,2026-05-14 08:51:45,2026-05-14,24.4,1.2,35.0
SEN045,2026-03-12 15:22:01,2026-03-12,21.4,36.83,
SEN045,2026-06-24 05:40:01,2026-06-24,21.11,37.34,60.0
SEN012,2026-06-13 11:32:13,2026-06-13,35.39,,52.0
SEN050,2026-02-23 21:07:52,2026-02-23,38.1,34.8,
SEN016,2026-06-03 23:21:25,2026-06-03,37.8,39.3,
SEN028,2026-03-24 17:51:13,2026-03-24,24.4,3.56,69.0
UNKNOWN,2026-04-23 02:12:13,2026-04-23,20.5,39.9,50.0
SEN029,2026-04-13 00:00:00,2026-04-13,37.3,15.9,79.0
SEN025,2026-02-27 13:33:30,2026-02-27,34.72,25.65,64.0
SEN025,2026-07-23 22:30:54,2026-07-23,15.72,22.1,53.0
SEN018,2026-05-02 18:13:55,2026-05-02,32.1,3.56,42.0
SEN009,2026-01-26 22:53:41,2026-01-26,35.9,21.7,66.0
SEN002,2026-06-12 20:00:17,2026-06-12,31.28,21.9,31.0
SEN007,2026-06-08 10:39:41,2026-06-08,39.11,20.5,39.0
SEN028,2026-03-16 11:33:50,2026-03-16,30.2,,73.0
SEN032,2026-03-30 22:24:04,2026-03-30,39.6,42.8,57.0
SEN038,2026-05-30 12:42:10,2026-05-30,25.5,,53.0
SEN015,2026-07-11 10:39:35,2026-07-11,20.4,32.7,41.0
SEN010,2026-06-08 23:48:25,2026-06-08,24.3,48.2,74.0
SEN003,2026-08-22 08:00:17,2026-08-22,30.3,46.99,48.0
SEN006,2026-09-07 23:09:30,2026-09-07,32.39,35.4,45.0
SEN041,2026-06-16 05:54:00,2026-06-16,18.5,39.1,58.0
SEN034,2026-07-12 02:09:12,2026-07-12,31.28,14.1,95.0
SEN029,2026-03-29 12:47:44,2026-03-29,35.7,,71.0
SEN004,2026-07-17 22:49:09,2026-07-17,17.6,13.72,78.0
SEN015,2026-06-30 06:51:09,2026-06-30,32.1,,60.0
SEN014,2026-07-13 11:45:41,2026-07-13,22.39,28.3,58.0
SEN028,2026-08-20 06:15:33,2026-08-20,36.4,17.53,
SEN046,2026-05-31 15:32:01,2026-05-31,34.6,28.96,81.0
SEN005,2026-07-05 22:37:29,2026-07-05,15.2,30.99,83.0
SEN039,2026-04-16 23:12:52,2026-04-16,34.28,8.5,42.0
SEN016,2026-05-28 23:28:04,2026-05-28,31.39,18.6,32.0
SEN022,2026-01-28 14:31:06,2026-01-28,27.2,43.3,95.0
SEN039,2026-05-13 04:56:00,2026-05-13,20.22,36.3,78.0
SEN026,2026-01-26 19:50:03,2026-01-26,15.9,37.59,73.0
SEN005,2026-06-23 21:25:14,2026-06-23,39.9,1.1,
SEN026,2026-07-31 04:51:49,2026-07-31,25.1,38.1,82.0
SEN012,2026-08-19 12:46:00,2026-08-19,36.4,24.7,35.0
SEN050,2026-03-03 02:45:51,2026-03-03,36.4,45.97,46.0
SEN050,2026-09-08 07:20:02,2026-09-08,30.5,47.3,74.0
SEN005,2026-06-10 22:13:20,2026-06-10,33.72,,74.0
SEN006,2026-03-05 15:35:28,2026-03-05,27.72,42.16,63.0
SEN018,2026-09-04 16:23:57,2026-09-04,32.1,12.8,57.0
SEN014,2026-08-13 16:20:59,2026-08-13,39.9,3.9,47.0
SEN023,2026-01-20 01:43:15,2026-01-20,31.28,23.11,51.0
SEN035,2026-03-11 00:33:01,2026-03-11,19.3,18.29,44.0
SEN042,2026-05-11 03:34:16,2026-05-11,37.0,8.7,75.0
SEN037,2026-08-11 11:01:23,2026-08-11,27.0,36.07,71.0
SEN038,2026-07-01 08:46:00,2026-07-01,37.4,1.3,41.0
SEN033,2026-05-15 11:17:51,2026-05-15,26.2,33.0,35.0
SEN021,2026-06-27 16:12:23,2026-06-27,25.28,33.4,33.0
SEN009,2026-05-10 10:52:18,2026-05-10,29.2,13.0,73.0
SEN029,2026-08-10 10:17:17,2026-08-10,31.0,29.2,40.0
SEN005,2026-06-14 01:13:31,2026-06-14,17.78,41.2,71.0
SEN030,2026-05-27 07:17:55,2026-05-27,39.28,40.89,94.0
SEN006,2026-08-07 19:49:15,2026-08-07,38.39,27.1,51.0
SEN050,2026-07-18 17:46:59,2026-07-18,19.9,,69.0
SEN024,2026-02-11 19:43:43,2026-02-11,35.6,36.58,49.0
SEN046,2026-03-23 09:39:12,2026-03-23,24.89,7.9,69.0
SEN026,2026-06-06 19:10:28,2026-06-06,36.0,42.7,63.0
SEN038,2026-04-16 00:00:00,2026-04-16,39.9,32.7,62.0
SEN004,2026-06-23 08:43:48,2026-06-23,32.2,40.39,62.0
SEN003,2026-07-12 13:54:40,2026-07-12,23.1,7.1,74.0
SEN033,2026-02-16 06:06:20,2026-02-16,35.3,22.1,
SEN050,2026-04-13 06:44:26,2026-04-13,16.4,6.4,33.0
SEN046,2026-03-26 22:39:02,2026-03-26,38.39,31.9,
SEN014,2026-08-04 15:07:21,2026-08-04,28.0,,32.0
SEN040,2026-02-15 07:05:02,2026-02-15,26.39,33.2,30.0
SEN038,2026-05-25 17:39:26,2026-05-25,25.78,40.0,87.0
SEN034,2026-07-09 16:20:22,2026-07-09,34.5,3.05,69.0
SEN037,2026-02-09 21:26:00,2026-02-09,30.89,,62.0
SEN032,2026-05-24 20:41:30,2026-05-24,20.1,45.6,43.0
SEN028,2026-05-24 08:44:54,2026-05-24,20.4,16.26,59.0
SEN002,2026-07-13 05:54:00,2026-07-13,28.89,,60.0
SEN022,2026-05-20 07:39:43,2026-05-20,32.6,,38.0
SEN007,2026-01-16 17:58:14,2026-01-16,33.0,18.8,80.0
SEN048,2026-03-29 11:22:03,2026-03-29,35.4,15.3,92.0
SEN047,2026-04-11 00:02:00,2026-04-11,17.4,33.53,41.0
SEN005,2026-05-04 10:57:02,2026-05-04,15.2,,58.0
SEN011,2026-01-01 00:38:35,2026-01-01,21.5,22.5,79.0
SEN021,2026-05-01 23:01:54,2026-05-01,16.4,19.05,82.0
SEN027,2026-05-08 12:04:33,2026-05-08,35.78,12.7,92.0
SEN004,2026-04-24 08:09:51,2026-04-24,17.72,28.7,65.0
SEN034,2026-01-14 10:14:45,2026-01-14,34.6,,
SEN046,2026-07-21 14:39:52,2026-07-21,32.3,28.8,32.0
SEN016,2026-07-11 15:39:32,2026-07-11,18.61,48.4,59.0
UNKNOWN,2026-07-16 14:57:08,2026-07-16,29.89,17.7,75.0
SEN030,2026-05-09 01:22:26,2026-05-09,23.4,12.2,46.0
SEN026,2026-06-05 11:15:45,2026-06-05,34.4,47.1,47.0
SEN033,2026-03-08 16:54:04,2026-03-08,20.7,13.5,66.0
SEN016,2026-06-26 20:38:00,2026-06-26,32.22,,
SEN028,2026-04-22 15:03:43,2026-04-22,30.2,33.5,64.0
SEN034,2026-03-21 11:32:29,2026-03-21,35.61,0.4,
SEN021,2026-03-11 07:32:56,2026-03-11,22.2,43.8,86.0
SEN024,2026-03-09 18:48:19,2026-03-09,19.78,42.93,72.0
SEN039,2026-01-19 00:00:00,2026-01-19,37.89,,75.0
SEN007,2026-05-17 08:43:26,2026-05-17,31.28,,52.0
SEN029,2026-08-19 05:14:11,2026-08-19,15.72,48.0,30.0
SEN014,2026-08-06 20:09:04,2026-08-06,25.2,,48.0
SEN049,2026-07-07 00:56:00,2026-07-07,32.3,,68.0
SEN008,2026-06-22 16:17:29,2026-06-22,15.7,1.78,81.0
SEN005,2026-08-22 03:10:37,2026-08-22,33.2,20.6,69.0
UNKNOWN,2026-03-01 17:50:50,2026-03-01,15.2,,33.0
SEN048,2026-06-16 00:06:13,2026-06-16,18.6,47.9,59.0
SEN013,2026-02-12 05:54:24,2026-02-12,32.11,44.7,85.0
SEN036,2026-04-07 02:26:22,2026-04-07,35.78,8.2,
SEN030,2026-04-15 16:17:52,2026-04-15,25.5,49.02,60.0
SEN031,2026-05-12 14:44:10,2026-05-12,20.1,14.3,47.0
SEN049,2026-07-10 06:10:03,2026-07-10,18.4,,74.0
SEN027,2026-03-13 07:23:06,2026-03-13,16.3,44.8,63.0
SEN050,2026-02-19 02:56:55,2026-02-19,26.7,7.87,84.0
SEN010,2026-04-13 04:35:29,2026-04-13,25.8,,81.0
SEN042,2026-07-03 12:21:51,2026-07-03,19.3,46.0,
SEN030,2026-02-01 23:57:02,2026-02-01,38.5,41.4,43.0
SEN028,2026-08-13 08:06:44,2026-08-13,22.5,48.4,47.0
SEN028,2026-03-26 23:23:48,2026-03-26,31.11,23.8,79.0
SEN007,2026-01-15 21:16:26,2026-01-15,39.4,19.3,
SEN005,2026-08-16 01:38:50,2026-08-16,38.22,35.0,95.0
SEN004,2026-07-25 08:44:06,2026-07-25,20.1,,54.0
SEN001,2026-01-16 16:07:25,2026-01-16,38.5,27.18,88.0
SEN011,2026-05-10 21:07:39,2026-05-10,33.6,5.5,79.0
SEN001,2026-01-14 17:02:00,2026-01-14,20.0,,72.0
SEN014,2026-04-20 22:00:56,2026-04-20,19.7,12.6,75.0
SEN028,2026-01-06 02:07:13,2026-01-06,30.7,,79.0
SEN020,2026-02-25 13:40:39,2026-02-25,23.5,,73.0
SEN015,2026-04-24 09:50:14,2026-04-24,32.8,9.4,76.0
SEN005,2026-03-25 05:58:38,2026-03-25,18.0,24.13,79.0
SEN020,2026-06-09 19:45:46,2026-06-09,34.2,22.1,30.0
SEN033,2026-04-26 08:55:06,2026-04-26,34.39,38.2,55.0
SEN024,2026-06-24 13:19:21,2026-06-24,38.6,36.9,82.0
SEN030,2026-01-30 00:05:11,2026-01-30,34.22,33.9,39.0
SEN007,2026-08-09 12:37:26,2026-08-09,17.72,,
SEN005,2026-03-24 20:30:00,2026-03-24,34.2,46.4,90.0
SEN043,2026-03-21 09:02:33,2026-03-21,27.0,10.92,56.0
SEN018,2026-02-13 15:28:54,2026-02-13,38.78,29.3,32.0
SEN019,2026-07-02 03:19:00,2026-07-02,29.72,26.16,43.0
SEN031,2026-03-11 23:07:12,2026-03-11,34.9,8.7,59.0
SEN014,2026-02-11 21:43:38,2026-02-11,34.8,8.7,51.0
SEN015,2026-07-04 21:18:29,2026-07-04,32.2,48.9,45.0
SEN032,2026-02-16 07:39:46,2026-02-16,29.6,18.8,88.0
SEN023,2026-02-25 22:16:30,2026-02-25,35.9,3.1,64.0
SEN039,2026-08-27 08:41:44,2026-08-27,25.1,19.7,64.0
SEN047,2026-07-04 15:14:40,2026-07-04,29.78,4.57,85.0
SEN008,2026-08-04 08:15:12,2026-08-04,28.89,27.0,94.0
SEN004,2026-02-20 00:38:10,2026-02-20,33.0,40.89,33.0
SEN036,2026-02-25 22:37:19,2026-02-25,35.61,,92.0
SEN018,2026-08-17 21:38:17,2026-08-17,26.61,,67.0
SEN010,2026-06-15 05:19:38,2026-06-15,24.0,,
SEN029,2026-02-17 11:29:10,2026-02-17,28.6,5.2,66.0
SEN032,2026-06-03 14:38:47,2026-06-03,19.5,47.5,74.0
SEN050,2026-06-06 22:11:05,2026-06-06,28.89,34.9,77.0
SEN009,2026-07-19 07:19:22,2026-07-19,29.28,31.2,38.0
SEN004,2026-04-19 20:18:16,2026-04-19,19.22,37.3,42.0
SEN047,2026-02-18 01:46:32,2026-02-18,24.3,3.7,
SEN023,2026-08-23 00:00:00,2026-08-23,16.0,,58.0
UNKNOWN,2026-06-21 20:56:04,2026-06-21,26.72,32.6,62.0
SEN013,2026-08-29 08:00:03,2026-08-29,39.72,42.4,40.0
SEN050,2026-03-16 18:47:07,2026-03-16,25.72,22.3,50.0
SEN013,2026-02-26 13:09:12,2026-02-26,15.0,46.48,75.0
SEN033,2026-02-21 08:14:25,2026-02-21,21.3,28.5,86.0
SEN025,2026-07-08 12:15:16,2026-07-08,16.0,17.7,54.0
SEN007,2026-04-21 21:06:49,2026-04-21,28.0,46.2,51.0
SEN008,2026-08-14 12:16:43,2026-08-14,17.5,33.0,76.0
SEN022,2026-01-10 12:22:09,2026-01-10,17.1,,51.0
SEN007,2026-06-12 02:13:39,2026-06-12,16.28,0.8,31.0
SEN001,2026-04-23 07:11:42,2026-04-23,19.28,,33.0
SEN027,2026-06-22 14:23:00,2026-06-22,15.5,42.9,64.0
SEN003,2026-02-08 04:25:06,2026-02-08,22.11,,37.0
SEN022,2026-04-03 17:49:04,2026-04-03,23.28,12.0,
SEN050,2026-06-26 06:39:20,2026-06-26,31.3,8.8,84.0
SEN012,2026-01-02 00:51:18,2026-01-02,39.7,35.31,80.0
SEN019,2026-08-19 20:49:43,2026-08-19,27.6,,31.0
SEN023,2026-05-10 02:51:31,2026-05-10,26.0,47.3,47.0
SEN017,2026-01-04 04:55:31,2026-01-04,28.39,31.0,88.0
SEN024,2026-08-11 16:10:55,2026-08-11,37.0,46.8,57.0
SEN029,2026-04-04 22:17:55,2026-04-04,15.61,30.8,67.0
SEN032,2026-04-25 02:46:45,2026-04-25,26.0,43.94,47.0
SEN010,2026-01-09 05:33:43,2026-01-09,36.9,9.1,67.0
SEN035,2026-02-28 17:48:08,2026-02-28,25.9,39.62,62.0
SEN008,2026-03-19 18:56:33,2026-03-19,39.5,,52.0
SEN013,2026-03-12 00:00:00,2026-03-12,29.5,39.12,87.0
SEN002,2026-02-10 18:49:27,2026-02-10,34.8,35.4,64.0
SEN023,2026-06-01 18:15:39,2026-06-01,17.8,35.9,94.0
SEN048,2026-05-21 11:40:47,2026-05-21,22.2,48.7,
SEN040,2026-07-13 00:12:53,2026-07-13,33.61,25.91,44.0
SEN032,2026-09-09 04:34:50,2026-09-09,27.7,41.1,90.0
SEN008,2026-01-16 15:37:02,2026-01-16,31.4,0.6,43.0
UNKNOWN,2026-01-05 03:02:02,2026-01-05,16.7,17.2,46.0
SEN035,2026-02-20 23:50:14,2026-02-20,16.89,,69.0
SEN003,2026-09-09 14:05:19,2026-09-09,24.0,,62.0
SEN033,2026-03-17 19:35:00,2026-03-17,37.89,4.06,89.0
SEN047,2026-01-26 11:45:00,2026-01-26,15.2,32.7,55.0
SEN032,2026-05-13 11:56:35,2026-05-13,34.1,40.9,78.0
SEN026,2026-01-14 14:48:12,2026-01-14,30.1,0.3,73.0
SEN031,2026-05-07 14:20:09,2026-05-07,29.11,38.8,47.0
SEN021,2026-07-11 14:55:08,2026-07-11,39.3,22.1,45.0
SEN033,2026-06-05 14:51:47,2026-06-05,16.1,28.45,68.0
SEN025,2026-07-10 02:38:15,2026-07-10,29.3,4.32,85.0
UNKNOWN,2026-02-07 14:13:00,2026-02-07,30.2,34.4,45.0
SEN030,2026-03-05 09:52:08,2026-03-05,21.9,26.4,
SEN027,2026-07-17 02:15:16,2026-07-17,21.78,20.5,65.0
SEN026,2026-01-03 10:43:50,2026-01-03,16.2,45.21,44.0
SEN032,2026-06-19 12:51:06,2026-06-19,26.8,25.5,35.0
SEN043,2026-01-31 07:44:47,2026-01-31,27.5,,46.0
SEN014,2026-05-03 18:23:00,2026-05-03,16.6,6.7,55.0
SEN009,2026-04-30 10:29:22,2026-04-30,34.7,23.8,43.0
UNKNOWN,2026-05-05 23:14:00,2026-05-05,35.5,,87.0
SEN042,2026-06-11 10:10:45,2026-06-11,36.1,44.4,81.0
SEN026,2026-04-02 16:23:02,2026-04-02,27.3,47.2,87.0
SEN013,2026-07-22 07:22:12,2026-07-22,36.2,38.61,45.0
SEN032,2026-02-13 22:07:49,2026-02-13,32.28,34.5,
SEN030,2026-09-05 21:36:40,2026-09-05,24.9,8.2,46.0
SEN040,2026-04-05 22:19:05,2026-04-05,39.5,27.7,35.0
SEN018,2026-08-31 07:56:37,2026-08-31,35.8,34.2,84.0
SEN041,2026-01-25 11:38:26,2026-01-25,27.11,22.35,
SEN027,2026-06-27 05:56:52,2026-06-27,24.9,49.53,46.0
SEN026,2026-08-23 14:02:46,2026-08-23,33.2,6.9,72.0
SEN022,2026-04-05 03:02:56,2026-04-05,22.5,7.0,82.0
SEN021,2026-08-06 21:25:58,2026-08-06,22.72,49.0,47.0
SEN021,2026-06-28 10:17:47,2026-06-28,31.9,47.4,83.0
SEN001,2026-02-23 21:30:00,2026-02-23,36.0,2.9,60.0
UNKNOWN,2026-03-17 04:53:19,2026-03-17,35.7,,38.0
SEN037,2026-01-31 04:55:39,2026-01-31,22.89,27.4,79.0
SEN007,2026-03-05 21:21:41,2026-03-05,27.5,39.0,60.0
SEN050,2026-08-10 17:43:36,2026-08-10,19.61,41.4,48.0
SEN044,2026-05-03 06:08:17,2026-05-03,22.1,35.8,74.0
SEN038,2026-07-04 05:47:28,2026-07-04,25.22,,64.0
SEN036,2026-04-05 17:12:59,2026-04-05,37.2,31.75,48.0
SEN020,2026-05-08 00:59:41,2026-05-08,24.39,22.9,60.0
SEN026,2026-01-05 04:41:47,2026-01-05,27.89,8.89,74.0
SEN014,2026-01-23 01:36:12,2026-01-23,31.89,10.7,87.0
SEN018,2026-05-15 08:24:56,2026-05-15,20.72,12.9,31.0
SEN048,2026-03-02 18:03:03,2026-03-02,31.0,24.89,52.0
SEN011,2026-02-22 06:41:41,2026-02-22,37.8,6.1,76.0
SEN038,2026-06-14 01:05:02,2026-06-14,18.28,34.2,68.0
SEN024,2026-09-04 22:03:03,2026-09-04,35.61,10.4,46.0
SEN006,2026-03-27 06:04:20,2026-03-27,37.0,36.9,32.0
SEN023,2026-01-16 08:11:00,2026-01-16,34.78,,50.0
SEN007,2026-08-09 15:50:28,2026-08-09,33.9,43.94,89.0
SEN007,2026-02-07 11:53:42,2026-02-07,27.6,24.89,85.0
SEN040,2026-08-28 16:28:39,2026-08-28,29.0,20.83,47.0
SEN018,2026-06-13 22:56:57,2026-06-13,19.9,,79.0
SEN022,2026-01-09 03:56:21,2026-01-09,16.22,47.7,30.0
SEN017,2026-08-11 03:15:21,2026-08-11,25.0,46.4,71.0
SEN041,2026-04-24 22:53:55,2026-04-24,29.3,19.9,95.0
SEN015,2026-09-01 11:18:45,2026-09-01,15.9,49.53,89.0
SEN008,2026-06-17 20:24:34,2026-06-17,26.89,40.4,
UNKNOWN,2026-04-17 09:30:02,2026-04-17,22.6,4.9,39.0
SEN043,2026-06-29 00:38:39,2026-06-29,25.9,,43.0
SEN003,2026-04-19 15:19:45,2026-04-19,27.5,39.7,92.0
SEN041,2026-02-24 22:15:37,2026-02-24,40.0,8.89,69.0
SEN034,2026-06-14 06:05:28,2026-06-14,24.9,,57.0
SEN008,2026-08-24 19:03:51,2026-08-24,17.4,1.3,
SEN006,2026-09-06 05:07:38,2026-09-06,22.7,28.45,62.0
SEN025,2026-07-25 17:54:14,2026-07-25,28.28,5.08,31.0
UNKNOWN,2026-07-26 18:23:37,2026-07-26,26.1,,78.0
SEN006,2026-01-11 13:46:43,2026-01-11,32.89,10.7,62.0
SEN041,2026-05-04 13:01:41,2026-05-04,29.4,43.9,41.0
SEN035,2026-08-02 10:56:05,2026-08-02,33.5,,48.0
SEN005,2026-03-07 17:14:32,2026-03-07,28.11,11.0,93.0
SEN017,2026-03-08 12:12:11,2026-03-08,26.22,47.4,77.0
SEN002,2026-04-13 00:08:29,2026-04-13,29.89,41.6,72.0
SEN020,2026-01-31 04:17:21,2026-01-31,34.28,39.4,51.0
SEN012,2026-05-31 10:11:51,2026-05-31,25.39,26.4,
SEN037,2026-08-29 01:39:30,2026-08-29,37.9,5.6,57.0
SEN017,2026-06-23 10:32:08,2026-06-23,19.1,16.7,
UNKNOWN,2026-03-05 20:50:00,2026-03-05,30.1,,82.0
SEN032,2026-05-09 02:58:50,2026-05-09,24.61,,81.0
SEN020,2026-04-01 13:15:03,2026-04-01,21.4,,33.0
SEN008,2026-01-11 00:12:17,2026-01-11,19.61,2.54,56.0
SEN034,2026-08-10 09:56:35,2026-08-10,26.7,19.81,94.0
SEN040,2026-07-24 06:34:54,2026-07-24,30.9,27.18,66.0
SEN014,2026-03-14 20:51:09,2026-03-14,27.3,,83.0
SEN021,2026-07-21 05:16:36,2026-07-21,29.5,5.7,94.0
SEN021,2026-04-03 04:32:24,2026-04-03,39.4,19.3,72.0
SEN036,2026-01-29 05:38:34,2026-01-29,15.4,33.8,66.0
SEN016,2026-04-22 03:05:10,2026-04-22,29.9,,43.0
SEN028,2026-08-20 08:51:10,2026-08-20,18.72,,50.0
SEN029,2026-05-01 14:29:33,2026-05-01,26.3,9.8,66.0
SEN024,2026-08-03 14:29:58,2026-08-03,26.6,13.5,
SEN050,2026-06-26 03:16:24,2026-06-26,34.28,16.5,68.0
SEN014,2026-06-13 16:55:04,2026-06-13,35.2,15.6,42.0
SEN024,2026-06-13 13:56:40,2026-06-13,16.7,42.8,91.0
SEN041,2026-05-19 16:01:01,2026-05-19,27.3,,58.0
SEN036,2026-04-04 15:20:17,2026-04-04,21.7,47.3,33.0
SEN001,2026-08-17 10:19:38,2026-08-17,31.22,38.6,70.0
SEN007,2026-02-04 03:32:32,2026-02-04,21.0,9.4,33.0
SEN015,2026-03-24 22:33:48,2026-03-24,26.2,,40.0
SEN034,2026-05-29 02:40:18,2026-05-29,28.28,16.1,80.0
SEN013,2026-04-15 23:50:48,2026-04-15,34.11,23.3,69.0
SEN029,2026-04-27 01:33:09,2026-04-27,23.5,18.29,30.0
SEN035,2026-03-16 20:54:01,2026-03-16,23.28,2.5,31.0
UNKNOWN,2026-01-07 01:05:01,2026-01-07,24.9,,32.0
SEN004,2026-05-27 16:16:11,2026-05-27,39.2,45.72,31.0
SEN017,2026-07-20 18:50:00,2026-07-20,27.8,8.38,
SEN030,2026-03-02 17:57:53,2026-03-02,19.61,23.3,66.0
SEN018,2026-01-25 22:18:33,2026-01-25,18.22,,68.0
SEN012,2026-01-22 01:36:28,2026-01-22,24.7,24.8,85.0
SEN036,2026-07-17 20:59:00,2026-07-17,36.2,31.5,
SEN049,2026-07-09 12:53:24,2026-07-09,18.5,14.3,73.0
SEN041,2026-04-19 03:27:36,2026-04-19,18.78,,65.0
SEN045,2026-08-25 21:42:25,2026-08-25,20.61,33.0,44.0
SEN030,2026-05-23 07:16:22,2026-05-23,35.9,1.78,65.0
SEN002,2026-02-19 15:56:41,2026-02-19,32.2,6.1,65.0
SEN014,2026-03-27 05:33:27,2026-03-27,24.89,,54.0
SEN016,2026-03-06 12:47:05,2026-03-06,26.78,35.7,61.0
SEN009,2026-02-21 21:21:53,2026-02-21,25.61,35.9,82.0
SEN022,2026-03-11 19:38:13,2026-03-11,38.1,21.2,
SEN017,2026-02-02 07:59:45,2026-02-02,17.1,43.0,69.0
SEN016,2026-04-10 19:52:28,2026-04-10,21.9,21.34,
SEN024,2026-07-14 04:36:52,2026-07-14,17.11,21.08,33.0
SEN042,2026-08-12 06:48:56,2026-08-12,33.22,5.7,71.0
SEN002,2026-07-11 19:05:12,2026-07-11,26.5,,70.0
SEN012,2026-09-08 13:45:50,2026-09-08,38.72,,67.0
SEN004,2026-07-13 12:07:12,2026-07-13,29.28,2.29,60.0
SEN002,2026-03-12 13:00:02,2026-03-12,27.1,4.8,59.0
SEN031,2026-06-06 10:23:16,2026-06-06,27.28,,44.0
SEN006,2026-02-11 07:45:14,2026-02-11,35.0,11.18,94.0
SEN039,2026-06-22 03:05:04,2026-06-22,28.78,,42.0
SEN047,2026-05-29 11:48:38,2026-05-29,21.78,,
SEN008,2026-02-03 17:41:07,2026-02-03,30.5,19.4,55.0
SEN029,2026-03-10 03:02:10,2026-03-10,38.72,11.0,94.0
SEN044,2026-01-24 08:32:35,2026-01-24,16.8,30.99,93.0
SEN005,2026-03-15 08:27:16,2026-03-15,35.2,24.5,65.0
SEN010,2026-08-21 03:52:37,2026-08-21,25.7,30.8,45.0
SEN045,2026-06-12 07:26:10,2026-06-12,39.0,48.5,
SEN008,2026-07-24 17:25:43,2026-07-24,26.61,8.9,72.0
SEN043,2026-08-28 23:03:07,2026-08-28,19.6,19.5,93.0
SEN019,2026-01-02 05:10:34,2026-01-02,30.6,4.8,41.0
SEN012,2026-07-10 17:09:45,2026-07-10,28.39,24.0,76.0
SEN019,2026-03-10 11:21:57,2026-03-10,28.4,32.7,44.0
SEN046,2026-04-22 01:09:15,2026-04-22,39.11,,60.0
SEN020,2026-09-04 03:31:24,2026-09-04,37.0,30.0,73.0
SEN043,2026-01-09 19:12:16,2026-01-09,39.8,,87.0
SEN026,2026-04-05 22:59:01,2026-04-05,32.1,,71.0
SEN004,2026-01-07 16:22:04,2026-01-07,31.89,,48.0
SEN045,2026-01-26 08:23:40,2026-01-26,29.7,25.5,80.0
SEN002,2026-03-02 09:48:58,2026-03-02,26.7,19.05,40.0
SEN039,2026-02-07 10:32:07,2026-02-07,16.0,,61.0
SEN011,2026-08-29 06:33:10,2026-08-29,24.1,24.4,85.0
SEN019,2026-01-05 08:58:40,2026-01-05,20.8,,77.0
SEN014,2026-03-25 01:11:48,2026-03-25,20.8,33.9,56.0
SEN016,2026-01-01 19:51:00,2026-01-01,24.1,,
SEN018,2026-06-21 08:50:37,2026-06-21,15.8,11.7,52.0
SEN039,2026-04-03 18:28:14,2026-04-03,27.61,36.8,44.0
SEN009,2026-04-02 11:03:54,2026-04-02,25.8,41.4,83.0
SEN041,2026-03-30 18:10:03,2026-03-30,20.5,33.78,
SEN014,2026-07-13 21:19:03,2026-07-13,36.72,43.9,57.0
SEN014,2026-08-11 05:28:26,2026-08-11,19.7,8.13,49.0
SEN033,2026-02-26 16:44:23,2026-02-26,35.1,38.1,86.0
SEN026,2026-05-20 17:44:15,2026-05-20,33.72,46.4,74.0
SEN026,2026-05-01 02:13:57,2026-05-01,28.9,4.4,47.0
SEN009,2026-01-22 20:56:06,2026-01-22,15.7,35.4,81.0
SEN039,2026-07-12 12:51:20,2026-07-12,18.61,20.1,76.0
SEN025,2026-07-09 23:04:38,2026-07-09,24.11,,80.0
SEN035,2026-06-28 20:33:34,2026-06-28,19.89,30.23,40.0
SEN050,2026-07-18 19:13:00,2026-07-18,39.7,16.3,67.0
SEN030,2026-02-24 04:59:08,2026-02-24,36.5,26.8,
SEN050,2026-04-13 11:24:24,2026-04-13,15.0,,40.0
SEN050,2026-01-04 15:57:09,2026-01-04,18.3,34.3,85.0
UNKNOWN,2026-05-13 02:49:40,2026-05-13,18.39,23.62,74.0
UNKNOWN,2026-08-06 19:12:10,2026-08-06,29.0,2.29,
SEN034,2026-04-15 09:23:16,2026-04-15,27.72,1.3,67.0
SEN014,2026-06-24 07:31:34,2026-06-24,28.1,49.02,52.0
SEN003,2026-03-15 00:45:25,2026-03-15,19.78,,36.0
SEN011,2026-07-03 18:35:39,2026-07-03,29.2,40.5,55.0
SEN028,2026-04-24 20:48:37,2026-04-24,21.5,25.5,
SEN046,2026-06-16 18:32:16,2026-06-16,26.5,2.79,56.0
SEN035,2026-06-25 00:12:12,2026-06-25,18.78,19.3,56.0
SEN008,2026-04-01 20:22:46,2026-04-01,23.3,,48.0
SEN025,2026-03-14 05:31:02,2026-03-14,36.4,,47.0
SEN044,2026-03-31 12:24:10,2026-03-31,25.11,10.0,50.0
SEN017,2026-05-15 02:00:40,2026-05-15,23.78,20.1,80.0
SEN004,2026-03-20 01:59:04,2026-03-20,34.2,43.0,68.0
SEN038,2026-08-28 13:13:52,2026-08-28,26.1,28.6,89.0
SEN010,2026-06-04 09:52:16,2026-06-04,22.2,34.29,41.0
SEN048,2026-03-10 12:51:33,2026-03-10,38.89,27.18,47.0
SEN026,2026-03-12 06:09:30,2026-03-12,28.28,6.35,78.0
SEN032,2026-04-09 13:20:05,2026-04-09,17.8,42.4,66.0
SEN050,2026-08-03 19:06:28,2026-08-03,26.2,6.6,46.0
SEN002,2026-04-13 13:23:17,2026-04-13,18.0,19.6,55.0
SEN042,2026-06-11 00:00:00,2026-06-11,31.0,39.8,85.0
SEN034,2026-08-14 18:03:41,2026-08-14,16.1,21.08,
SEN029,2026-07-10 03:29:00,2026-07-10,37.0,19.0,58.0
SEN036,2026-08-16 20:34:11,2026-08-16,25.0,16.51,56.0
SEN032,2026-02-20 22:58:24,2026-02-20,25.6,44.4,79.0
SEN040,2026-09-06 00:47:03,2026-09-06,33.2,,87.0
SEN027,2026-03-13 08:41:25,2026-03-13,33.4,24.38,37.0
SEN048,2026-08-06 07:57:12,2026-08-06,18.22,11.94,55.0
SEN027,2026-08-21 22:38:33,2026-08-21,32.5,,38.0
SEN046,2026-06-09 08:09:40,2026-06-09,33.4,29.97,49.0
SEN007,2026-08-10 01:34:47,2026-08-10,17.8,41.91,81.0
SEN042,2026-04-18 09:05:47,2026-04-18,33.4,28.1,53.0
SEN033,2026-03-02 11:25:58,2026-03-02,30.0,13.72,44.0
SEN008,2026-02-12 03:11:29,2026-02-12,37.1,,30.0
SEN018,2026-02-19 11:07:03,2026-02-19,36.11,35.6,68.0
SEN011,2026-06-05 21:09:56,2026-06-05,15.4,27.8,66.0
SEN020,2026-09-09 10:53:02,2026-09-09,35.0,,34.0
SEN042,2026-01-24 06:14:56,2026-01-24,17.72,4.9,70.0
SEN047,2026-01-26 00:30:41,2026-01-26,29.1,38.1,49.0
SEN042,2026-01-02 21:59:53,2026-01-02,38.5,,41.0
SEN028,2026-08-14 02:43:37,2026-08-14,33.6,17.27,85.0
SEN020,2026-05-19 23:55:32,2026-05-19,24.5,,75.0
SEN045,2026-04-20 00:00:00,2026-04-20,36.7,19.7,37.0
SEN048,2026-09-05 18:43:49,2026-09-05,15.0,10.7,75.0
SEN008,2026-01-03 10:30:28,2026-01-03,35.6,28.96,36.0
SEN042,2026-06-23 06:07:10,2026-06-23,20.5,14.22,31.0
SEN001,2026-07-23 11:38:35,2026-07-23,23.0,,85.0
SEN017,2026-08-27 21:33:48,2026-08-27,23.28,39.8,55.0
UNKNOWN,2026-02-18 20:02:19,2026-02-18,32.22,34.8,71.0
SEN050,2026-08-11 09:27:58,2026-08-11,30.2,33.9,69.0
SEN030,2026-06-11 12:39:21,2026-06-11,34.61,47.24,77.0
SEN038,2026-06-11 21:24:51,2026-06-11,19.5,21.0,79.0
SEN015,2026-07-17 00:00:00,2026-07-17,32.0,9.91,95.0
SEN045,2026-01-06 22:02:19,2026-01-06,18.1,2.9,34.0
SEN047,2026-02-24 14:16:05,2026-02-24,32.39,,66.0
SEN037,2026-07-18 13:00:02,2026-07-18,19.7,4.8,72.0
SEN026,2026-06-02 22:07:02,2026-06-02,19.22,39.9,
SEN010,2026-02-13 08:26:44,2026-02-13,34.89,,35.0
SEN026,2026-04-23 19:55:38,2026-04-23,38.6,44.96,90.0
SEN024,2026-08-21 21:59:17,2026-08-21,24.1,1.5,84.0
SEN026,2026-08-07 05:36:59,2026-08-07,23.8,32.6,
SEN018,2026-08-09 22:20:31,2026-08-09,25.0,38.4,44.0
SEN028,2026-02-19 20:56:55,2026-02-19,19.61,10.7,77.0
SEN039,2026-01-03 13:05:22,2026-01-03,20.61,36.9,
SEN023,2026-02-11 13:46:30,2026-02-11,19.3,,76.0
SEN037,2026-04-18 20:26:47,2026-04-18,35.7,35.31,44.0
UNKNOWN,2026-04-07 21:47:54,2026-04-07,16.11,,90.0
SEN015,2026-05-16 09:31:19,2026-05-16,34.78,16.5,58.0
SEN033,2026-03-01 00:00:00,2026-03-01,30.1,42.2,44.0
SEN017,2026-06-23 06:54:29,2026-06-23,29.22,,92.0
SEN008,2026-01-01 22:33:01,2026-01-01,34.4,42.9,
SEN005,2026-01-21 08:29:36,2026-01-21,39.7,,
SEN003,2026-01-28 12:48:55,2026-01-28,28.6,0.4,65.0
SEN018,2026-03-20 19:14:54,2026-03-20,26.78,7.6,36.0
SEN007,2026-04-13 12:51:24,2026-04-13,34.7,19.3,43.0
SEN019,2026-02-17 14:21:20,2026-02-17,34.6,19.1,34.0
SEN049,2026-06-17 02:13:06,2026-06-17,28.11,36.58,75.0
SEN003,2026-04-06 23:57:40,2026-04-06,19.22,16.76,92.0
SEN004,2026-05-25 07:03:58,2026-05-25,21.7,49.8,53.0
SEN010,2026-07-05 21:22:00,2026-07-05,15.1,,74.0
SEN020,2026-04-29 20:12:44,2026-04-29,31.8,19.05,83.0
SEN044,2026-07-22 05:49:56,2026-07-22,33.22,,57.0
SEN040,2026-05-24 17:18:00,2026-05-24,36.8,35.3,39.0
SEN042,2026-04-04 17:02:39,2026-04-04,38.9,35.8,50.0
SEN049,2026-05-17 07:38:53,2026-05-17,37.39,17.9,89.0
SEN024,2026-05-23 16:57:32,2026-05-23,21.0,12.8,
SEN034,2026-05-07 04:13:08,2026-05-07,27.3,48.26,74.0
SEN008,2026-09-01 05:50:40,2026-09-01,30.4,,73.0
SEN042,2026-04-25 20:47:20,2026-04-25,19.1,18.5,33.0
SEN017,2026-02-01 07:02:37,2026-02-01,23.0,,49.0
SEN029,2026-03-14 17:35:55,2026-03-14,29.9,42.5,31.0
UNKNOWN,2026-05-26 07:27:55,2026-05-26,27.11,,
UNKNOWN,2026-02-11 05:34:25,2026-02-11,37.5,,58.0
UNKNOWN,2026-04-19 15:59:04,2026-04-19,19.6,31.3,90.0
SEN011,2026-06-18 15:12:55,2026-06-18,37.4,13.3,
SEN007,2026-07-31 06:21:22,2026-07-31,35.7,,70.0
SEN050,2026-07-16 15:19:33,2026-07-16,34.78,39.37,31.0
SEN037,2026-02-05 12:46:21,2026-02-05,26.4,,45.0
SEN047,2026-05-06 11:34:00,2026-05-06,23.0,42.42,92.0
SEN009,2026-06-16 10:23:13,2026-06-16,36.1,3.6,46.0
SEN018,2026-01-11 09:51:59,2026-01-11,30.5,,73.0
SEN048,2026-07-13 11:34:00,2026-07-13,27.6,47.3,53.0
SEN031,2026-06-01 01:56:19,2026-06-01,18.8,29.2,60.0
SEN013,2026-02-10 17:03:37,2026-02-10,36.1,,79.0
SEN008,2026-03-25 18:23:48,2026-03-25,16.22,29.4,76.0
SEN050,2026-06-23 18:19:39,2026-06-23,28.8,5.1,85.0
SEN019,2026-03-21 15:26:14,2026-03-21,31.5,,63.0
SEN030,2026-07-01 17:51:36,2026-07-01,15.89,7.8,38.0
UNKNOWN,2026-03-03 09:48:12,2026-03-03,35.3,39.88,
SEN047,2026-01-17 13:57:38,2026-01-17,36.9,16.0,61.0
SEN013,2026-04-13 07:54:08,2026-04-13,25.2,0.76,92.0
SEN027,2026-03-06 01:06:12,2026-03-06,26.28,13.4,44.0
SEN001,2026-03-02 23:52:23,2026-03-02,26.72,6.9,65.0
SEN045,2026-08-27 18:07:14,2026-08-27,22.9,,50.0
SEN050,2026-08-07 03:00:07,2026-08-07,26.61,32.8,37.0
SEN044,2026-09-02 04:50:08,2026-09-02,27.72,48.5,81.0
SEN034,2026-07-07 00:24:25,2026-07-07,27.39,19.4,37.0
SEN010,2026-08-07 20:36:24,2026-08-07,38.2,48.51,
SEN018,2026-08-31 18:08:22,2026-08-31,29.89,40.13,43.0
SEN025,2026-01-26 16:45:07,2026-01-26,37.1,,86.0
SEN031,2026-02-09 06:19:00,2026-02-09,26.61,28.1,70.0
SEN046,2026-01-02 16:25:42,2026-01-02,19.39,,83.0
SEN037,2026-01-11 15:42:42,2026-01-11,18.2,29.97,58.0
SEN029,2026-05-03 22:58:13,2026-05-03,17.9,,92.0
SEN031,2026-01-24 06:53:41,2026-01-24,16.22,40.3,90.0
SEN045,2026-06-29 01:21:56,2026-06-29,27.8,19.2,75.0
SEN021,2026-04-08 18:18:28,2026-04-08,34.6,21.9,87.0
SEN032,2026-07-01 18:56:59,2026-07-01,39.9,0.1,31.0
SEN016,2026-06-18 07:11:27,2026-06-18,15.4,25.6,34.0
SEN041,2026-08-31 07:34:46,2026-08-31,39.61,6.4,
SEN017,2026-04-18 08:41:58,2026-04-18,35.4,42.4,56.0
SEN018,2026-08-27 13:17:27,2026-08-27,18.61,36.1,41.0
SEN044,2026-06-22 05:40:53,2026-06-22,22.28,5.9,89.0
SEN008,2026-07-01 18:31:46,2026-07-01,23.0,,
SEN003,2026-08-05 19:59:58,2026-08-05,35.9,1.9,86.0
SEN028,2026-08-19 06:43:57,2026-08-19,23.7,6.2,40.0
SEN050,2026-06-12 14:16:28,2026-06-12,22.0,21.9,54.0
SEN030,2026-03-15 05:42:45,2026-03-15,24.28,44.8,65.0
SEN044,2026-06-20 14:41:00,2026-06-20,29.5,12.3,47.0
SEN034,2026-08-01 14:16:26,2026-08-01,22.72,,59.0
SEN050,2026-02-06 08:39:59,2026-02-06,17.7,,90.0
UNKNOWN,2026-08-03 20:30:31,2026-08-03,39.2,17.3,48.0
SEN030,2026-04-06 06:38:48,2026-04-06,26.8,44.45,88.0
SEN024,2026-04-23 10:54:37,2026-04-23,27.22,30.23,62.0
UNKNOWN,2026-08-20 16:22:29,2026-08-20,39.4,17.3,80.0
SEN030,2026-02-20 08:21:00,2026-02-20,28.78,11.9,51.0
SEN012,2026-03-23 04:50:08,2026-03-23,22.11,,
SEN013,2026-01-14 15:17:39,2026-01-14,29.8,27.8,45.0
SEN049,2026-01-21 09:49:50,2026-01-21,24.89,3.81,
SEN039,2026-06-16 01:58:58,2026-06-16,34.4,12.9,30.0
SEN040,2026-02-09 18:27:36,2026-02-09,39.0,23.7,40.0
SEN001,2026-04-12 20:22:11,2026-04-12,16.22,22.2,74.0
SEN027,2026-05-14 04:19:01,2026-05-14,17.7,20.83,77.0
SEN030,2026-08-10 04:34:04,2026-08-10,27.61,45.21,79.0
SEN014,2026-02-14 05:42:38,2026-02-14,27.0,23.37,57.0
SEN022,2026-08-19 04:19:33,2026-08-19,32.0,15.8,76.0
SEN018,2026-05-10 12:19:00,2026-05-10,23.4,24.13,42.0
SEN035,2026-02-18 23:59:50,2026-02-18,22.1,22.9,71.0
SEN028,2026-02-06 14:13:10,2026-02-06,39.6,3.7,46.0
SEN016,2026-06-30 23:11:01,2026-06-30,34.5,13.97,60.0
SEN007,2026-05-07 13:57:48,2026-05-07,27.1,32.26,48.0
SEN020,2026-07-16 18:30:17,2026-07-16,26.4,0.0,38.0
SEN009,2026-01-04 11:00:37,2026-01-04,32.8,30.2,43.0
SEN048,2026-04-05 13:07:51,2026-04-05,28.2,1.78,52.0
SEN043,2026-05-04 18:28:10,2026-05-04,28.72,48.51,
SEN047,2026-03-03 22:50:12,2026-03-03,21.78,,
SEN017,2026-06-05 18:25:03,2026-06-05,23.28,35.05,62.0
SEN007,2026-01-04 22:17:14,2026-01-04,31.2,14.3,43.0
SEN018,2026-01-01 18:18:17,2026-01-01,33.22,13.9,38.0
SEN037,2026-05-06 01:31:53,2026-05-06,26.4,4.1,89.0
SEN036,2026-07-22 09:22:35,2026-07-22,18.2,19.8,35.0
SEN024,2026-05-06 18:47:38,2026-05-06,17.8,21.7,69.0
SEN033,2026-03-12 13:57:41,2026-03-12,28.2,,39.0
SEN013,2026-08-10 03:37:29,2026-08-10,17.61,1.78,94.0
SEN037,2026-05-19 20:05:31,2026-05-19,31.78,33.7,73.0
SEN043,2026-09-06 10:25:40,2026-09-06,35.1,40.6,55.0
SEN045,2026-06-12 04:35:15,2026-06-12,24.61,5.4,71.0
SEN018,2026-02-13 18:01:33,2026-02-13,34.4,12.1,89.0
SEN015,2026-02-03 18:28:59,2026-02-03,16.8,25.2,93.0
SEN003,2026-08-27 22:23:16,2026-08-27,25.6,0.3,51.0
SEN020,2026-03-07 10:59:15,2026-03-07,38.22,,57.0
SEN023,2026-01-25 03:29:29,2026-01-25,35.9,,68.0
SEN019,2026-03-24 16:59:49,2026-03-24,36.9,45.5,86.0
SEN024,2026-05-17 23:45:47,2026-05-17,34.9,44.2,89.0
UNKNOWN,2026-04-06 18:25:56,2026-04-06,37.2,,54.0
SEN011,2026-07-09 04:14:38,2026-07-09,35.5,30.7,75.0
SEN026,2026-02-17 01:54:38,2026-02-17,28.11,36.58,33.0
SEN039,2026-07-22 01:46:40,2026-07-22,39.72,24.1,74.0
SEN015,2026-08-14 13:25:14,2026-08-14,21.11,7.8,31.0
SEN006,2026-08-11 17:23:23,2026-08-11,24.39,21.2,86.0
SEN014,2026-08-28 06:21:12,2026-08-28,32.0,49.2,38.0
SEN043,2026-02-03 11:17:00,2026-02-03,38.28,9.4,43.0
SEN007,2026-01-10 04:15:53,2026-01-10,34.9,28.7,82.0
SEN039,2026-06-16 06:35:29,2026-06-16,35.11,35.4,64.0
SEN036,2026-05-29 08:51:37,2026-05-29,19.1,38.86,
SEN005,2026-05-24 02:58:28,2026-05-24,24.72,1.52,61.0
SEN047,2026-06-06 18:07:03,2026-06-06,23.6,40.0,
SEN013,2026-04-07 05:43:51,2026-04-07,26.0,0.51,37.0
SEN034,2026-04-03 15:29:01,2026-04-03,37.11,38.86,44.0
SEN015,2026-03-08 00:00:00,2026-03-08,37.6,3.1,48.0
SEN022,2026-04-10 05:05:21,2026-04-10,35.2,39.37,55.0
SEN007,2026-06-29 01:51:21,2026-06-29,38.22,8.9,62.0
SEN005,2026-01-23 08:23:30,2026-01-23,23.6,31.5,41.0
SEN035,2026-07-15 15:16:00,2026-07-15,21.7,48.1,33.0
SEN035,2026-04-01 09:31:20,2026-04-01,20.0,41.91,86.0
SEN039,2026-06-21 13:26:32,2026-06-21,28.22,,58.0
SEN017,2026-08-14 02:45:03,2026-08-14,31.7,30.6,80.0
SEN004,2026-08-04 11:36:31,2026-08-04,35.2,11.2,92.0
SEN012,2026-09-03 16:21:43,2026-09-03,34.1,7.11,
SEN004,2026-08-12 18:24:46,2026-08-12,32.11,4.7,87.0
SEN041,2026-01-20 07:42:44,2026-01-20,28.8,37.6,38.0
SEN012,2026-05-27 22:29:26,2026-05-27,23.28,45.21,34.0
SEN036,2026-06-10 15:25:06,2026-06-10,19.9,,77.0
SEN036,2026-03-21 06:46:23,2026-03-21,22.4,25.65,32.0
SEN039,2026-06-22 22:52:06,2026-06-22,16.5,12.95,57.0
SEN020,2026-02-10 21:24:38,2026-02-10,38.4,19.2,93.0
SEN024,2026-05-15 01:51:38,2026-05-15,25.8,,61.0
SEN050,2026-05-03 00:00:00,2026-05-03,20.11,3.7,46.0
SEN016,2026-06-07 15:05:54,2026-06-07,32.4,1.4,
SEN029,2026-05-04 02:46:26,2026-05-04,25.2,27.2,95.0
SEN022,2026-07-06 02:53:31,2026-07-06,15.5,18.4,36.0
SEN029,2026-08-27 12:44:12,2026-08-27,25.6,46.1,38.0
SEN050,2026-07-06 18:18:47,2026-07-06,23.0,6.1,79.0
SEN017,2026-08-30 02:31:30,2026-08-30,34.1,17.78,62.0
SEN030,2026-02-19 07:11:20,2026-02-19,21.6,,
SEN013,2026-01-27 07:58:00,2026-01-27,27.5,48.1,87.0
SEN021,2026-02-16 03:02:18,2026-02-16,29.39,,46.0
SEN049,2026-03-28 06:56:21,2026-03-28,36.9,8.64,60.0
SEN002,2026-06-02 16:22:39,2026-06-02,22.9,3.8,57.0
SEN041,2026-02-06 17:03:08,2026-02-06,35.5,35.7,38.0
SEN048,2026-06-17 03:18:39,2026-06-17,38.8,,42.0
SEN005,2026-06-21 09:26:00,2026-06-21,33.89,25.15,39.0
SEN024,2026-02-04 14:52:26,2026-02-04,39.78,1.3,91.0
SEN048,2026-05-07 06:28:49,2026-05-07,31.4,19.3,86.0
SEN026,2026-05-17 15:17:00,2026-05-17,38.28,49.5,81.0
SEN025,2026-04-27 14:11:00,2026-04-27,38.61,7.7,36.0
SEN034,2026-04-06 06:38:37,2026-04-06,37.5,38.1,71.0
SEN009,2026-04-11 13:13:47,2026-04-11,39.2,40.2,43.0
SEN050,2026-06-15 18:29:05,2026-06-15,21.78,2.2,68.0
SEN023,2026-08-13 23:08:38,2026-08-13,33.78,36.07,89.0
SEN002,2026-03-16 15:26:29,2026-03-16,20.5,28.96,50.0
SEN005,2026-08-14 14:30:49,2026-08-14,17.22,7.0,34.0
SEN031,2026-05-02 03:14:19,2026-05-02,33.0,5.59,65.0
SEN038,2026-07-07 11:35:00,2026-07-07,18.28,23.11,42.0
SEN050,2026-06-03 02:21:53,2026-06-03,26.7,45.1,59.0
SEN006,2026-01-06 06:28:53,2026-01-06,16.0,18.0,41.0
SEN027,2026-08-20 22:19:37,2026-08-20,26.2,36.8,77.0
SEN042,2026-01-05 05:56:26,2026-01-05,30.1,27.6,49.0
SEN049,2026-07-31 05:54:47,2026-07-31,35.72,,35.0
SEN025,2026-03-21 18:11:58,2026-03-21,24.61,9.91,32.0
SEN038,2026-04-11 23:59:25,2026-04-11,36.4,6.3,94.0
SEN010,2026-07-17 16:06:07,2026-07-17,17.2,34.29,
SEN036,2026-06-06 00:05:58,2026-06-06,39.11,42.42,84.0
SEN006,2026-05-29 02:06:00,2026-05-29,39.7,22.61,80.0
SEN032,2026-03-13 14:20:43,2026-03-13,31.8,32.0,54.0
SEN006,2026-06-13 04:50:00,2026-06-13,34.3,32.1,92.0
SEN016,2026-02-07 04:01:33,2026-02-07,25.0,27.5,59.0
SEN020,2026-04-28 17:42:47,2026-04-28,28.78,1.1,94.0
SEN038,2026-07-14 10:42:57,2026-07-14,18.2,,
SEN028,2026-03-02 22:43:45,2026-03-02,38.6,9.65,31.0
SEN001,2026-01-16 17:11:13,2026-01-16,27.2,16.7,35.0
SEN016,2026-06-10 06:41:39,2026-06-10,18.6,,62.0
SEN040,2026-07-29 19:43:28,2026-07-29,38.61,41.0,63.0
SEN018,2026-05-10 07:59:01,2026-05-10,24.9,48.3,57.0
SEN029,2026-06-06 16:06:23,2026-06-06,33.39,14.0,49.0
SEN015,2026-07-05 19:29:32,2026-07-05,33.9,25.3,44.0
UNKNOWN,2026-02-21 15:44:46,2026-02-21,27.22,12.19,32.0
UNKNOWN,2026-03-25 03:04:08,2026-03-25,29.89,,44.0
SEN050,2026-07-12 02:58:04,2026-07-12,39.6,22.1,62.0
SEN045,2026-02-17 11:43:28,2026-02-17,35.4,47.7,50.0
SEN027,2026-03-23 15:04:13,2026-03-23,25.7,6.8,
SEN050,2026-02-24 21:56:17,2026-02-24,16.3,38.5,49.0
SEN049,2026-09-08 22:08:23,2026-09-08,38.11,11.2,78.0
SEN020,2026-06-04 03:16:48,2026-06-04,38.7,18.1,91.0
SEN008,2026-01-10 13:08:19,2026-01-10,37.22,16.76,41.0
SEN011,2026-06-09 01:04:36,2026-06-09,33.3,,
SEN041,2026-05-28 22:54:25,2026-05-28,20.72,6.9,94.0
SEN005,2026-05-15 13:22:06,2026-05-15,36.2,49.5,37.0
UNKNOWN,2026-03-29 14:38:06,2026-03-29,18.8,27.8,54.0
SEN039,2026-08-09 00:09:42,2026-08-09,26.0,7.9,50.0
SEN033,2026-07-23 02:26:19,2026-07-23,17.7,34.3,84.0
SEN049,2026-07-10 00:48:05,2026-07-10,36.6,37.2,83.0
SEN029,2026-05-03 00:24:58,2026-05-03,30.6,23.37,94.0
SEN023,2026-07-04 15:42:09,2026-07-04,16.7,,69.0
SEN049,2026-06-28 12:10:30,2026-06-28,37.8,9.6,65.0
SEN017,2026-06-29 15:22:14,2026-06-29,33.39,29.7,94.0
SEN031,2026-03-14 13:25:10,2026-03-14,22.0,49.4,34.0
SEN025,2026-06-09 12:58:03,2026-06-09,19.9,7.87,31.0
SEN016,2026-01-30 22:48:30,2026-01-30,29.5,18.1,86.0
SEN010,2026-02-27 02:40:19,2026-02-27,38.0,,67.0
SEN048,2026-08-15 23:05:35,2026-08-15,31.5,9.2,42.0
SEN043,2026-07-06 03:09:27,2026-07-06,16.78,43.4,59.0
SEN029,2026-08-19 05:10:52,2026-08-19,28.5,29.5,30.0
SEN004,2026-09-08 01:01:15,2026-09-08,35.6,27.69,82.0
SEN008,2026-04-17 20:24:04,2026-04-17,21.3,22.6,92.0
SEN029,2026-02-20 22:00:37,2026-02-20,31.1,,67.0
SEN009,2026-05-15 03:11:53,2026-05-15,16.2,18.8,31.0
SEN007,2026-08-06 02:48:16,2026-08-06,27.2,48.1,
SEN022,2026-03-13 05:46:50,2026-03-13,27.2,,71.0
SEN037,2026-01-11 18:48:42,2026-01-11,18.0,31.24,33.0
SEN021,2026-08-23 09:08:29,2026-08-23,24.1,2.3,85.0
SEN044,2026-03-07 10:56:13,2026-03-07,39.2,17.0,31.0
SEN001,2026-01-15 20:12:58,2026-01-15,27.2,30.5,47.0
SEN030,2026-01-13 10:11:27,2026-01-13,29.78,6.86,52.0
SEN030,2026-03-29 12:57:05,2026-03-29,37.39,37.3,38.0
SEN022,2026-03-07 12:13:38,2026-03-07,16.89,,71.0
SEN016,2026-07-16 09:34:17,2026-07-16,18.0,21.08,95.0
SEN012,2026-06-26 17:09:51,2026-06-26,19.5,12.19,
SEN001,2026-08-23 22:46:19,2026-08-23,21.4,1.5,71.0
UNKNOWN,2026-09-05 04:25:42,2026-09-05,27.72,6.6,83.0
SEN023,2026-01-01 22:17:14,2026-01-01,21.39,14.48,69.0
SEN001,2026-03-10 17:55:48,2026-03-10,33.2,23.3,73.0
SEN018,2026-08-21 05:33:37,2026-08-21,24.6,11.4,95.0
SEN047,2026-05-13 21:50:39,2026-05-13,32.6,8.0,60.0
SEN003,2026-08-19 08:24:55,2026-08-19,32.5,42.4,
SEN024,2026-06-05 05:38:47,2026-06-05,28.8,1.8,87.0
SEN028,2026-03-07 06:06:51,2026-03-07,29.11,46.3,57.0
SEN017,2026-02-22 21:07:42,2026-02-22,17.9,38.1,69.0
UNKNOWN,2026-06-07 11:58:58,2026-06-07,35.9,23.0,56.0
SEN046,2026-06-21 20:36:31,2026-06-21,29.0,49.2,80.0
SEN012,2026-07-04 09:33:49,2026-07-04,30.72,13.0,31.0
SEN029,2026-09-08 18:59:14,2026-09-08,19.11,28.19,94.0
SEN024,2026-05-28 00:16:00,2026-05-28,17.0,5.4,54.0
SEN034,2026-07-17 18:26:24,2026-07-17,17.3,33.6,
SEN033,2026-02-05 15:53:54,2026-02-05,30.0,,85.0
SEN037,2026-07-15 05:40:48,2026-07-15,19.8,34.6,32.0
SEN002,2026-03-26 19:29:47,2026-03-26,17.9,4.57,58.0
SEN043,2026-07-28 15:31:24,2026-07-28,21.72,18.4,77.0
SEN013,2026-04-06 12:39:36,2026-04-06,26.3,12.9,37.0
SEN039,2026-01-24 07:41:59,2026-01-24,30.89,42.42,70.0
SEN046,2026-05-19 20:58:07,2026-05-19,29.7,15.6,77.0
SEN025,2026-01-30 01:57:47,2026-01-30,26.2,43.1,30.0
SEN030,2026-01-12 08:50:20,2026-01-12,31.5,32.1,34.0
SEN047,2026-01-04 00:38:59,2026-01-04,34.5,,67.0
SEN006,2026-01-25 16:18:44,2026-01-25,25.78,0.51,34.0
SEN009,2026-02-27 10:42:00,2026-02-27,34.4,26.9,87.0
SEN022,2026-04-29 23:22:01,2026-04-29,28.8,,39.0
SEN007,2026-06-10 03:43:00,2026-06-10,31.72,15.9,78.0
SEN028,2026-04-24 04:16:00,2026-04-24,15.11,33.7,44.0
SEN009,2026-06-25 02:02:29,2026-06-25,23.0,34.5,66.0
SEN002,2026-08-14 23:42:50,2026-08-14,37.0,22.61,91.0
SEN048,2026-07-26 13:05:02,2026-07-26,22.7,11.5,82.0
SEN035,2026-09-04 04:55:05,2026-09-04,26.6,41.66,58.0
SEN019,2026-05-27 06:53:33,2026-05-27,36.11,7.6,31.0
SEN011,2026-07-31 04:25:34,2026-07-31,17.89,19.3,88.0
UNKNOWN,2026-02-19 23:40:33,2026-02-19,33.6,8.64,93.0
SEN014,2026-07-13 12:38:10,2026-07-13,32.0,1.7,42.0
SEN048,2026-01-11 08:10:00,2026-01-11,37.5,10.0,95.0
SEN041,2026-05-21 14:18:22,2026-05-21,29.3,42.7,75.0
SEN031,2026-05-16 03:09:15,2026-05-16,29.2,22.7,52.0
SEN028,2026-03-02 15:34:36,2026-03-02,27.1,33.4,70.0
SEN034,2026-08-23 22:08:22,2026-08-23,25.39,16.5,60.0
SEN014,2026-08-22 22:27:47,2026-08-22,23.0,16.0,77.0
SEN019,2026-04-29 17:12:48,2026-04-29,33.1,6.6,68.0
UNKNOWN,2026-01-22 12:08:19,2026-01-22,36.5,34.0,
SEN047,2026-01-11 16:05:12,2026-01-11,17.5,21.8,46.0
SEN044,2026-04-03 14:37:22,2026-04-03,34.9,35.5,63.0
SEN049,2026-03-31 07:44:11,2026-03-31,35.3,17.78,69.0
SEN017,2026-05-25 11:19:32,2026-05-25,37.39,30.73,50.0
SEN007,2026-03-22 09:46:01,2026-03-22,32.1,45.4,84.0
SEN022,2026-03-02 05:42:36,2026-03-02,30.1,44.3,83.0
SEN029,2026-02-14 01:35:49,2026-02-14,21.28,5.08,72.0
SEN007,2026-05-12 21:14:23,2026-05-12,39.22,30.73,33.0
SEN042,2026-01-26 01:44:11,2026-01-26,31.8,29.6,37.0
SEN003,2026-04-29 08:01:04,2026-04-29,21.3,43.1,45.0
SEN012,2026-04-23 03:36:22,2026-04-23,29.39,0.5,69.0
SEN035,2026-01-25 04:29:46,2026-01-25,39.8,20.6,71.0
SEN042,2026-06-10 18:46:39,2026-06-10,27.0,,48.0
SEN017,2026-06-12 21:00:43,2026-06-12,25.5,44.5,46.0
SEN048,2026-08-14 02:45:03,2026-08-14,15.78,,49.0
SEN035,2026-05-28 10:31:12,2026-05-28,39.7,16.7,52.0
SEN044,2026-09-07 01:07:34,2026-09-07,38.0,,53.0
SEN012,2026-04-27 11:57:03,2026-04-27,16.7,17.6,35.0
SEN038,2026-01-24 23:24:50,2026-01-24,33.0,36.2,88.0
SEN027,2026-04-13 11:18:46,2026-04-13,22.39,13.5,79.0
SEN005,2026-02-04 17:14:54,2026-02-04,32.2,44.8,47.0
SEN006,2026-03-17 09:31:25,2026-03-17,16.78,28.4,72.0
SEN002,2026-01-22 07:44:16,2026-01-22,39.3,38.5,45.0
SEN050,2026-04-06 00:06:00,2026-04-06,31.5,8.89,
SEN022,2026-03-08 02:45:11,2026-03-08,34.1,37.59,71.0
SEN038,2026-07-31 20:08:23,2026-07-31,34.89,31.0,71.0
SEN028,2026-01-18 05:22:08,2026-01-18,35.22,29.8,68.0
SEN049,2026-07-13 23:33:30,2026-07-13,34.9,10.41,41.0
SEN032,2026-02-23 12:01:13,2026-02-23,34.89,28.5,94.0
SEN038,2026-08-01 17:10:48,2026-08-01,16.1,,80.0
SEN018,2026-02-13 07:14:47,2026-02-13,34.11,33.8,88.0
UNKNOWN,2026-02-19 05:31:06,2026-02-19,22.9,,44.0
SEN020,2026-01-11 11:38:47,2026-01-11,25.6,26.3,57.0
SEN010,2026-02-08 02:37:22,2026-02-08,17.1,19.8,50.0
SEN012,2026-06-19 17:29:29,2026-06-19,31.1,2.29,72.0
SEN009,2026-08-01 21:22:10,2026-08-01,37.8,17.2,88.0
SEN050,2026-06-15 15:30:29,2026-06-15,18.7,47.4,81.0
SEN050,2026-08-06 01:31:12,2026-08-06,16.1,19.9,51.0
SEN032,2026-03-20 11:11:32,2026-03-20,18.89,6.1,57.0
SEN047,2026-06-15 14:39:58,2026-06-15,37.5,40.1,46.0
SEN024,2026-06-22 21:53:28,2026-06-22,21.5,16.0,33.0
SEN006,2026-01-17 09:04:58,2026-01-17,20.61,,74.0
SEN032,2026-05-14 15:22:37,2026-05-14,28.3,6.8,35.0
SEN011,2026-01-06 09:24:43,2026-01-06,26.22,,78.0
SEN005,2026-06-09 12:53:31,2026-06-09,39.72,13.97,55.0
SEN018,2026-05-27 12:47:27,2026-05-27,36.7,19.3,57.0
SEN012,2026-08-07 02:31:18,2026-08-07,25.0,31.3,71.0
SEN012,2026-01-02 02:13:12,2026-01-02,33.72,36.3,69.0
SEN038,2026-02-13 07:26:54,2026-02-13,34.2,38.4,56.0
SEN035,2026-06-08 00:15:32,2026-06-08,15.5,,79.0
SEN037,2026-01-21 01:54:37,2026-01-21,27.72,6.4,84.0
SEN049,2026-03-08 06:35:55,2026-03-08,15.61,7.2,43.0
SEN024,2026-07-23 15:53:08,2026-07-23,23.28,2.7,41.0
SEN022,2026-08-10 07:45:54,2026-08-10,37.4,,44.0
SEN002,2026-02-08 19:23:06,2026-02-08,32.2,5.0,56.0
SEN037,2026-03-18 00:19:16,2026-03-18,21.4,,89.0
SEN033,2026-08-26 13:13:31,2026-08-26,20.8,,50.0
SEN022,2026-04-13 14:45:25,2026-04-13,26.4,43.18,79.0
SEN005,2026-03-11 14:18:50,2026-03-11,16.2,,56.0
UNKNOWN,2026-01-15 06:58:56,2026-01-15,18.5,2.7,76.0
SEN013,2026-05-30 11:26:47,2026-05-30,29.39,18.1,30.0
SEN039,2026-03-22 18:14:15,2026-03-22,38.7,49.9,
SEN025,2026-06-29 13:00:56,2026-06-29,37.89,15.7,65.0
SEN043,2026-05-21 16:21:16,2026-05-21,21.0,48.4,43.0
SEN019,2026-07-06 05:03:26,2026-07-06,18.3,8.2,67.0
SEN025,2026-05-03 03:52:21,2026-05-03,23.72,,50.0
SEN048,2026-09-02 22:30:29,2026-09-02,16.3,23.8,41.0
SEN001,2026-02-24 22:26:03,2026-02-24,29.78,,44.0
SEN012,2026-04-14 08:18:44,2026-04-14,25.22,21.5,53.0
SEN041,2026-03-19 04:45:33,2026-03-19,26.4,43.7,78.0
SEN011,2026-02-01 04:42:44,2026-02-01,36.22,34.3,47.0
SEN035,2026-05-12 00:30:58,2026-05-12,25.0,31.3,78.0
SEN047,2026-07-16 04:42:15,2026-07-16,18.3,7.6,52.0
UNKNOWN,2026-04-28 04:30:00,2026-04-28,29.61,5.33,57.0
SEN028,2026-08-08 19:14:08,2026-08-08,37.22,20.9,57.0
UNKNOWN,2026-01-20 09:34:38,2026-01-20,28.7,26.92,36.0
SEN032,2026-01-24 17:08:06,2026-01-24,28.11,39.88,52.0
SEN003,2026-05-07 08:23:00,2026-05-07,28.5,8.1,31.0
UNKNOWN,2026-05-06 00:35:29,2026-05-06,35.8,4.7,78.0
SEN006,2026-08-04 00:27:54,2026-08-04,24.28,16.8,64.0
SEN006,2026-08-05 23:54:22,2026-08-05,36.7,3.2,94.0
SEN007,2026-07-20 00:39:07,2026-07-20,39.7,2.4,44.0
SEN031,2026-06-17 10:47:21,2026-06-17,18.2,,32.0
SEN015,2026-05-22 00:00:00,2026-05-22,29.39,48.77,49.0
SEN014,2026-03-04 06:38:35,2026-03-04,20.11,48.0,62.0
SEN018,2026-06-24 11:04:21,2026-06-24,37.8,28.1,87.0
SEN042,2026-05-08 08:06:51,2026-05-08,26.22,39.4,83.0
SEN014,2026-06-11 16:35:44,2026-06-11,20.11,1.1,73.0
SEN040,2026-07-03 15:12:16,2026-07-03,15.0,43.8,54.0
SEN037,2026-07-10 20:07:00,2026-07-10,32.11,,65.0
SEN002,2026-01-30 08:29:43,2026-01-30,22.9,19.0,61.0
SEN014,2026-02-01 20:17:06,2026-02-01,34.39,29.97,94.0
SEN007,2026-05-15 10:28:50,2026-05-15,29.4,23.1,45.0
SEN027,2026-06-14 07:51:28,2026-06-14,26.3,15.7,80.0
SEN026,2026-07-08 02:02:43,2026-07-08,16.39,49.8,36.0
SEN026,2026-04-19 18:42:04,2026-04-19,18.4,,57.0
SEN016,2026-04-03 22:11:53,2026-04-03,24.9,,85.0
SEN019,2026-08-28 00:20:27,2026-08-28,34.72,7.9,67.0
SEN049,2026-06-05 03:40:00,2026-06-05,18.7,19.2,66.0
SEN050,2026-03-06 00:03:05,2026-03-06,15.78,,86.0
SEN044,2026-02-17 23:37:18,2026-02-17,21.8,17.9,89.0
SEN044,2026-07-12 03:39:59,2026-07-12,23.7,,30.0
SEN012,2026-08-16 10:17:00,2026-08-16,15.72,9.7,31.0
SEN002,2026-01-21 20:41:52,2026-01-21,30.72,34.4,54.0
SEN022,2026-08-19 19:27:55,2026-08-19,28.2,44.0,45.0
UNKNOWN,2026-06-04 20:04:19,2026-06-04,20.0,,48.0
SEN016,2026-05-31 23:32:13,2026-05-31,38.4,3.9,86.0
SEN004,2026-06-05 09:16:05,2026-06-05,17.39,18.9,44.0
SEN017,2026-03-21 04:53:00,2026-03-21,19.78,33.8,49.0
SEN008,2026-09-04 09:22:11,2026-09-04,27.39,,85.0
SEN003,2026-06-19 17:44:24,2026-06-19,24.9,43.7,71.0
SEN009,2026-05-15 04:35:55,2026-05-15,38.78,43.0,81.0
SEN045,2026-01-03 05:48:19,2026-01-03,27.8,24.8,70.0
SEN041,2026-02-27 23:12:39,2026-02-27,19.9,45.6,83.0
SEN002,2026-03-15 22:35:21,2026-03-15,35.5,47.5,38.0
SEN004,2026-04-29 19:39:20,2026-04-29,34.6,47.2,41.0
SEN050,2026-08-25 11:46:50,2026-08-25,15.9,29.3,54.0
SEN045,2026-04-21 11:21:21,2026-04-21,26.89,17.02,45.0
UNKNOWN,2026-06-08 04:31:29,2026-06-08,39.89,9.4,55.0
SEN045,2026-03-02 08:07:30,2026-03-02,35.5,46.2,61.0
SEN041,2026-04-26 18:49:55,2026-04-26,22.0,49.3,75.0
SEN002,2026-08-03 22:17:39,2026-08-03,28.1,43.8,43.0
SEN041,2026-07-14 17:01:11,2026-07-14,34.0,,61.0
SEN026,2026-08-06 06:58:41,2026-08-06,24.1,,95.0
SEN027,2026-05-28 03:07:11,2026-05-28,35.1,13.97,87.0
SEN008,2026-07-12 03:40:04,2026-07-12,26.2,0.3,58.0
SEN010,2026-09-01 00:41:09,2026-09-01,18.3,2.54,
SEN015,2026-01-04 13:25:11,2026-01-04,16.11,,89.0
SEN006,2026-06-29 21:16:40,2026-06-29,35.72,2.1,71.0
SEN008,2026-05-24 17:52:13,2026-05-24,15.3,49.9,93.0
SEN025,2026-08-15 08:42:05,2026-08-15,28.39,,58.0
SEN023,2026-08-01 16:11:02,2026-08-01,34.0,8.4,58.0
SEN007,2026-05-12 04:22:19,2026-05-12,15.2,13.21,63.0
SEN012,2026-07-12 13:59:42,2026-07-12,27.22,45.8,
SEN043,2026-02-05 03:31:28,2026-02-05,28.5,32.5,48.0
SEN037,2026-08-04 21:38:08,2026-08-04,30.9,43.1,62.0
SEN034,2026-01-11 01:30:00,2026-01-11,27.78,21.34,52.0
SEN002,2026-08-12 22:07:52,2026-08-12,27.39,13.97,60.0
SEN027,2026-07-04 11:06:39,2026-07-04,31.0,33.78,49.0
SEN037,2026-04-08 03:19:10,2026-04-08,38.9,5.9,57.0
SEN048,2026-04-24 12:42:01,2026-04-24,16.0,32.6,73.0
SEN048,2026-01-26 21:25:27,2026-01-26,15.2,45.5,78.0
SEN036,2026-08-28 20:19:34,2026-08-28,26.89,47.2,64.0
UNKNOWN,2026-07-25 05:00:00,2026-07-25,17.7,22.35,57.0
SEN018,2026-02-24 06:00:27,2026-02-24,31.2,33.02,92.0
UNKNOWN,2026-03-04 06:45:00,2026-03-04,27.89,30.99,67.0
SEN044,2026-06-09 01:31:46,2026-06-09,15.3,7.62,38.0
SEN046,2026-03-26 20:29:53,2026-03-26,32.5,19.7,67.0
SEN014,2026-02-26 21:05:55,2026-02-26,36.5,9.9,89.0
SEN031,2026-08-03 11:19:55,2026-08-03,24.7,38.7,41.0
SEN037,2026-03-26 11:47:18,2026-03-26,29.1,29.1,47.0
SEN028,2026-08-04 04:17:14,2026-08-04,35.5,11.1,51.0
SEN041,2026-07-30 19:49:56,2026-07-30,34.1,7.6,80.0
SEN016,2026-07-31 03:09:35,2026-07-31,24.0,4.32,32.0
SEN001,2026-05-10 02:48:12,2026-05-10,34.0,36.1,70.0
SEN016,2026-05-28 10:12:18,2026-05-28,21.39,21.3,81.0
UNKNOWN,2026-07-15 03:19:47,2026-07-15,39.8,32.77,42.0
SEN038,2026-02-20 01:36:00,2026-02-20,17.5,20.0,89.0
SEN031,2026-06-28 02:46:00,2026-06-28,27.3,48.7,43.0
SEN003,2026-03-31 07:45:41,2026-03-31,36.61,32.9,41.0
SEN021,2026-08-29 03:26:38,2026-08-29,24.3,40.5,73.0
SEN042,2026-08-30 21:30:42,2026-08-30,16.5,4.5,93.0
SEN005,2026-01-20 17:26:49,2026-01-20,38.5,13.1,88.0
SEN044,2026-08-18 11:47:55,2026-08-18,38.1,1.3,69.0
UNKNOWN,2026-02-23 00:04:52,2026-02-23,34.61,0.25,46.0
SEN039,2026-06-12 07:03:30,2026-06-12,19.1,17.0,42.0
SEN023,2026-08-27 19:55:28,2026-08-27,33.4,,65.0
SEN013,2026-08-18 09:12:14,2026-08-18,24.6,34.7,31.0
SEN021,2026-03-20 12:22:00,2026-03-20,16.4,45.8,95.0
SEN037,2026-05-04 10:03:12,2026-05-04,19.7,39.9,32.0
SEN009,2026-03-03 19:46:32,2026-03-03,23.61,,86.0
SEN023,2026-07-19 21:04:49,2026-07-19,39.1,41.66,41.0
SEN039,2026-01-06 21:00:24,2026-01-06,37.5,47.0,87.0
SEN004,2026-03-03 12:16:17,2026-03-03,38.8,6.5,80.0
SEN033,2026-08-18 04:48:58,2026-08-18,32.7,,62.0
SEN029,2026-08-31 15:05:28,2026-08-31,16.9,20.57,62.0
SEN009,2026-06-20 07:29:24,2026-06-20,17.7,,86.0
SEN023,2026-05-16 16:05:36,2026-05-16,31.61,30.8,39.0
SEN004,2026-08-04 01:11:58,2026-08-04,32.61,14.5,31.0
SEN047,2026-01-19 20:56:19,2026-01-19,24.11,,61.0
SEN018,2026-06-08 06:25:14,2026-06-08,31.0,23.3,
SEN043,2026-01-02 09:49:05,2026-01-02,35.0,25.91,41.0
SEN018,2026-06-18 18:52:53,2026-06-18,17.6,34.8,51.0
SEN033,2026-04-30 11:56:16,2026-04-30,31.11,28.5,58.0
SEN035,2026-08-24 02:49:10,2026-08-24,31.7,26.67,
SEN045,2026-02-20 12:06:33,2026-02-20,29.9,20.57,63.0
UNKNOWN,2026-02-22 20:31:06,2026-02-22,31.0,16.0,75.0
SEN035,2026-02-26 23:52:08,2026-02-26,19.78,4.83,78.0
SEN025,2026-05-01 19:00:01,2026-05-01,29.7,0.9,38.0
SEN031,2026-04-11 14:08:24,2026-04-11,18.4,36.58,42.0
SEN048,2026-04-06 03:58:32,2026-04-06,18.4,4.6,76.0
SEN011,2026-01-22 05:00:13,2026-01-22,36.11,15.7,40.0
SEN040,2026-01-25 02:11:28,2026-01-25,34.3,,86.0
UNKNOWN,2026-05-11 00:00:00,2026-05-11,28.9,25.0,34.0
SEN047,2026-07-08 19:43:35,2026-07-08,24.5,10.3,79.0
SEN005,2026-01-16 20:21:00,2026-01-16,30.72,45.47,87.0
SEN014,2026-06-11 07:43:14,2026-06-11,36.0,6.35,90.0
SEN019,2026-08-21 00:18:41,2026-08-21,25.9,34.4,63.0
SEN041,2026-04-21 04:00:03,2026-04-21,17.0,29.4,95.0
SEN019,2026-02-27 08:47:20,2026-02-27,23.9,26.8,39.0
SEN026,2026-06-08 06:47:20,2026-06-08,20.72,22.1,86.0
UNKNOWN,2026-07-04 06:25:40,2026-07-04,33.7,0.2,
SEN040,2026-01-31 10:17:26,2026-01-31,26.5,,
SEN032,2026-04-17 15:19:49,2026-04-17,36.0,26.6,63.0
SEN001,2026-02-18 01:33:53,2026-02-18,38.1,,61.0
SEN009,2026-09-08 22:13:52,2026-09-08,33.72,,34.0
SEN033,2026-07-19 14:49:25,2026-07-19,27.22,8.4,67.0
SEN017,2026-06-12 20:14:58,2026-06-12,37.1,36.7,81.0
SEN014,2026-09-03 00:40:59,2026-09-03,39.3,43.4,70.0
SEN012,2026-01-21 00:00:26,2026-01-21,15.5,21.59,51.0
SEN022,2026-07-07 17:27:43,2026-07-07,23.3,48.77,56.0
SEN029,2026-04-08 18:45:39,2026-04-08,19.39,29.2,36.0
SEN048,2026-03-30 17:45:00,2026-03-30,38.28,5.6,85.0
SEN021,2026-03-01 08:24:54,2026-03-01,19.5,8.3,81.0
SEN027,2026-08-26 11:46:56,2026-08-26,30.8,42.3,50.0
SEN026,2026-04-25 20:06:27,2026-04-25,38.61,6.2,
SEN018,2026-04-26 19:54:46,2026-04-26,19.9,12.4,48.0
SEN013,2026-02-28 13:29:25,2026-02-28,15.5,,31.0
UNKNOWN,2026-03-26 15:42:31,2026-03-26,36.1,42.93,85.0
SEN005,2026-02-13 01:37:19,2026-02-13,28.2,18.5,34.0
SEN037,2026-06-09 21:52:13,2026-06-09,26.22,6.1,79.0
SEN045,2026-03-31 23:40:12,2026-03-31,37.2,,66.0
SEN026,2026-02-27 13:32:51,2026-02-27,18.89,16.0,46.0
SEN024,2026-02-12 14:40:47,2026-02-12,32.5,4.3,59.0
SEN020,2026-05-12 09:53:59,2026-05-12,39.0,1.78,84.0
SEN031,2026-08-05 23:56:44,2026-08-05,16.28,23.3,79.0
SEN024,2026-01-07 05:04:07,2026-01-07,24.9,12.95,44.0
SEN025,2026-05-28 05:50:58,2026-05-28,15.28,26.1,37.0
SEN003,2026-03-21 01:33:31,2026-03-21,19.61,,72.0
SEN043,2026-03-31 05:39:00,2026-03-31,20.61,5.1,65.0
SEN049,2026-05-17 04:28:16,2026-05-17,20.0,8.1,91.0
SEN007,2026-08-29 18:57:29,2026-08-29,31.5,38.3,60.0
SEN025,2026-03-10 13:18:07,2026-03-10,15.5,17.6,64.0
SEN042,2026-07-30 00:06:43,2026-07-30,17.72,29.1,72.0
UNKNOWN,2026-07-30 03:41:14,2026-07-30,36.61,8.5,82.0
SEN016,2026-02-15 15:28:00,2026-02-15,23.1,13.3,57.0
SEN050,2026-06-28 10:33:29,2026-06-28,22.7,42.3,
SEN045,2026-07-06 00:07:33,2026-07-06,34.5,7.9,65.0
SEN032,2026-07-19 02:30:34,2026-07-19,34.22,9.7,35.0
SEN006,2026-06-11 01:53:53,2026-06-11,20.89,20.9,48.0
SEN035,2026-04-18 10:14:09,2026-04-18,17.72,3.3,
SEN020,2026-06-26 22:13:14,2026-06-26,17.39,40.89,86.0
SEN038,2026-05-28 23:24:00,2026-05-28,18.11,43.1,56.0
SEN048,2026-09-02 10:21:33,2026-09-02,22.3,3.7,52.0
UNKNOWN,2026-09-07 20:44:35,2026-09-07,20.28,24.38,84.0
SEN020,2026-08-25 16:07:17,2026-08-25,18.0,,65.0
SEN042,2026-06-02 08:19:28,2026-06-02,19.11,34.8,65.0
SEN045,2026-07-18 09:49:34,2026-07-18,29.5,36.1,77.0
SEN004,2026-01-20 05:06:03,2026-01-20,37.28,7.6,68.0
SEN030,2026-07-18 23:39:43,2026-07-18,34.3,49.28,32.0
SEN014,2026-06-03 02:03:04,2026-06-03,21.0,13.7,
SEN037,2026-02-15 10:59:21,2026-02-15,24.0,41.8,70.0
SEN040,2026-06-15 09:22:35,2026-06-15,34.5,4.1,46.0
SEN008,2026-05-30 15:42:11,2026-05-30,28.39,,56.0
SEN045,2026-08-01 04:05:30,2026-08-01,18.11,48.6,61.0
SEN027,2026-02-25 15:56:19,2026-02-25,39.5,29.9,62.0
SEN019,2026-07-16 11:21:15,2026-07-16,31.28,,43.0
SEN038,2026-07-24 01:50:49,2026-07-24,31.3,7.6,88.0
SEN022,2026-04-08 03:09:39,2026-04-08,39.8,47.5,43.0
SEN018,2026-01-27 00:00:00,2026-01-27,22.2,24.6,47.0
SEN040,2026-05-18 03:25:23,2026-05-18,29.5,,
SEN049,2026-04-03 10:26:38,2026-04-03,23.3,49.1,45.0
SEN012,2026-04-21 20:37:22,2026-04-21,22.2,9.4,36.0
SEN038,2026-06-27 23:46:40,2026-06-27,16.8,25.6,35.0
SEN021,2026-08-04 06:44:17,2026-08-04,36.0,15.9,49.0
SEN040,2026-08-01 09:40:03,2026-08-01,32.89,23.5,38.0
SEN015,2026-09-02 12:58:57,2026-09-02,25.22,34.04,63.0
SEN023,2026-05-30 01:03:25,2026-05-30,33.0,20.2,74.0
SEN038,2026-08-08 18:01:38,2026-08-08,25.22,36.5,73.0
SEN018,2026-03-30 12:23:10,2026-03-30,20.9,45.3,40.0
SEN037,2026-07-29 17:59:11,2026-07-29,33.5,49.7,36.0
SEN036,2026-05-21 05:28:07,2026-05-21,21.6,11.4,44.0
SEN017,2026-07-21 00:00:00,2026-07-21,27.89,11.1,61.0
SEN021,2026-04-27 18:23:15,2026-04-27,34.9,22.5,39.0
SEN013,2026-03-27 02:28:48,2026-03-27,25.5,31.0,40.0
SEN018,2026-04-01 21:16:00,2026-04-01,34.7,,68.0
SEN002,2026-03-06 19:18:01,2026-03-06,20.89,6.4,
SEN038,2026-01-23 06:51:01,2026-01-23,22.4,2.9,33.0
UNKNOWN,2026-05-08 16:17:05,2026-05-08,38.7,1.52,38.0
SEN049,2026-07-26 22:20:32,2026-07-26,23.4,26.42,67.0
SEN029,2026-08-24 11:57:54,2026-08-24,15.8,35.6,86.0
SEN047,2026-03-25 23:37:00,2026-03-25,28.28,37.9,44.0
SEN042,2026-07-22 02:26:26,2026-07-22,22.1,2.03,56.0
SEN011,2026-05-21 09:41:14,2026-05-21,31.78,1.4,58.0
SEN002,2026-02-17 08:51:38,2026-02-17,31.39,,78.0
SEN024,2026-05-05 23:54:00,2026-05-05,23.2,16.6,40.0
SEN045,2026-04-18 11:42:44,2026-04-18,39.4,1.0,53.0
SEN010,2026-07-20 04:43:14,2026-07-20,31.11,31.5,41.0
SEN003,2026-09-08 00:10:55,2026-09-08,20.5,12.4,78.0
SEN033,2026-08-12 20:48:15,2026-08-12,38.1,31.4,36.0
UNKNOWN,2026-03-11 23:37:14,2026-03-11,25.5,22.1,90.0
SEN050,2026-07-08 10:52:01,2026-07-08,28.1,,34.0
SEN031,2026-01-24 09:03:14,2026-01-24,24.28,,34.0
SEN003,2026-09-03 10:29:40,2026-09-03,21.2,35.2,65.0
SEN023,2026-06-26 10:46:39,2026-06-26,24.8,29.6,77.0
SEN023,2026-01-06 07:10:00,2026-01-06,26.5,11.68,39.0
SEN025,2026-05-24 06:05:12,2026-05-24,22.8,43.4,41.0
SEN045,2026-08-08 19:23:23,2026-08-08,36.1,,69.0
SEN021,2026-03-23 13:20:11,2026-03-23,39.89,10.41,46.0
SEN021,2026-08-17 10:12:44,2026-08-17,28.2,45.4,41.0
SEN023,2026-04-24 20:02:58,2026-04-24,34.9,13.46,42.0
SEN010,2026-07-16 14:45:04,2026-07-16,32.89,39.0,40.0
SEN019,2026-07-13 16:00:13,2026-07-13,29.89,43.43,91.0
SEN016,2026-08-11 03:37:57,2026-08-11,18.4,,49.0
SEN033,2026-06-23 11:14:26,2026-06-23,31.7,33.78,38.0
SEN005,2026-07-26 12:06:01,2026-07-26,17.11,37.59,86.0
SEN044,2026-02-04 19:54:54,2026-02-04,33.2,31.7,36.0
SEN013,2026-07-05 14:58:35,2026-07-05,37.72,,33.0
SEN040,2026-08-13 04:23:41,2026-08-13,20.8,2.1,59.0
SEN033,2026-07-22 22:35:18,2026-07-22,22.8,28.2,64.0
SEN021,2026-02-27 13:58:05,2026-02-27,16.28,38.0,87.0
SEN050,2026-02-25 22:15:23,2026-02-25,31.0,,75.0
SEN022,2026-07-15 07:24:09,2026-07-15,34.7,38.1,41.0
SEN044,2026-04-07 07:37:00,2026-04-07,25.11,14.99,61.0
SEN050,2026-05-02 01:26:35,2026-05-02,32.11,24.7,39.0
SEN032,2026-08-04 04:50:16,2026-08-04,30.22,44.6,72.0
SEN004,2026-03-17 23:46:21,2026-03-17,21.3,22.7,
SEN007,2026-05-29 18:12:11,2026-05-29,39.11,26.1,74.0
SEN041,2026-04-03 13:28:28,2026-04-03,29.8,25.5,35.0
SEN036,2026-01-05 15:07:35,2026-01-05,35.6,34.6,49.0
SEN032,2026-01-21 10:16:23,2026-01-21,24.8,8.89,40.0
SEN041,2026-01-17 21:53:50,2026-01-17,33.78,48.0,38.0
SEN030,2026-07-02 20:12:32,2026-07-02,34.2,36.3,47.0
SEN007,2026-06-08 13:09:28,2026-06-08,17.9,21.3,73.0
SEN025,2026-08-09 01:46:54,2026-08-09,33.0,34.5,34.0
SEN028,2026-05-24 08:25:28,2026-05-24,18.78,49.28,42.0
SEN013,2026-05-17 15:52:19,2026-05-17,23.0,14.3,75.0
SEN023,2026-09-09 02:48:56,2026-09-09,31.8,21.34,63.0
SEN027,2026-01-16 05:25:04,2026-01-16,38.2,6.2,
SEN023,2026-04-30 05:12:12,2026-04-30,27.6,35.56,91.0
SEN002,2026-03-09 13:12:37,2026-03-09,27.9,8.1,41.0
SEN013,2026-08-08 00:00:00,2026-08-08,32.6,24.1,54.0
SEN010,2026-01-18 12:19:15,2026-01-18,37.5,,
SEN030,2026-07-08 07:59:29,2026-07-08,38.61,23.11,78.0
SEN031,2026-02-17 23:17:29,2026-02-17,24.28,44.0,51.0
SEN006,2026-08-08 12:47:32,2026-08-08,36.89,9.4,61.0
SEN009,2026-01-24 10:54:04,2026-01-24,18.78,23.4,81.0
SEN008,2026-08-29 19:50:09,2026-08-29,35.22,36.32,83.0
SEN036,2026-05-16 00:00:00,2026-05-16,23.89,,
SEN016,2026-02-01 02:07:22,2026-02-01,23.61,16.3,86.0
SEN024,2026-02-19 12:16:38,2026-02-19,30.0,40.4,33.0
SEN032,2026-06-16 15:20:00,2026-06-16,23.1,42.8,46.0
SEN009,2026-05-26 11:30:33,2026-05-26,19.22,19.2,
SEN001,2026-01-21 21:31:36,2026-01-21,37.0,27.18,90.0
SEN020,2026-03-17 02:42:04,2026-03-17,21.8,33.78,85.0
SEN042,2026-05-01 07:42:24,2026-05-01,18.0,,38.0
SEN034,2026-08-21 05:52:58,2026-08-21,34.6,40.64,
SEN013,2026-06-03 01:51:01,2026-06-03,33.7,17.53,48.0
UNKNOWN,2026-06-04 13:42:33,2026-06-04,21.3,33.53,47.0
SEN045,2026-01-09 20:22:20,2026-01-09,30.9,6.2,66.0
SEN050,2026-08-18 20:39:01,2026-08-18,20.28,24.5,66.0
SEN002,2026-05-12 22:47:13,2026-05-12,15.1,2.9,53.0
SEN003,2026-06-08 23:18:13,2026-06-08,19.0,19.9,70.0
UNKNOWN,2026-03-07 09:22:50,2026-03-07,24.72,10.6,61.0
SEN014,2026-07-19 03:19:25,2026-07-19,18.7,7.1,95.0
SEN010,2026-08-26 17:58:26,2026-08-26,27.0,45.3,56.0
SEN049,2026-06-01 10:21:23,2026-06-01,21.7,,90.0
SEN042,2026-08-23 19:55:32,2026-08-23,28.8,18.6,77.0
SEN046,2026-05-15 22:41:45,2026-05-15,24.89,27.3,42.0
SEN032,2026-09-08 15:18:47,2026-09-08,22.78,4.4,48.0
SEN005,2026-02-22 14:02:04,2026-02-22,27.4,41.1,
SEN007,2026-04-06 02:35:14,2026-04-06,20.4,49.8,33.0
SEN010,2026-03-20 00:00:00,2026-03-20,30.5,30.4,45.0
SEN050,2026-09-01 04:36:35,2026-09-01,16.72,,68.0
SEN040,2026-08-26 23:13:19,2026-08-26,23.39,37.34,44.0
SEN003,2026-02-24 09:28:20,2026-02-24,25.89,22.1,87.0
SEN011,2026-07-17 15:08:38,2026-07-17,21.28,1.78,65.0
SEN027,2026-03-01 00:52:37,2026-03-01,24.7,,47.0
SEN021,2026-07-29 14:17:16,2026-07-29,27.11,,47.0
SEN037,2026-02-02 01:20:23,2026-02-02,35.89,39.9,
SEN050,2026-07-09 13:16:06,2026-07-09,21.2,10.6,76.0
SEN035,2026-04-11 02:40:41,2026-04-11,22.8,32.51,30.0
SEN013,2026-04-06 05:31:11,2026-04-06,24.4,9.2,50.0
SEN050,2026-03-17 19:25:10,2026-03-17,28.5,0.7,43.0
SEN036,2026-02-02 18:39:39,2026-02-02,35.2,19.56,30.0
SEN033,2026-05-16 23:56:33,2026-05-16,17.7,,77.0
SEN039,2026-06-29 01:05:20,2026-06-29,39.5,15.3,55.0
SEN035,2026-04-03 22:54:31,2026-04-03,18.4,17.9,39.0
SEN028,2026-07-12 01:50:25,2026-07-12,17.89,11.18,
UNKNOWN,2026-06-18 12:22:51,2026-06-18,21.8,12.5,38.0
SEN002,2026-09-06 06:59:21,2026-09-06,27.39,20.9,92.0
SEN035,2026-06-16 20:27:23,2026-06-16,34.8,,72.0
SEN010,2026-02-04 04:04:13,2026-02-04,34.22,,76.0
SEN037,2026-06-24 09:40:14,2026-06-24,23.72,1.8,34.0
SEN046,2026-05-09 04:30:40,2026-05-09,16.8,10.41,
SEN006,2026-07-18 02:57:34,2026-07-18,32.72,3.3,69.0
SEN019,2026-05-14 02:33:59,2026-05-14,22.5,22.4,88.0
SEN005,2026-01-09 11:35:22,2026-01-09,24.11,0.5,66.0
SEN004,2026-02-12 20:07:21,2026-02-12,40.0,2.1,84.0
SEN025,2026-03-24 08:57:21,2026-03-24,34.4,25.3,64.0
SEN029,2026-03-14 21:40:26,2026-03-14,29.5,,
SEN009,2026-06-08 00:00:23,2026-06-08,37.0,40.9,64.0
SEN043,2026-07-19 17:24:02,2026-07-19,20.7,13.46,72.0
UNKNOWN,2026-06-14 08:41:58,2026-06-14,29.89,10.16,50.0
SEN030,2026-02-27 09:16:00,2026-02-27,24.5,38.1,81.0
SEN031,2026-05-16 09:09:01,2026-05-16,18.39,9.4,90.0
SEN009,2026-01-07 00:33:06,2026-01-07,39.2,13.4,31.0
SEN031,2026-01-04 23:51:32,2026-01-04,25.5,5.1,39.0
SEN003,2026-07-29 13:47:30,2026-07-29,33.9,15.1,54.0
SEN044,2026-01-27 00:00:00,2026-01-27,21.9,37.0,57.0
SEN018,2026-08-04 12:41:37,2026-08-04,24.89,25.91,73.0
UNKNOWN,2026-05-16 00:00:04,2026-05-16,19.6,13.21,
SEN024,2026-06-29 21:47:02,2026-06-29,38.1,,92.0
SEN046,2026-05-29 20:40:20,2026-05-29,36.9,,63.0
SEN038,2026-02-04 19:40:09,2026-02-04,18.4,21.7,57.0
SEN011,2026-03-24 19:20:27,2026-03-24,17.3,3.4,41.0
SEN001,2026-08-17 23:13:28,2026-08-17,16.4,25.65,37.0
SEN015,2026-04-27 00:43:21,2026-04-27,35.9,10.41,70.0
SEN048,2026-02-27 09:48:17,2026-02-27,25.28,20.83,32.0
SEN016,2026-06-18 20:28:11,2026-06-18,19.22,44.1,30.0
SEN041,2026-02-18 20:19:35,2026-02-18,34.6,,66.0
SEN038,2026-01-13 00:00:00,2026-01-13,16.8,21.7,36.0
SEN005,2026-05-21 14:12:41,2026-05-21,37.7,30.1,66.0
SEN013,2026-07-09 01:59:15,2026-07-09,20.28,16.0,45.0
SEN023,2026-01-04 20:16:19,2026-01-04,38.2,47.0,59.0
SEN026,2026-08-28 13:03:10,2026-08-28,33.2,49.2,57.0
SEN004,2026-06-30 06:17:09,2026-06-30,25.3,2.54,68.0
SEN036,2026-06-14 21:01:00,2026-06-14,25.2,25.4,86.0
SEN012,2026-07-03 05:55:20,2026-07-03,26.5,27.9,95.0
SEN027,2026-08-11 11:34:56,2026-08-11,15.6,16.26,
SEN031,2026-07-02 04:45:18,2026-07-02,20.6,7.1,46.0
SEN041,2026-05-08 11:02:46,2026-05-08,19.78,10.1,83.0
SEN045,2026-04-18 09:35:55,2026-04-18,29.39,14.3,
SEN014,2026-09-01 23:53:12,2026-09-01,28.7,20.9,39.0
SEN004,2026-07-01 19:41:33,2026-07-01,25.11,30.7,77.0
SEN014,2026-02-24 14:06:04,2026-02-24,32.7,,85.0
SEN047,2026-03-06 12:24:09,2026-03-06,31.5,,67.0
SEN009,2026-03-14 05:49:37,2026-03-14,31.6,13.8,89.0
SEN034,2026-02-26 11:06:00,2026-02-26,36.2,25.3,45.0
SEN021,2026-01-22 07:51:23,2026-01-22,29.89,11.9,
SEN022,2026-07-03 04:37:39,2026-07-03,28.0,10.0,
SEN040,2026-02-24 05:49:39,2026-02-24,22.3,31.7,63.0
SEN009,2026-01-16 06:04:08,2026-01-16,39.6,36.07,88.0
SEN050,2026-06-18 12:56:10,2026-06-18,19.7,32.3,
SEN002,2026-06-27 06:48:17,2026-06-27,23.6,,74.0
SEN039,2026-06-06 10:02:08,2026-06-06,34.4,4.7,62.0
SEN044,2026-05-14 12:27:15,2026-05-14,32.3,32.7,70.0
SEN029,2026-04-14 21:33:36,2026-04-14,23.4,17.78,
SEN010,2026-02-09 16:28:52,2026-02-09,25.6,22.4,
SEN019,2026-06-15 02:47:32,2026-06-15,16.72,4.83,71.0
SEN042,2026-06-19 19:35:48,2026-06-19,34.1,29.9,83.0
SEN032,2026-07-24 16:36:28,2026-07-24,22.1,,38.0
SEN001,2026-02-04 05:24:23,2026-02-04,16.5,49.0,68.0
UNKNOWN,2026-03-13 13:59:00,2026-03-13,22.5,4.9,
SEN024,2026-01-02 00:01:19,2026-01-02,16.5,,53.0
SEN037,2026-07-04 04:06:09,2026-07-04,29.4,,67.0
SEN022,2026-02-03 15:24:31,2026-02-03,21.22,38.3,
SEN034,2026-03-07 05:18:51,2026-03-07,31.7,41.8,95.0
UNKNOWN,2026-02-07 07:16:11,2026-02-07,35.72,41.5,45.0
SEN038,2026-05-04 03:53:08,2026-05-04,38.5,29.2,71.0
SEN027,2026-02-26 23:57:03,2026-02-26,31.28,48.01,76.0
SEN026,2026-03-06 16:03:18,2026-03-06,26.6,20.9,51.0
SEN032,2026-01-03 17:51:47,2026-01-03,39.0,35.81,63.0
SEN005,2026-03-08 16:38:17,2026-03-08,39.0,31.4,94.0
SEN015,2026-01-25 19:38:39,2026-01-25,39.1,30.4,32.0
SEN009,2026-05-30 00:05:58,2026-05-30,24.0,,38.0
SEN036,2026-08-28 10:11:27,2026-08-28,36.72,34.2,58.0
SEN033,2026-06-21 20:46:00,2026-06-21,25.39,20.83,57.0
SEN003,2026-04-08 17:18:00,2026-04-08,38.7,30.8,54.0
SEN006,2026-03-28 11:59:48,2026-03-28,25.9,27.9,
SEN015,2026-01-03 01:27:02,2026-01-03,20.72,40.1,65.0
SEN021,2026-06-21 02:45:44,2026-06-21,24.4,2.29,57.0
SEN033,2026-03-08 23:27:05,2026-03-08,23.78,1.27,49.0
SEN004,2026-03-23 01:19:48,2026-03-23,23.72,,94.0
SEN018,2026-09-01 21:54:49,2026-09-01,29.3,31.4,43.0
SEN010,2026-01-15 06:42:00,2026-01-15,34.72,41.9,73.0
SEN007,2026-08-10 14:13:23,2026-08-10,26.1,23.9,
SEN027,2026-06-18 02:14:41,2026-06-18,36.3,6.7,69.0
SEN006,2026-07-18 20:39:24,2026-07-18,33.2,1.6,54.0
SEN024,2026-08-06 21:28:47,2026-08-06,32.8,30.99,50.0
SEN007,2026-01-07 16:51:34,2026-01-07,24.5,0.25,48.0
SEN046,2026-03-25 20:34:29,2026-03-25,33.9,,53.0
UNKNOWN,2026-04-03 01:57:28,2026-04-03,27.28,45.5,
SEN009,2026-01-01 04:05:33,2026-01-01,30.11,36.5,63.0
SEN019,2026-04-28 16:15:00,2026-04-28,40.0,43.43,
SEN020,2026-03-20 20:41:32,2026-03-20,25.89,33.78,40.0
SEN039,2026-05-05 04:28:31,2026-05-05,32.22,10.7,56.0
SEN038,2026-04-28 12:21:06,2026-04-28,28.72,2.7,30.0
SEN047,2026-04-09 04:28:54,2026-04-09,19.89,46.9,89.0
SEN018,2026-05-11 21:31:54,2026-05-11,37.3,13.8,84.0
SEN026,2026-05-15 01:48:19,2026-05-15,26.9,13.6,41.0
UNKNOWN,2026-02-10 07:56:35,2026-02-10,29.0,35.05,79.0
SEN041,2026-04-08 21:05:14,2026-04-08,18.8,,95.0
SEN037,2026-08-09 17:17:14,2026-08-09,18.6,,49.0
SEN035,2026-07-30 14:42:37,2026-07-30,22.8,43.6,58.0
SEN017,2026-06-13 12:31:00,2026-06-13,32.8,24.2,69.0
SEN022,2026-01-13 13:21:48,2026-01-13,19.0,,68.0
SEN038,2026-05-26 15:25:40,2026-05-26,31.4,17.3,30.0
SEN037,2026-03-09 03:33:11,2026-03-09,23.2,22.1,42.0
SEN005,2026-07-14 12:47:31,2026-07-14,27.9,27.43,67.0
SEN007,2026-06-15 21:41:07,2026-06-15,19.39,11.6,50.0
SEN027,2026-06-02 08:56:45,2026-06-02,15.8,16.1,72.0
SEN035,2026-08-03 18:55:37,2026-08-03,20.5,,37.0
SEN004,2026-04-03 02:52:05,2026-04-03,29.7,23.5,65.0
SEN022,2026-06-25 00:56:31,2026-06-25,22.1,8.1,78.0
SEN050,2026-04-01 22:41:23,2026-04-01,16.4,15.2,68.0
SEN050,2026-05-06 19:11:24,2026-05-06,30.1,46.23,40.0
SEN050,2026-08-22 22:02:52,2026-08-22,28.6,36.83,37.0
SEN047,2026-07-31 17:53:02,2026-07-31,21.22,10.67,87.0
SEN040,2026-06-25 07:20:26,2026-06-25,36.0,45.72,80.0
SEN036,2026-09-03 11:03:16,2026-09-03,24.9,12.95,43.0
SEN037,2026-07-02 13:04:26,2026-07-02,21.5,42.67,83.0
SEN012,2026-02-07 03:12:59,2026-02-07,37.5,,
SEN040,2026-08-31 12:41:00,2026-08-31,16.8,9.7,59.0
SEN009,2026-07-23 06:15:00,2026-07-23,16.7,47.8,61.0
SEN011,2026-07-18 12:06:27,2026-07-18,26.89,28.2,75.0
SEN034,2026-05-27 15:03:16,2026-05-27,23.9,13.72,
SEN021,2026-04-19 01:55:59,2026-04-19,38.9,15.4,57.0
SEN015,2026-02-19 20:33:21,2026-02-19,34.28,24.1,42.0
SEN031,2026-03-18 10:13:45,2026-03-18,38.61,45.6,70.0
SEN024,2026-06-02 07:31:05,2026-06-02,32.78,16.76,67.0
SEN021,2026-02-08 21:05:52,2026-02-08,31.7,0.6,80.0
SEN015,2026-08-07 22:07:40,2026-08-07,26.5,30.4,
SEN048,2026-03-24 01:13:05,2026-03-24,20.89,20.2,68.0
SEN049,2026-05-05 06:45:00,2026-05-05,23.5,28.0,47.0
SEN026,2026-05-20 11:55:43,2026-05-20,39.4,38.1,84.0
SEN012,2026-06-14 06:49:20,2026-06-14,35.61,38.0,41.0
SEN048,2026-05-16 11:05:38,2026-05-16,29.1,32.77,86.0
SEN009,2026-03-03 04:48:32,2026-03-03,18.39,,51.0
SEN035,2026-02-02 12:09:43,2026-02-02,39.11,36.6,72.0
SEN036,2026-02-23 18:07:12,2026-02-23,22.78,11.6,56.0
SEN015,2026-03-27 09:03:00,2026-03-27,26.11,35.3,73.0
SEN031,2026-03-03 00:29:53,2026-03-03,19.3,42.5,77.0
SEN029,2026-06-13 01:31:27,2026-06-13,33.11,18.9,83.0
SEN024,2026-07-03 08:14:10,2026-07-03,30.0,15.2,87.0
SEN030,2026-04-18 06:20:44,2026-04-18,27.72,3.6,82.0
SEN042,2026-06-28 15:16:40,2026-06-28,20.7,39.9,73.0
SEN012,2026-07-08 12:53:51,2026-07-08,16.11,,42.0
SEN005,2026-09-09 08:41:23,2026-09-09,18.9,0.7,46.0
SEN007,2026-08-10 22:10:28,2026-08-10,18.7,49.02,35.0
SEN008,2026-06-06 12:59:10,2026-06-06,38.8,1.6,
SEN019,2026-01-28 11:41:43,2026-01-28,38.9,,93.0
SEN025,2026-01-09 12:55:02,2026-01-09,16.6,6.1,32.0
SEN034,2026-08-28 11:17:17,2026-08-28,34.61,40.64,93.0
SEN027,2026-08-24 14:44:28,2026-08-24,37.8,,83.0
SEN003,2026-05-02 03:30:30,2026-05-02,28.3,49.28,44.0
SEN018,2026-05-23 17:53:31,2026-05-23,22.0,,63.0
SEN015,2026-07-22 09:35:54,2026-07-22,29.4,11.7,39.0
SEN027,2026-03-08 17:11:15,2026-03-08,23.3,38.35,46.0
SEN021,2026-02-04 11:31:53,2026-02-04,21.2,29.9,70.0
SEN048,2026-07-19 18:08:33,2026-07-19,25.61,1.27,56.0
SEN034,2026-06-25 17:32:00,2026-06-25,30.2,24.8,95.0
SEN016,2026-01-26 08:13:09,2026-01-26,26.6,5.4,71.0
SEN049,2026-07-23 16:24:54,2026-07-23,26.1,22.4,69.0
SEN008,2026-02-01 13:53:53,2026-02-01,23.4,15.5,54.0
SEN004,2026-05-07 14:00:19,2026-05-07,34.11,38.6,45.0
SEN018,2026-02-16 11:40:11,2026-02-16,27.6,30.23,40.0
SEN010,2026-01-15 04:03:38,2026-01-15,33.0,46.48,91.0
SEN015,2026-01-25 23:25:00,2026-01-25,30.0,33.27,93.0
SEN012,2026-01-18 20:49:55,2026-01-18,38.9,16.2,36.0
SEN017,2026-07-10 12:13:41,2026-07-10,32.3,,34.0
SEN026,2026-08-31 11:23:44,2026-08-31,28.5,11.9,51.0
SEN025,2026-03-22 21:20:13,2026-03-22,23.1,21.1,70.0
SEN043,2026-08-31 05:07:20,2026-08-31,31.22,,89.0
SEN042,2026-01-17 15:20:34,2026-01-17,35.11,,94.0
SEN019,2026-03-26 09:13:14,2026-03-26,22.5,7.7,42.0
SEN032,2026-09-09 17:49:45,2026-09-09,29.9,24.5,72.0
SEN025,2026-07-28 06:11:07,2026-07-28,28.39,,
SEN029,2026-01-08 03:41:36,2026-01-08,35.8,35.2,75.0
SEN027,2026-04-24 13:24:51,2026-04-24,35.89,45.8,90.0
SEN005,2026-06-26 10:47:00,2026-06-26,16.22,40.2,
UNKNOWN,2026-06-21 14:08:10,2026-06-21,30.78,,47.0
SEN012,2026-01-16 08:56:58,2026-01-16,30.28,16.3,41.0
SEN034,2026-04-14 14:26:55,2026-04-14,27.7,26.8,66.0
SEN029,2026-02-14 22:16:28,2026-02-14,33.11,13.8,75.0
SEN039,2026-04-30 21:38:40,2026-04-30,32.0,33.4,86.0
SEN012,2026-03-20 11:48:17,2026-03-20,26.9,38.8,31.0
SEN006,2026-09-08 05:15:30,2026-09-08,39.28,8.0,93.0
SEN002,2026-02-09 18:03:38,2026-02-09,22.3,25.15,41.0
SEN005,2026-01-08 17:02:26,2026-01-08,29.22,36.58,87.0
SEN017,2026-04-08 21:59:31,2026-04-08,36.89,43.7,40.0
SEN004,2026-06-18 05:43:30,2026-06-18,33.78,,37.0
SEN044,2026-02-08 19:10:09,2026-02-08,34.78,11.68,30.0
UNKNOWN,2026-02-08 03:40:23,2026-02-08,25.22,5.8,70.0
SEN031,2026-07-13 20:05:09,2026-07-13,20.22,14.4,71.0
SEN012,2026-09-07 22:35:17,2026-09-07,35.1,0.5,
SEN050,2026-06-14 14:56:07,2026-06-14,33.6,31.1,89.0
SEN008,2026-06-04 21:20:27,2026-06-04,33.39,,52.0
SEN015,2026-07-24 15:22:46,2026-07-24,32.4,0.9,87.0
SEN024,2026-05-27 09:12:51,2026-05-27,29.4,28.7,72.0
SEN047,2026-08-16 12:08:47,2026-08-16,28.3,30.9,76.0
SEN032,2026-03-23 15:09:36,2026-03-23,21.1,22.1,52.0
SEN011,2026-01-18 00:56:26,2026-01-18,20.39,36.5,53.0
SEN042,2026-01-05 22:29:04,2026-01-05,17.89,,55.0
SEN029,2026-04-17 14:28:00,2026-04-17,26.0,32.7,41.0
SEN016,2026-07-26 23:16:30,2026-07-26,18.0,,30.0
SEN029,2026-06-10 22:25:08,2026-06-10,27.72,23.1,72.0
SEN016,2026-04-04 09:04:23,2026-04-04,29.5,24.9,85.0
SEN009,2026-07-07 19:22:59,2026-07-07,23.11,33.7,41.0
SEN023,2026-07-25 13:11:25,2026-07-25,23.2,30.48,42.0
SEN022,2026-02-14 15:52:09,2026-02-14,24.0,10.6,54.0
SEN008,2026-06-06 19:10:15,2026-06-06,30.4,29.4,58.0
SEN008,2026-01-09 08:11:55,2026-01-09,31.5,33.8,87.0
SEN008,2026-03-18 14:41:41,2026-03-18,35.78,14.22,71.0
SEN001,2026-02-11 19:07:00,2026-02-11,20.3,33.0,75.0
SEN045,2026-05-15 07:44:38,2026-05-15,20.1,21.08,48.0
SEN021,2026-07-04 15:33:14,2026-07-04,33.5,,30.0
SEN028,2026-02-22 10:07:18,2026-02-22,28.1,21.1,32.0
SEN048,2026-06-15 14:51:34,2026-06-15,32.9,,79.0
SEN019,2026-04-30 10:30:33,2026-04-30,18.11,24.0,70.0
SEN040,2026-06-15 05:32:03,2026-06-15,39.0,47.3,
SEN015,2026-07-23 01:05:10,2026-07-23,23.28,33.6,79.0
SEN048,2026-07-01 04:08:38,2026-07-01,26.72,2.9,31.0
SEN049,2026-02-05 00:00:00,2026-02-05,38.9,,78.0
SEN024,2026-04-30 21:44:01,2026-04-30,21.39,40.0,
SEN001,2026-05-26 03:46:00,2026-05-26,36.1,5.6,32.0
SEN043,2026-04-29 02:40:40,2026-04-29,22.2,18.54,76.0
SEN042,2026-08-17 08:10:44,2026-08-17,34.61,7.1,88.0
SEN047,2026-01-08 12:19:29,2026-01-08,18.7,,56.0
SEN025,2026-05-27 22:34:01,2026-05-27,17.39,22.0,69.0
SEN043,2026-07-31 09:21:55,2026-07-31,17.61,41.5,
SEN013,2026-07-16 09:48:38,2026-07-16,16.7,43.94,40.0
SEN017,2026-01-26 12:30:32,2026-01-26,15.11,31.5,50.0
SEN033,2026-04-04 09:16:28,2026-04-04,33.89,11.2,41.0
SEN002,2026-03-01 00:23:48,2026-03-01,17.39,43.18,89.0
SEN042,2026-07-23 12:09:23,2026-07-23,29.7,4.3,83.0
SEN021,2026-04-05 16:00:05,2026-04-05,21.11,35.31,
SEN022,2026-05-06 01:52:45,2026-05-06,31.4,39.2,
SEN050,2026-07-12 20:14:44,2026-07-12,29.3,32.3,34.0
SEN027,2026-04-22 06:08:20,2026-04-22,32.0,35.31,69.0
SEN045,2026-01-06 22:06:00,2026-01-06,28.11,27.2,93.0
SEN037,2026-01-31 00:57:22,2026-01-31,35.78,8.1,63.0
SEN026,2026-05-05 11:28:05,2026-05-05,35.61,23.6,
SEN019,2026-05-28 23:30:19,2026-05-28,17.4,8.38,82.0
SEN026,2026-07-11 22:12:55,2026-07-11,32.2,9.2,67.0
SEN014,2026-03-18 16:03:10,2026-03-18,33.39,12.7,74.0
SEN011,2026-08-15 04:09:51,2026-08-15,20.9,10.0,49.0
SEN013,2026-06-06 20:18:05,2026-06-06,28.9,,67.0
SEN028,2026-05-12 00:28:43,2026-05-12,23.4,17.6,64.0
SEN046,2026-08-18 03:23:06,2026-08-18,32.5,41.1,
SEN045,2026-08-25 02:35:54,2026-08-25,15.78,49.28,79.0
SEN017,2026-07-05 22:37:34,2026-07-05,36.9,39.12,32.0
SEN005,2026-06-22 05:46:32,2026-06-22,32.28,10.1,65.0
SEN039,2026-02-23 06:29:39,2026-02-23,37.6,,81.0
SEN028,2026-02-02 15:58:06,2026-02-02,29.6,28.3,92.0
SEN037,2026-04-15 21:03:30,2026-04-15,27.22,,80.0
SEN030,2026-06-11 20:52:15,2026-06-11,26.5,,78.0
SEN042,2026-08-17 01:52:58,2026-08-17,28.61,6.5,50.0
SEN035,2026-01-13 17:54:08,2026-01-13,18.0,,44.0
SEN005,2026-03-09 23:43:42,2026-03-09,22.1,43.1,62.0
SEN002,2026-09-01 16:29:20,2026-09-01,23.61,2.6,45.0
SEN047,2026-02-17 10:49:07,2026-02-17,29.11,42.67,37.0
SEN041,2026-06-19 16:44:15,2026-06-19,36.6,1.6,40.0
SEN014,2026-08-21 23:03:52,2026-08-21,37.11,37.9,48.0
SEN047,2026-05-20 09:55:36,2026-05-20,36.3,15.6,87.0
SEN046,2026-06-09 09:31:10,2026-06-09,31.1,,55.0
SEN039,2026-06-04 05:23:58,2026-06-04,39.6,25.9,66.0
SEN025,2026-04-11 15:04:10,2026-04-11,17.2,24.64,54.0
UNKNOWN,2026-04-14 17:50:27,2026-04-14,31.8,18.9,34.0
SEN007,2026-03-02 04:52:48,2026-03-02,32.3,,76.0
SEN031,2026-06-01 00:00:00,2026-06-01,27.72,1.4,71.0
SEN017,2026-06-15 19:37:33,2026-06-15,29.0,34.5,74.0
SEN009,2026-06-05 00:24:00,2026-06-05,27.9,43.18,
SEN041,2026-02-15 14:16:41,2026-02-15,19.0,31.8,68.0
UNKNOWN,2026-08-26 22:40:36,2026-08-26,39.78,20.6,37.0
SEN020,2026-01-02 12:28:19,2026-01-02,29.5,,
SEN010,2026-07-22 09:25:52,2026-07-22,33.0,14.2,85.0
SEN032,2026-01-14 05:23:50,2026-01-14,21.89,5.3,81.0
SEN043,2026-07-20 06:18:19,2026-07-20,17.5,29.97,45.0
SEN039,2026-01-17 22:20:39,2026-01-17,24.6,15.8,65.0
SEN024,2026-06-25 20:55:55,2026-06-25,23.5,46.99,
SEN002,2026-03-25 06:21:30,2026-03-25,21.39,2.3,69.0
SEN033,2026-08-10 21:34:08,2026-08-10,15.89,22.5,70.0
SEN023,2026-01-14 19:24:03,2026-01-14,21.11,5.3,45.0
SEN020,2026-07-24 03:08:21,2026-07-24,22.1,41.91,77.0
SEN036,2026-06-09 01:23:08,2026-06-09,15.9,47.9,90.0
SEN038,2026-06-08 00:00:00,2026-06-08,40.0,3.3,65.0
SEN015,2026-06-17 21:32:57,2026-06-17,21.2,48.51,55.0
SEN046,2026-05-14 00:07:55,2026-05-14,31.72,,44.0
SEN030,2026-02-06 19:55:29,2026-02-06,18.5,37.6,34.0
SEN008,2026-08-16 04:24:52,2026-08-16,19.3,0.25,59.0
SEN037,2026-05-18 07:23:08,2026-05-18,27.0,30.23,
SEN013,2026-03-09 17:25:11,2026-03-09,34.9,44.0,32.0
SEN002,2026-04-28 20:44:50,2026-04-28,20.72,17.27,46.0
SEN026,2026-03-26 20:14:43,2026-03-26,30.7,25.1,66.0
SEN004,2026-06-30 16:13:14,2026-06-30,39.0,1.2,40.0
SEN015,2026-03-23 05:35:58,2026-03-23,32.11,18.8,76.0
SEN049,2026-03-12 21:13:09,2026-03-12,21.4,26.16,81.0
SEN021,2026-02-25 10:00:00,2026-02-25,33.4,1.1,54.0
SEN030,2026-03-24 01:35:47,2026-03-24,19.39,,95.0
SEN005,2026-06-11 12:17:07,2026-06-11,27.0,9.7,38.0
SEN050,2026-03-29 10:04:13,2026-03-29,18.78,5.84,69.0
SEN036,2026-06-11 00:37:08,2026-06-11,33.4,22.61,78.0
SEN024,2026-05-16 14:02:52,2026-05-16,26.3,19.8,64.0
SEN006,2026-08-03 01:32:43,2026-08-03,20.7,6.4,68.0
SEN020,2026-04-28 13:52:00,2026-04-28,36.8,26.4,74.0
SEN022,2026-07-23 19:42:58,2026-07-23,27.11,,
SEN036,2026-08-18 09:39:54,2026-08-18,21.8,35.5,
SEN019,2026-01-10 13:49:21,2026-01-10,16.5,16.1,36.0
SEN021,2026-02-07 13:56:20,2026-02-07,33.9,31.4,32.0
SEN010,2026-07-07 07:51:14,2026-07-07,25.39,13.1,
SEN012,2026-06-05 22:15:20,2026-06-05,22.0,41.1,61.0
SEN037,2026-04-23 07:06:45,2026-04-23,34.89,38.3,78.0
SEN039,2026-02-09 09:48:00,2026-02-09,20.1,20.57,59.0
SEN047,2026-01-01 18:36:33,2026-01-01,23.0,46.23,73.0
SEN033,2026-05-28 13:21:26,2026-05-28,18.0,,30.0
SEN046,2026-08-22 17:27:10,2026-08-22,35.11,0.7,43.0
SEN016,2026-05-17 08:21:07,2026-05-17,18.9,17.27,34.0
SEN037,2026-04-26 07:11:00,2026-04-26,37.0,7.11,60.0
SEN042,2026-05-20 00:32:56,2026-05-20,35.5,,37.0
SEN005,2026-06-03 03:52:39,2026-06-03,15.9,30.8,60.0
SEN005,2026-04-30 13:04:08,2026-04-30,21.72,44.2,85.0
SEN022,2026-08-25 00:00:00,2026-08-25,27.89,49.7,85.0
SEN021,2026-07-03 03:11:59,2026-07-03,19.0,43.1,82.0
SEN044,2026-07-31 09:42:36,2026-07-31,26.0,46.3,95.0
SEN029,2026-05-31 15:03:42,2026-05-31,21.9,49.8,67.0
SEN031,2026-07-09 08:15:54,2026-07-09,21.78,12.6,52.0
SEN041,2026-01-14 17:17:00,2026-01-14,38.6,1.8,31.0
UNKNOWN,2026-05-29 20:26:14,2026-05-29,26.5,22.1,44.0
SEN039,2026-05-29 21:14:29,2026-05-29,25.0,18.8,67.0
SEN002,2026-03-28 01:31:30,2026-03-28,16.1,1.02,68.0
SEN025,2026-07-16 01:51:36,2026-07-16,28.0,6.6,86.0
SEN013,2026-07-16 16:47:41,2026-07-16,39.0,35.0,78.0
SEN006,2026-06-29 22:26:24,2026-06-29,33.5,18.7,83.0
SEN020,2026-05-18 14:35:57,2026-05-18,19.3,0.76,31.0
SEN020,2026-09-06 04:47:27,2026-09-06,27.61,24.6,
SEN034,2026-05-25 11:25:42,2026-05-25,24.11,30.7,81.0
SEN001,2026-08-09 03:19:51,2026-08-09,26.3,17.7,50.0
SEN007,2026-01-25 08:38:41,2026-01-25,35.4,3.2,
SEN034,2026-04-08 20:29:27,2026-04-08,26.72,25.9,
SEN022,2026-07-20 09:40:59,2026-07-20,35.9,20.57,59.0
SEN046,2026-09-01 13:01:44,2026-09-01,27.39,43.7,63.0
SEN045,2026-02-13 16:01:38,2026-02-13,35.61,47.9,
SEN018,2026-08-15 15:20:01,2026-08-15,39.5,43.8,
SEN006,2026-05-16 18:48:04,2026-05-16,24.61,0.2,
SEN010,2026-04-14 14:21:36,2026-04-14,26.6,4.4,45.0
SEN044,2026-09-01 11:48:39,2026-09-01,28.3,28.8,30.0
SEN021,2026-07-30 08:20:02,2026-07-30,20.2,18.6,91.0
SEN028,2026-03-25 16:31:13,2026-03-25,36.1,,49.0
SEN004,2026-02-18 23:35:19,2026-02-18,23.2,42.9,73.0
SEN015,2026-08-16 19:15:22,2026-08-16,22.11,27.94,36.0
SEN007,2026-08-17 23:35:47,2026-08-17,36.89,1.5,82.0
SEN009,2026-07-05 02:22:25,2026-07-05,16.28,6.9,60.0
SEN033,2026-03-20 00:45:00,2026-03-20,38.5,34.8,50.0
SEN047,2026-04-21 05:55:08,2026-04-21,39.1,,46.0
SEN028,2026-07-10 20:54:46,2026-07-10,25.5,15.8,
SEN033,2026-02-16 14:21:57,2026-02-16,35.5,17.2,43.0
SEN022,2026-03-02 03:04:17,2026-03-02,37.78,,67.0
SEN012,2026-04-14 20:19:23,2026-04-14,35.3,,38.0
UNKNOWN,2026-09-05 17:09:45,2026-09-05,32.28,,81.0
SEN026,2026-09-04 01:25:10,2026-09-04,36.72,49.0,82.0
SEN001,2026-01-28 22:05:52,2026-01-28,35.5,,
SEN050,2026-04-24 06:23:25,2026-04-24,21.0,,91.0
SEN047,2026-08-14 12:33:58,2026-08-14,33.7,46.48,81.0
SEN031,2026-04-24 23:15:51,2026-04-24,20.5,,52.0
SEN044,2026-01-28 22:00:34,2026-01-28,35.22,7.5,85.0
UNKNOWN,2026-07-28 17:54:00,2026-07-28,23.8,5.1,
SEN046,2026-05-24 17:30:57,2026-05-24,26.7,21.08,65.0
SEN018,2026-04-11 03:19:12,2026-04-11,15.2,27.18,65.0
SEN026,2026-01-18 17:51:18,2026-01-18,25.28,8.2,62.0
SEN031,2026-03-16 18:41:08,2026-03-16,31.22,24.1,74.0
SEN009,2026-03-05 10:44:28,2026-03-05,32.61,39.62,53.0
SEN034,2026-01-26 00:08:55,2026-01-26,15.78,24.38,62.0
SEN020,2026-06-21 09:31:08,2026-06-21,21.3,10.1,77.0
SEN033,2026-02-23 13:26:57,2026-02-23,32.8,,45.0
SEN036,2026-08-15 08:29:09,2026-08-15,26.0,5.0,
SEN028,2026-07-04 03:25:13,2026-07-04,30.28,,87.0
SEN031,2026-07-19 21:43:49,2026-07-19,39.3,28.19,
SEN004,2026-03-06 18:57:20,2026-03-06,38.5,10.92,82.0
SEN005,2026-06-22 00:15:29,2026-06-22,37.7,42.8,91.0
SEN023,2026-07-30 23:06:46,2026-07-30,27.11,5.8,
SEN039,2026-07-22 14:22:54,2026-07-22,16.61,30.5,87.0
SEN032,2026-04-01 09:55:55,2026-04-01,19.5,25.9,64.0
SEN018,2026-07-16 00:07:18,2026-07-16,26.4,,82.0
SEN040,2026-08-14 18:09:16,2026-08-14,18.7,14.9,71.0
SEN015,2026-04-03 11:22:42,2026-04-03,17.0,49.02,
SEN027,2026-03-22 03:05:08,2026-03-22,23.6,30.1,92.0
SEN050,2026-06-28 13:54:51,2026-06-28,17.8,48.0,65.0
SEN029,2026-06-22 23:45:24,2026-06-22,25.6,29.7,
SEN044,2026-05-29 04:52:09,2026-05-29,20.1,38.9,76.0
SEN047,2026-03-12 14:35:06,2026-03-12,18.3,,
SEN004,2026-03-17 10:59:50,2026-03-17,35.22,9.7,43.0
UNKNOWN,2026-04-26 03:19:08,2026-04-26,33.28,47.3,
SEN024,2026-01-26 21:50:43,2026-01-26,35.7,20.6,48.0
SEN013,2026-03-15 07:27:05,2026-03-15,30.3,,94.0
SEN050,2026-01-01 09:23:55,2026-01-01,27.11,2.0,86.0
SEN024,2026-07-08 17:37:00,2026-07-08,20.4,18.4,39.0
SEN033,2026-08-07 16:59:25,2026-08-07,26.3,,79.0
SEN007,2026-03-23 07:50:01,2026-03-23,28.28,16.1,53.0
SEN030,2026-01-03 11:42:47,2026-01-03,25.2,35.2,77.0
SEN003,2026-05-19 10:46:24,2026-05-19,18.7,46.5,52.0
SEN046,2026-07-13 15:11:11,2026-07-13,37.7,48.26,83.0
SEN009,2026-08-02 21:05:39,2026-08-02,28.3,3.5,83.0
SEN010,2026-05-03 15:57:00,2026-05-03,26.3,5.08,36.0
SEN042,2026-01-29 10:51:21,2026-01-29,34.9,8.89,58.0
SEN014,2026-08-30 12:12:27,2026-08-30,35.89,35.31,92.0
SEN011,2026-02-07 22:19:07,2026-02-07,31.1,41.91,86.0
SEN013,2026-07-30 11:39:52,2026-07-30,37.5,48.9,87.0
SEN005,2026-04-13 18:34:48,2026-04-13,23.9,39.6,35.0
SEN048,2026-04-25 11:02:46,2026-04-25,38.6,,34.0
SEN046,2026-06-06 17:20:09,2026-06-06,15.1,18.4,73.0
SEN019,2026-06-02 17:56:10,2026-06-02,25.39,8.38,44.0
SEN039,2026-02-20 09:04:04,2026-02-20,39.6,17.0,65.0
SEN033,2026-02-13 02:03:55,2026-02-13,22.8,43.9,51.0
SEN015,2026-05-02 11:33:54,2026-05-02,24.6,34.7,75.0
SEN001,2026-08-26 15:27:59,2026-08-26,37.0,44.7,42.0
SEN028,2026-04-10 20:50:58,2026-04-10,28.0,34.54,44.0
SEN033,2026-05-15 03:44:52,2026-05-15,35.5,,54.0
UNKNOWN,2026-04-28 06:51:32,2026-04-28,25.2,25.15,35.0
SEN011,2026-04-29 20:32:43,2026-04-29,25.0,16.51,40.0
SEN021,2026-03-20 00:11:32,2026-03-20,17.8,11.7,37.0
SEN015,2026-01-21 16:24:08,2026-01-21,32.2,,86.0
SEN016,2026-07-02 11:34:10,2026-07-02,27.8,,61.0
SEN017,2026-06-08 20:59:31,2026-06-08,22.0,,72.0
SEN029,2026-05-21 12:41:22,2026-05-21,30.4,8.3,95.0
SEN043,2026-08-02 13:27:46,2026-08-02,23.1,19.81,53.0
SEN022,2026-01-11 01:17:16,2026-01-11,19.7,19.05,38.0
UNKNOWN,2026-05-20 01:39:27,2026-05-20,31.0,,68.0
SEN032,2026-01-15 13:00:53,2026-01-15,18.9,1.52,62.0
SEN004,2026-02-06 02:03:13,2026-02-06,29.6,49.8,55.0
SEN015,2026-03-30 17:22:30,2026-03-30,33.5,10.92,81.0
SEN010,2026-08-18 03:56:47,2026-08-18,32.5,31.75,77.0
SEN049,2026-06-15 04:15:46,2026-06-15,21.0,24.38,65.0
SEN036,2026-03-11 03:38:24,2026-03-11,35.72,,75.0
SEN028,2026-05-27 03:57:42,2026-05-27,33.78,49.02,55.0
SEN026,2026-05-19 20:03:57,2026-05-19,15.5,47.9,30.0
SEN026,2026-07-04 19:39:38,2026-07-04,35.2,45.6,70.0
SEN044,2026-04-24 13:42:33,2026-04-24,23.5,15.3,33.0
SEN039,2026-05-06 00:04:00,2026-05-06,35.8,32.7,
SEN004,2026-01-28 19:37:18,2026-01-28,19.9,,47.0
SEN011,2026-03-06 10:56:39,2026-03-06,27.72,,
SEN031,2026-03-10 12:04:00,2026-03-10,32.39,37.8,48.0
SEN002,2026-02-09 18:32:20,2026-02-09,28.39,40.5,61.0
SEN037,2026-04-14 11:07:10,2026-04-14,26.5,,80.0
SEN013,2026-06-04 03:00:58,2026-06-04,21.22,40.13,79.0
SEN011,2026-03-10 07:22:12,2026-03-10,22.2,46.48,91.0
SEN034,2026-03-01 08:50:16,2026-03-01,33.7,44.1,30.0
SEN026,2026-04-21 02:19:31,2026-04-21,33.5,9.0,89.0
SEN004,2026-02-19 00:32:12,2026-02-19,16.3,24.89,81.0
SEN048,2026-05-23 21:53:21,2026-05-23,25.0,22.86,68.0
SEN020,2026-02-08 04:36:18,2026-02-08,35.2,,63.0
SEN026,2026-02-05 15:42:10,2026-02-05,18.6,,
SEN037,2026-05-20 01:52:26,2026-05-20,34.8,13.1,69.0
SEN019,2026-05-07 00:26:01,2026-05-07,21.0,9.5,62.0
SEN042,2026-08-02 14:59:14,2026-08-02,23.78,,92.0
SEN049,2026-08-02 08:42:48,2026-08-02,18.22,45.21,82.0
SEN047,2026-01-13 05:03:17,2026-01-13,17.0,22.61,69.0
SEN015,2026-07-23 13:04:20,2026-07-23,36.1,,60.0
SEN045,2026-02-01 04:55:33,2026-02-01,22.7,43.7,85.0
SEN048,2026-08-08 01:03:35,2026-08-08,34.3,14.8,67.0
SEN020,2026-02-24 03:10:39,2026-02-24,15.6,14.22,76.0
SEN018,2026-03-03 13:22:00,2026-03-03,30.72,19.5,74.0
SEN013,2026-06-28 21:28:58,2026-06-28,25.22,16.0,58.0
SEN042,2026-03-14 21:28:41,2026-03-14,29.1,35.7,79.0
SEN018,2026-01-10 14:52:46,2026-01-10,27.89,46.8,
SEN004,2026-08-04 01:40:32,2026-08-04,26.11,20.9,73.0
SEN035,2026-08-10 09:33:51,2026-08-10,34.2,37.8,46.0
SEN027,2026-04-24 05:22:18,2026-04-24,39.5,30.5,94.0
SEN033,2026-07-16 16:56:11,2026-07-16,19.11,2.29,55.0
UNKNOWN,2026-09-08 10:05:05,2026-09-08,37.9,,37.0
SEN028,2026-06-21 16:44:42,2026-06-21,28.28,19.3,89.0
SEN031,2026-06-09 13:30:11,2026-06-09,16.5,16.5,46.0
SEN017,2026-09-06 05:04:55,2026-09-06,20.6,0.1,56.0
SEN040,2026-06-11 12:36:38,2026-06-11,34.1,32.9,88.0
SEN024,2026-04-04 04:47:16,2026-04-04,39.4,13.0,53.0
SEN030,2026-01-09 14:30:20,2026-01-09,20.7,32.0,
SEN003,2026-08-13 11:32:35,2026-08-13,18.7,22.1,65.0
SEN012,2026-06-17 00:05:17,2026-06-17,37.7,,42.0
SEN006,2026-02-22 09:39:13,2026-02-22,23.28,45.3,67.0
SEN010,2026-05-04 21:41:14,2026-05-04,23.1,8.13,83.0
SEN036,2026-04-12 04:10:01,2026-04-12,35.5,4.6,42.0
SEN015,2026-04-21 16:36:22,2026-04-21,18.89,,95.0
SEN025,2026-07-05 21:35:03,2026-07-05,36.4,31.8,74.0
SEN028,2026-04-11 19:51:09,2026-04-11,17.28,26.7,67.0
SEN016,2026-02-21 10:28:43,2026-02-21,21.22,0.1,68.0
SEN019,2026-08-03 22:05:58,2026-08-03,28.28,,72.0
SEN049,2026-04-27 15:27:19,2026-04-27,28.5,18.0,46.0
SEN041,2026-06-10 06:15:00,2026-06-10,33.89,47.6,67.0
SEN008,2026-03-07 04:30:32,2026-03-07,15.9,46.8,48.0
SEN014,2026-01-23 06:49:15,2026-01-23,17.1,19.81,62.0
SEN042,2026-04-02 11:25:29,2026-04-02,32.8,46.23,35.0
SEN050,2026-08-31 02:27:40,2026-08-31,18.5,40.7,55.0
SEN021,2026-02-28 03:26:49,2026-02-28,37.8,35.7,40.0
SEN043,2026-02-02 07:53:49,2026-02-02,19.9,41.8,70.0
SEN008,2026-01-31 21:21:22,2026-01-31,39.5,5.6,94.0
SEN012,2026-05-21 02:46:51,2026-05-21,22.0,26.1,76.0
SEN026,2026-04-25 22:25:32,2026-04-25,17.7,8.89,71.0
SEN010,2026-08-29 07:42:16,2026-08-29,18.89,30.73,88.0
SEN050,2026-04-28 16:07:27,2026-04-28,32.0,7.0,71.0
SEN031,2026-08-05 18:31:47,2026-08-05,32.7,23.5,62.0
SEN015,2026-01-16 03:12:43,2026-01-16,34.0,24.7,35.0
SEN022,2026-08-23 07:19:09,2026-08-23,36.6,,71.0
SEN027,2026-04-09 09:26:05,2026-04-09,25.0,12.7,
SEN046,2026-06-23 06:47:02,2026-06-23,15.6,21.59,48.0
SEN050,2026-06-21 21:19:34,2026-06-21,32.3,22.1,30.0
SEN011,2026-07-02 09:13:50,2026-07-02,28.61,21.5,70.0
SEN045,2026-05-08 08:10:49,2026-05-08,36.1,0.9,70.0
SEN049,2026-07-22 12:51:02,2026-07-22,24.39,14.99,41.0
SEN034,2026-02-23 20:22:36,2026-02-23,31.1,,36.0
SEN039,2026-05-31 10:25:08,2026-05-31,26.5,4.0,82.0
SEN017,2026-06-25 16:53:49,2026-06-25,27.7,35.4,52.0
SEN002,2026-05-09 01:28:29,2026-05-09,16.0,,87.0
SEN008,2026-03-19 06:32:38,2026-03-19,23.3,25.4,52.0
SEN046,2026-05-03 08:57:01,2026-05-03,29.89,45.72,63.0
SEN036,2026-07-02 09:12:52,2026-07-02,37.61,38.1,69.0
SEN007,2026-06-14 21:22:48,2026-06-14,34.0,28.8,43.0
SEN033,2026-05-26 08:42:51,2026-05-26,31.5,25.4,67.0
SEN038,2026-02-13 09:21:43,2026-02-13,31.4,6.6,42.0
SEN018,2026-07-14 21:46:31,2026-07-14,26.8,24.2,79.0
SEN026,2026-07-14 05:22:17,2026-07-14,39.5,5.4,53.0
SEN028,2026-07-26 23:35:04,2026-07-26,31.2,5.4,54.0
SEN047,2026-04-13 23:32:48,2026-04-13,29.9,1.78,31.0
SEN037,2026-06-20 10:07:07,2026-06-20,27.8,14.22,73.0
SEN009,2026-07-31 10:34:01,2026-07-31,17.22,17.4,68.0
SEN039,2026-07-07 04:53:49,2026-07-07,32.5,6.86,
SEN022,2026-01-07 19:54:25,2026-01-07,32.6,37.85,70.0
SEN025,2026-05-03 17:25:00,2026-05-03,23.7,45.7,55.0
SEN045,2026-04-19 14:21:16,2026-04-19,38.5,21.59,41.0
SEN001,2026-04-08 01:52:00,2026-04-08,25.39,8.6,79.0
SEN003,2026-03-20 14:00:54,2026-03-20,17.8,,80.0
SEN042,2026-02-03 08:52:19,2026-02-03,23.89,19.3,81.0
SEN048,2026-05-20 09:37:12,2026-05-20,24.6,20.3,36.0
SEN015,2026-04-11 01:39:46,2026-04-11,35.0,13.4,47.0
SEN010,2026-01-17 16:33:17,2026-01-17,25.61,13.0,84.0
SEN016,2026-07-08 09:58:51,2026-07-08,29.5,45.7,80.0
SEN033,2026-01-07 12:03:11,2026-01-07,32.7,21.59,
SEN039,2026-07-19 15:33:03,2026-07-19,19.6,7.87,49.0
SEN035,2026-01-24 17:37:37,2026-01-24,33.1,27.8,
SEN013,2026-08-29 05:10:45,2026-08-29,40.0,36.3,84.0
SEN019,2026-06-07 12:07:00,2026-06-07,23.9,,54.0
SEN037,2026-09-03 03:56:14,2026-09-03,35.7,3.81,88.0
SEN017,2026-07-31 01:05:59,2026-07-31,27.5,35.3,72.0
SEN043,2026-03-29 14:13:51,2026-03-29,36.7,,72.0
SEN045,2026-07-05 07:04:42,2026-07-05,18.9,,46.0
SEN027,2026-02-15 16:26:55,2026-02-15,15.3,43.5,86.0
SEN031,2026-04-20 02:28:02,2026-04-20,36.5,2.9,75.0
SEN004,2026-07-17 14:06:21,2026-07-17,28.8,,53.0
SEN042,2026-05-15 14:34:51,2026-05-15,33.5,10.9,93.0
UNKNOWN,2026-08-26 00:00:00,2026-08-26,34.6,34.9,89.0
SEN016,2026-02-07 21:25:01,2026-02-07,25.9,31.6,71.0
SEN030,2026-04-30 23:54:00,2026-04-30,29.0,6.6,36.0
SEN007,2026-08-26 15:00:36,2026-08-26,38.61,,80.0
SEN044,2026-06-01 13:35:03,2026-06-01,16.8,,85.0
SEN044,2026-03-15 16:25:56,2026-03-15,15.22,34.54,89.0
SEN027,2026-08-07 05:44:19,2026-08-07,34.78,35.0,83.0
SEN033,2026-08-24 03:15:41,2026-08-24,33.28,,57.0
SEN011,2026-06-30 21:18:02,2026-06-30,19.8,,
SEN020,2026-05-03 10:21:40,2026-05-03,21.39,36.32,81.0
SEN018,2026-02-09 14:02:34,2026-02-09,34.72,9.91,35.0
UNKNOWN,2026-03-11 15:27:11,2026-03-11,20.0,42.4,32.0
SEN040,2026-03-01 00:00:00,2026-03-01,20.22,28.1,74.0
SEN047,2026-04-11 19:18:19,2026-04-11,32.28,27.4,55.0
SEN017,2026-06-17 08:54:27,2026-06-17,37.39,17.8,95.0
SEN006,2026-08-05 17:24:46,2026-08-05,38.2,36.7,43.0
SEN011,2026-03-04 18:48:21,2026-03-04,38.28,22.7,70.0
SEN035,2026-01-05 03:24:47,2026-01-05,36.4,23.2,
SEN036,2026-04-15 18:02:47,2026-04-15,36.28,29.4,43.0
SEN009,2026-04-20 08:56:36,2026-04-20,35.9,0.51,40.0
SEN049,2026-03-05 15:02:12,2026-03-05,36.22,33.9,86.0
SEN042,2026-01-04 03:57:22,2026-01-04,35.72,39.6,89.0
SEN003,2026-06-09 20:24:28,2026-06-09,29.0,28.2,41.0
SEN050,2026-06-19 12:53:30,2026-06-19,18.8,39.62,93.0
SEN039,2026-08-22 05:12:10,2026-08-22,19.0,47.9,87.0
SEN009,2026-01-25 08:11:44,2026-01-25,16.28,14.5,
SEN020,2026-05-26 00:41:19,2026-05-26,16.6,7.1,33.0
SEN044,2026-06-04 08:02:33,2026-06-04,36.61,,75.0
SEN032,2026-02-14 17:53:34,2026-02-14,19.89,2.6,50.0
SEN001,2026-07-12 01:14:49,2026-07-12,33.1,14.99,85.0
SEN013,2026-06-13 22:00:00,2026-06-13,39.11,30.0,95.0
SEN023,2026-01-09 00:07:08,2026-01-09,34.1,47.75,61.0
SEN024,2026-06-09 21:36:48,2026-06-09,36.5,15.49,
SEN029,2026-06-27 22:27:14,2026-06-27,39.0,,46.0
SEN036,2026-08-23 05:48:28,2026-08-23,27.61,,67.0
SEN018,2026-04-15 05:19:26,2026-04-15,18.7,,58.0
SEN027,2026-07-28 07:18:51,2026-07-28,22.72,15.8,59.0
SEN031,2026-01-05 09:33:59,2026-01-05,20.8,7.0,36.0
SEN006,2026-09-01 16:46:35,2026-09-01,36.78,17.3,36.0
SEN020,2026-05-04 14:14:40,2026-05-04,34.7,16.2,50.0
SEN008,2026-05-08 04:11:01,2026-05-08,17.6,18.6,64.0
SEN046,2026-02-03 09:34:26,2026-02-03,16.72,17.4,64.0
SEN023,2026-02-02 13:59:21,2026-02-02,21.9,,48.0
SEN041,2026-06-02 06:20:12,2026-06-02,27.1,15.3,48.0
UNKNOWN,2026-03-30 15:49:04,2026-03-30,37.89,,54.0
SEN026,2026-05-10 15:57:45,2026-05-10,15.78,10.41,69.0
SEN012,2026-04-29 03:35:12,2026-04-29,36.0,12.3,57.0
SEN050,2026-08-10 12:26:24,2026-08-10,22.4,9.7,45.0
SEN007,2026-03-14 04:53:49,2026-03-14,20.6,48.9,87.0
SEN036,2026-04-10 14:38:22,2026-04-10,28.6,26.2,48.0
SEN027,2026-02-04 04:54:03,2026-02-04,17.61,9.9,
SEN013,2026-08-15 17:24:41,2026-08-15,16.89,3.4,89.0
SEN009,2026-06-17 20:05:26,2026-06-17,30.89,5.59,62.0
SEN011,2026-07-22 03:44:22,2026-07-22,38.11,3.0,55.0
SEN049,2026-05-24 03:07:17,2026-05-24,38.2,7.87,75.0
SEN011,2026-03-06 02:11:52,2026-03-06,38.89,14.73,
SEN032,2026-05-07 19:51:26,2026-05-07,29.6,37.8,78.0
SEN044,2026-01-19 22:50:30,2026-01-19,19.61,12.1,48.0
SEN026,2026-05-25 13:36:03,2026-05-25,28.61,,67.0
SEN047,2026-08-20 14:06:00,2026-08-20,26.78,,61.0
SEN028,2026-06-14 20:25:45,2026-06-14,30.7,40.5,36.0
SEN008,2026-01-08 23:10:19,2026-01-08,27.6,29.97,77.0
SEN003,2026-07-07 05:07:16,2026-07-07,34.4,47.7,51.0
SEN039,2026-01-21 23:17:02,2026-01-21,38.4,43.18,42.0
SEN042,2026-05-24 07:24:01,2026-05-24,18.0,14.7,79.0
SEN022,2026-08-15 19:05:43,2026-08-15,30.5,22.6,34.0
SEN014,2026-03-28 20:59:33,2026-03-28,17.2,27.3,57.0
SEN001,2026-08-10 22:17:34,2026-08-10,29.61,6.1,52.0
SEN010,2026-02-17 10:31:43,2026-02-17,19.78,4.2,60.0
SEN041,2026-03-01 16:18:49,2026-03-01,20.11,44.9,
UNKNOWN,2026-06-20 15:40:23,2026-06-20,38.8,23.0,45.0
SEN009,2026-08-25 14:47:43,2026-08-25,27.3,,
SEN001,2026-02-12 09:05:06,2026-02-12,36.7,44.3,44.0
SEN005,2026-04-03 22:18:40,2026-04-03,19.3,28.8,54.0
SEN016,2026-07-08 13:38:38,2026-07-08,27.8,,84.0
SEN050,2026-07-04 06:08:26,2026-07-04,28.1,40.0,36.0
SEN045,2026-05-27 10:01:59,2026-05-27,36.0,20.9,53.0
SEN020,2026-08-28 00:00:00,2026-08-28,33.6,30.23,34.0
SEN050,2026-06-30 03:10:12,2026-06-30,21.8,34.7,
SEN013,2026-01-06 06:40:46,2026-01-06,33.9,13.8,54.0
SEN021,2026-03-30 11:36:42,2026-03-30,29.3,26.42,93.0
SEN005,2026-08-11 21:47:09,2026-08-11,25.6,4.9,61.0
SEN026,2026-08-11 10:03:42,2026-08-11,18.61,24.6,87.0
SEN034,2026-04-06 10:15:42,2026-04-06,25.72,18.2,78.0
SEN014,2026-08-20 08:35:41,2026-08-20,26.28,38.0,77.0
SEN043,2026-06-27 18:18:03,2026-06-27,17.7,25.2,31.0
SEN001,2026-01-13 13:57:12,2026-01-13,38.61,35.0,88.0
SEN010,2026-05-28 15:58:41,2026-05-28,26.9,35.31,78.0
SEN047,2026-02-23 05:42:27,2026-02-23,33.8,,48.0
SEN015,2026-01-19 02:10:21,2026-01-19,18.8,36.3,55.0
SEN024,2026-08-22 08:46:27,2026-08-22,33.4,13.0,55.0
SEN042,2026-02-07 10:41:16,2026-02-07,28.28,3.7,78.0
SEN022,2026-06-06 04:49:07,2026-06-06,20.0,3.9,71.0
SEN008,2026-07-29 21:16:24,2026-07-29,35.0,37.0,36.0
SEN038,2026-09-04 20:09:30,2026-09-04,21.0,4.3,48.0
SEN002,2026-01-10 13:19:54,2026-01-10,16.0,42.4,35.0
UNKNOWN,2026-02-19 04:54:15,2026-02-19,32.0,,67.0
SEN035,2026-04-16 04:56:43,2026-04-16,39.89,32.1,
SEN001,2026-07-20 19:44:38,2026-07-20,38.61,39.12,52.0
SEN039,2026-07-25 12:39:32,2026-07-25,27.0,,67.0
SEN032,2026-01-30 14:59:50,2026-01-30,20.0,26.2,75.0
SEN013,2026-05-01 08:13:00,2026-05-01,22.9,36.7,
SEN013,2026-03-11 16:42:27,2026-03-11,16.9,6.6,33.0
UNKNOWN,2026-01-03 02:01:44,2026-01-03,37.3,28.7,41.0
UNKNOWN,2026-03-28 02:26:25,2026-03-28,38.28,34.8,74.0
SEN031,2026-04-13 00:00:00,2026-04-13,30.5,35.81,83.0
SEN003,2026-09-05 14:12:26,2026-09-05,27.4,15.5,55.0
SEN025,2026-03-23 10:37:36,2026-03-23,36.89,6.3,51.0
SEN050,2026-06-02 00:00:00,2026-06-02,23.0,0.6,59.0
SEN032,2026-08-13 19:32:00,2026-08-13,24.9,48.26,53.0
SEN021,2026-07-15 07:25:12,2026-07-15,32.5,12.1,58.0
UNKNOWN,2026-05-27 13:48:51,2026-05-27,19.9,24.5,50.0
SEN027,2026-03-08 10:56:07,2026-03-08,28.0,,81.0
SEN025,2026-04-06 20:08:38,2026-04-06,27.11,40.6,59.0
SEN045,2026-01-29 08:57:17,2026-01-29,30.2,0.1,44.0
SEN042,2026-07-18 13:23:39,2026-07-18,16.8,27.18,42.0
SEN031,2026-05-31 17:58:15,2026-05-31,28.0,23.8,93.0
SEN024,2026-08-16 05:31:22,2026-08-16,29.8,33.5,51.0
SEN012,2026-04-20 01:55:14,2026-04-20,36.2,0.8,56.0
SEN020,2026-09-08 19:53:04,2026-09-08,33.6,10.1,58.0
SEN022,2026-03-01 11:00:32,2026-03-01,22.1,27.69,76.0
SEN015,2026-02-04 10:17:00,2026-02-04,20.78,,46.0
SEN011,2026-02-28 01:35:00,2026-02-28,19.22,24.8,70.0
SEN035,2026-01-01 17:57:10,2026-01-01,34.3,36.6,77.0
SEN039,2026-05-04 11:18:48,2026-05-04,22.9,15.2,66.0
SEN014,2026-06-09 03:45:03,2026-06-09,28.4,29.72,92.0
SEN031,2026-07-07 12:37:54,2026-07-07,27.5,14.48,44.0
UNKNOWN,2026-07-30 06:13:46,2026-07-30,23.5,4.32,40.0
SEN036,2026-03-20 00:58:24,2026-03-20,29.22,37.59,73.0
UNKNOWN,2026-06-06 05:14:00,2026-06-06,40.0,34.5,73.0
SEN050,2026-06-06 07:19:39,2026-06-06,16.4,42.42,85.0
SEN035,2026-06-28 05:07:20,2026-06-28,26.1,,66.0
SEN021,2026-01-28 09:10:06,2026-01-28,17.3,34.7,88.0
SEN050,2026-08-08 20:01:36,2026-08-08,26.39,5.6,63.0
SEN037,2026-07-05 07:36:54,2026-07-05,30.3,30.7,35.0
SEN035,2026-08-03 13:57:56,2026-08-03,27.5,42.67,37.0
SEN021,2026-06-28 16:02:03,2026-06-28,32.0,36.4,82.0
SEN040,2026-01-04 19:41:55,2026-01-04,31.3,21.5,39.0
SEN005,2026-04-19 23:27:33,2026-04-19,34.8,39.37,84.0
SEN024,2026-07-10 09:25:14,2026-07-10,16.28,5.6,63.0
SEN012,2026-02-27 04:44:06,2026-02-27,20.2,48.51,33.0
SEN040,2026-01-15 00:47:04,2026-01-15,17.9,,84.0
SEN048,2026-04-11 06:56:27,2026-04-11,20.4,13.3,82.0
SEN040,2026-01-05 10:52:11,2026-01-05,15.2,,
SEN030,2026-06-22 18:44:28,2026-06-22,25.5,34.29,36.0
SEN025,2026-06-07 14:55:36,2026-06-07,26.6,0.51,75.0
SEN049,2026-04-23 03:53:33,2026-04-23,15.0,33.8,94.0
SEN015,2026-06-03 19:37:19,2026-06-03,26.5,,50.0
SEN013,2026-07-28 20:05:43,2026-07-28,27.5,14.8,81.0
SEN023,2026-01-17 16:56:35,2026-01-17,23.8,45.21,69.0
SEN013,2026-05-10 22:34:37,2026-05-10,35.9,48.51,84.0
SEN044,2026-01-31 06:07:38,2026-01-31,27.4,10.4,66.0
SEN003,2026-03-17 10:06:17,2026-03-17,20.2,34.0,30.0
SEN033,2026-01-28 03:10:46,2026-01-28,25.7,5.7,77.0
SEN020,2026-02-23 05:14:59,2026-02-23,16.6,36.7,44.0
SEN036,2026-08-26 03:37:36,2026-08-26,28.6,1.4,32.0
SEN025,2026-04-13 23:23:45,2026-04-13,26.89,49.02,62.0
SEN036,2026-04-30 11:17:40,2026-04-30,18.6,17.27,83.0
SEN002,2026-04-17 14:17:15,2026-04-17,24.6,41.66,
SEN013,2026-01-06 19:43:18,2026-01-06,22.28,15.6,79.0
SEN040,2026-08-08 19:05:23,2026-08-08,37.11,38.86,45.0
SEN009,2026-01-15 04:37:45,2026-01-15,38.0,6.9,69.0
UNKNOWN,2026-04-30 16:14:27,2026-04-30,21.0,41.15,89.0
SEN043,2026-08-07 23:26:28,2026-08-07,27.0,,78.0
SEN018,2026-04-03 00:00:00,2026-04-03,21.8,14.8,46.0
UNKNOWN,2026-06-25 07:07:29,2026-06-25,21.11,,49.0
SEN047,2026-08-03 11:04:15,2026-08-03,32.0,36.1,60.0
SEN002,2026-05-14 13:07:04,2026-05-14,23.3,26.2,63.0
SEN011,2026-05-12 01:11:31,2026-05-12,29.28,4.2,
SEN004,2026-08-05 10:46:03,2026-08-05,37.0,22.3,94.0
SEN031,2026-06-20 23:45:49,2026-06-20,33.78,,35.0
UNKNOWN,2026-01-10 06:23:07,2026-01-10,33.1,34.29,83.0
SEN007,2026-02-04 19:21:31,2026-02-04,17.7,26.7,54.0
SEN029,2026-01-26 03:46:00,2026-01-26,38.3,41.66,79.0
SEN006,2026-02-03 16:19:41,2026-02-03,21.3,17.02,62.0
SEN027,2026-01-27 22:46:26,2026-01-27,20.28,45.72,92.0
SEN016,2026-06-16 03:33:58,2026-06-16,22.9,34.6,79.0
SEN045,2026-08-26 03:09:01,2026-08-26,34.78,21.0,38.0
SEN016,2026-02-09 01:12:42,2026-02-09,38.28,49.2,37.0
SEN047,2026-03-03 23:43:41,2026-03-03,24.22,,51.0
SEN046,2026-06-02 03:53:00,2026-06-02,22.7,15.6,
SEN009,2026-06-13 00:00:00,2026-06-13,20.4,47.2,58.0
SEN030,2026-02-07 08:16:45,2026-02-07,16.0,28.9,65.0
SEN046,2026-01-16 13:22:49,2026-01-16,22.0,42.7,
SEN041,2026-06-14 03:48:08,2026-06-14,25.0,47.9,54.0
SEN041,2026-08-23 02:31:18,2026-08-23,34.3,46.5,78.0
SEN024,2026-04-22 20:56:25,2026-04-22,36.9,12.9,
SEN042,2026-01-04 13:59:00,2026-01-04,30.72,37.6,60.0
SEN013,2026-02-08 04:00:30,2026-02-08,30.8,15.6,78.0
SEN039,2026-05-08 18:05:23,2026-05-08,34.89,36.83,49.0
SEN042,2026-01-14 12:01:40,2026-01-14,39.4,45.5,40.0
SEN025,2026-06-18 00:41:58,2026-06-18,15.2,47.24,95.0
SEN005,2026-05-19 19:49:08,2026-05-19,23.5,1.52,
SEN008,2026-01-27 18:35:43,2026-01-27,29.9,3.4,53.0
SEN021,2026-03-11 06:09:35,2026-03-11,34.72,23.9,63.0
SEN014,2026-01-07 18:03:14,2026-01-07,32.9,30.7,
SEN032,2026-08-05 00:00:00,2026-08-05,29.78,,50.0
SEN028,2026-05-26 12:35:03,2026-05-26,16.2,30.9,38.0
SEN018,2026-02-14 02:08:52,2026-02-14,39.89,3.4,89.0
SEN040,2026-02-10 17:46:05,2026-02-10,30.78,42.9,87.0
SEN029,2026-06-22 00:00:00,2026-06-22,15.6,29.6,38.0
SEN032,2026-07-02 09:16:59,2026-07-02,21.0,7.9,82.0
SEN042,2026-04-26 06:56:15,2026-04-26,33.3,10.92,44.0
SEN024,2026-08-15 19:20:43,2026-08-15,34.8,29.2,35.0
SEN019,2026-01-24 23:20:21,2026-01-24,19.5,0.4,
SEN049,2026-09-01 23:06:45,2026-09-01,20.89,21.8,58.0
SEN035,2026-07-26 00:00:00,2026-07-26,38.2,18.03,80.0
SEN025,2026-04-01 09:46:26,2026-04-01,38.4,12.95,59.0
SEN021,2026-08-11 07:23:58,2026-08-11,31.1,49.02,
SEN020,2026-04-02 21:34:08,2026-04-02,24.22,31.1,51.0
SEN007,2026-05-26 03:29:41,2026-05-26,33.78,,82.0
SEN016,2026-05-05 01:25:04,2026-05-05,24.9,21.08,65.0
SEN011,2026-01-16 14:15:06,2026-01-16,15.5,26.0,89.0
SEN047,2026-04-08 11:58:21,2026-04-08,27.72,41.66,41.0
SEN009,2026-07-27 21:58:04,2026-07-27,29.9,3.4,91.0
SEN021,2026-05-20 01:17:06,2026-05-20,36.2,10.9,32.0
UNKNOWN,2026-03-01 11:29:44,2026-03-01,32.1,22.61,
SEN025,2026-01-21 23:06:51,2026-01-21,15.1,13.8,
SEN022,2026-08-16 01:44:50,2026-08-16,39.4,7.9,67.0
UNKNOWN,2026-06-29 09:31:33,2026-06-29,22.4,49.2,88.0
SEN020,2026-01-15 06:16:09,2026-01-15,34.1,9.4,95.0
SEN050,2026-06-14 04:39:15,2026-06-14,25.22,42.42,82.0
SEN013,2026-01-23 13:15:05,2026-01-23,20.6,5.2,76.0
SEN029,2026-06-15 03:29:02,2026-06-15,22.61,43.7,42.0
SEN008,2026-01-10 20:11:34,2026-01-10,38.72,8.89,79.0
SEN031,2026-08-07 23:05:00,2026-08-07,35.5,48.2,39.0
SEN033,2026-07-17 09:24:50,2026-07-17,24.1,,37.0
UNKNOWN,2026-05-17 21:10:54,2026-05-17,22.5,,78.0
SEN002,2026-05-08 07:18:36,2026-05-08,25.78,18.9,62.0
SEN045,2026-01-20 20:46:05,2026-01-20,31.0,43.69,74.0
SEN030,2026-08-09 15:48:24,2026-08-09,26.1,18.8,43.0
SEN009,2026-06-20 11:14:13,2026-06-20,34.5,44.2,34.0
SEN026,2026-02-27 00:49:11,2026-02-27,38.39,8.89,69.0
SEN040,2026-06-18 22:24:03,2026-06-18,26.3,18.8,39.0
SEN036,2026-09-06 17:35:00,2026-09-06,19.89,14.99,65.0
SEN022,2026-09-08 04:33:42,2026-09-08,25.7,39.37,
SEN016,2026-03-17 18:18:10,2026-03-17,25.5,18.8,47.0
SEN030,2026-01-19 09:10:12,2026-01-19,38.7,17.7,47.0
SEN042,2026-08-18 12:49:02,2026-08-18,20.28,11.18,31.0
SEN020,2026-07-25 07:03:07,2026-07-25,20.39,4.32,77.0
SEN002,2026-09-02 19:56:00,2026-09-02,38.61,42.6,
SEN019,2026-02-01 16:42:56,2026-02-01,24.1,7.87,57.0
SEN046,2026-07-16 15:48:10,2026-07-16,18.8,39.62,66.0
SEN041,2026-03-02 09:50:40,2026-03-02,18.4,8.4,73.0
SEN037,2026-09-02 22:16:46,2026-09-02,24.5,22.0,70.0
SEN025,2026-05-02 03:38:00,2026-05-02,24.8,7.0,39.0
SEN010,2026-07-21 22:50:28,2026-07-21,31.5,22.61,65.0
SEN034,2026-01-19 16:42:35,2026-01-19,24.9,35.1,58.0
SEN032,2026-08-25 13:20:37,2026-08-25,33.1,10.2,76.0
SEN004,2026-05-03 21:13:30,2026-05-03,32.3,40.1,65.0
SEN046,2026-06-13 08:04:42,2026-06-13,22.28,16.0,
SEN044,2026-05-15 06:33:03,2026-05-15,29.3,26.42,92.0
SEN026,2026-08-30 12:03:39,2026-08-30,22.11,40.4,53.0
SEN028,2026-01-02 08:53:12,2026-01-02,35.5,29.97,59.0
SEN028,2026-07-27 09:57:33,2026-07-27,25.61,39.6,62.0
SEN040,2026-02-23 21:58:00,2026-02-23,36.4,43.69,51.0
SEN028,2026-01-29 18:23:32,2026-01-29,33.5,9.2,94.0
SEN005,2026-03-29 03:34:35,2026-03-29,24.22,3.4,30.0
SEN034,2026-08-30 00:25:00,2026-08-30,32.22,29.97,42.0
SEN048,2026-06-04 04:11:12,2026-06-04,25.11,25.0,30.0
SEN039,2026-02-22 04:07:22,2026-02-22,16.4,24.7,78.0
UNKNOWN,2026-07-11 10:11:15,2026-07-11,32.6,49.1,38.0
SEN025,2026-08-13 02:57:08,2026-08-13,33.7,,
UNKNOWN,2026-05-17 22:26:23,2026-05-17,28.3,10.4,
SEN045,2026-02-01 22:05:34,2026-02-01,33.0,48.2,40.0
SEN031,2026-09-06 03:25:28,2026-09-06,24.9,29.72,78.0
SEN025,2026-02-28 00:00:00,2026-02-28,25.39,15.4,59.0
SEN033,2026-08-24 00:33:00,2026-08-24,36.3,34.8,
SEN025,2026-04-30 00:00:00,2026-04-30,31.61,31.5,52.0
SEN040,2026-08-22 12:09:27,2026-08-22,30.4,28.9,73.0
SEN039,2026-03-31 00:00:00,2026-03-31,39.2,31.0,71.0
SEN010,2026-01-16 20:07:25,2026-01-16,35.5,39.12,60.0
SEN026,2026-06-05 03:18:34,2026-06-05,15.5,14.73,53.0
SEN040,2026-06-07 17:02:43,2026-06-07,17.1,,49.0
SEN034,2026-06-16 17:05:41,2026-06-16,37.5,5.2,78.0
SEN040,2026-02-13 13:15:13,2026-02-13,19.5,24.4,32.0
SEN003,2026-08-02 08:56:00,2026-08-02,32.4,44.0,66.0
SEN029,2026-02-13 12:33:22,2026-02-13,37.78,15.1,42.0
SEN044,2026-07-08 18:37:25,2026-07-08,25.2,17.6,56.0
UNKNOWN,2026-05-02 09:11:58,2026-05-02,36.1,14.6,
SEN032,2026-05-29 12:29:19,2026-05-29,27.72,5.2,46.0
SEN039,2026-08-12 13:52:09,2026-08-12,39.22,28.7,35.0
SEN042,2026-08-18 07:52:34,2026-08-18,18.4,22.2,32.0
SEN018,2026-04-16 00:23:58,2026-04-16,17.9,38.8,
SEN030,2026-01-30 15:13:46,2026-01-30,31.39,11.5,59.0
SEN017,2026-07-02 10:27:58,2026-07-02,17.7,25.65,
SEN032,2026-08-23 23:15:00,2026-08-23,21.6,,62.0
SEN007,2026-07-24 08:21:24,2026-07-24,17.2,29.8,93.0
SEN034,2026-04-11 23:37:24,2026-04-11,22.9,45.8,62.0
SEN032,2026-09-02 06:35:49,2026-09-02,23.8,35.2,
SEN043,2026-07-29 23:39:06,2026-07-29,25.39,9.91,32.0
SEN016,2026-01-10 04:05:41,2026-01-10,22.8,38.61,50.0
SEN050,2026-01-29 04:37:52,2026-01-29,39.11,11.5,88.0
SEN029,2026-06-25 20:27:31,2026-06-25,22.61,3.9,82.0
SEN043,2026-07-20 08:35:35,2026-07-20,39.72,40.9,53.0
SEN030,2026-08-07 10:07:05,2026-08-07,31.39,33.5,52.0
SEN024,2026-04-06 16:18:36,2026-04-06,30.1,38.1,95.0
SEN036,2026-05-08 19:54:05,2026-05-08,27.8,23.37,69.0
SEN026,2026-04-08 04:19:57,2026-04-08,36.22,20.5,92.0
SEN025,2026-06-05 21:14:07,2026-06-05,38.39,42.0,78.0
SEN039,2026-04-09 06:53:21,2026-04-09,29.11,34.5,79.0
SEN019,2026-03-03 21:52:16,2026-03-03,29.8,21.08,58.0
SEN011,2026-05-26 02:42:21,2026-05-26,33.5,44.45,
SEN038,2026-06-08 21:45:54,2026-06-08,30.11,31.2,95.0
SEN017,2026-08-31 08:21:54,2026-08-31,26.6,3.81,
SEN024,2026-08-24 05:17:47,2026-08-24,25.3,49.53,40.0
SEN046,2026-08-23 18:08:33,2026-08-23,24.4,14.48,40.0
SEN019,2026-02-09 11:48:24,2026-02-09,35.5,27.5,47.0
SEN039,2026-01-28 12:10:08,2026-01-28,35.3,10.6,36.0
SEN011,2026-01-14 07:52:43,2026-01-14,26.39,30.9,89.0
SEN002,2026-07-24 13:25:00,2026-07-24,17.7,37.59,71.0
SEN047,2026-01-31 18:05:24,2026-01-31,20.22,27.3,69.0
SEN022,2026-07-02 00:00:00,2026-07-02,25.72,12.95,35.0
SEN018,2026-06-19 02:00:29,2026-06-19,18.0,36.1,49.0
SEN043,2026-05-03 12:05:13,2026-05-03,39.0,8.5,58.0
SEN012,2026-05-18 06:37:34,2026-05-18,25.0,28.7,69.0
SEN006,2026-07-21 00:00:35,2026-07-21,26.28,,48.0
SEN038,2026-01-25 16:05:40,2026-01-25,30.1,,91.0
SEN036,2026-08-29 23:12:54,2026-08-29,23.3,2.7,52.0
SEN047,2026-04-16 12:55:05,2026-04-16,30.89,,82.0
SEN044,2026-07-31 14:21:06,2026-07-31,23.1,13.72,41.0
UNKNOWN,2026-05-26 20:38:20,2026-05-26,27.22,5.8,95.0
SEN018,2026-04-08 02:14:51,2026-04-08,21.6,28.1,74.0
SEN036,2026-04-26 10:01:48,2026-04-26,18.5,14.22,54.0
SEN007,2026-07-08 18:15:41,2026-07-08,35.7,8.38,40.0
SEN020,2026-01-01 03:40:53,2026-01-01,31.28,32.51,68.0
SEN049,2026-03-12 22:56:00,2026-03-12,17.28,23.37,56.0
SEN016,2026-02-17 05:12:14,2026-02-17,21.7,11.68,
SEN034,2026-01-08 10:16:00,2026-01-08,34.78,,50.0
SEN029,2026-06-11 13:16:17,2026-06-11,39.5,47.8,48.0
SEN020,2026-05-16 03:55:13,2026-05-16,21.9,40.6,78.0
SEN017,2026-06-22 06:56:03,2026-06-22,21.5,43.9,90.0
SEN030,2026-01-01 18:46:36,2026-01-01,35.3,27.69,87.0
SEN049,2026-05-23 10:24:02,2026-05-23,34.0,13.21,74.0
SEN007,2026-07-02 15:59:36,2026-07-02,38.5,49.7,74.0
SEN033,2026-02-12 07:16:49,2026-02-12,34.5,29.46,51.0
SEN009,2026-04-09 22:07:55,2026-04-09,17.5,1.9,70.0
SEN037,2026-03-05 22:17:37,2026-03-05,26.0,9.1,85.0
SEN023,2026-01-07 18:57:46,2026-01-07,21.61,,79.0
SEN048,2026-03-11 09:17:58,2026-03-11,22.89,22.35,44.0
SEN033,2026-02-14 03:53:00,2026-02-14,20.61,31.7,53.0
SEN026,2026-08-14 08:10:20,2026-08-14,30.9,45.5,32.0
SEN005,2026-07-23 05:40:28,2026-07-23,19.89,13.4,59.0
SEN004,2026-02-25 17:54:19,2026-02-25,23.6,,89.0
SEN005,2026-05-04 10:11:56,2026-05-04,22.6,19.0,42.0
SEN033,2026-08-20 15:20:44,2026-08-20,23.5,36.2,
SEN007,2026-06-26 06:51:30,2026-06-26,32.72,,31.0
SEN022,2026-03-12 14:31:01,2026-03-12,22.5,,58.0
SEN024,2026-03-26 00:59:37,2026-03-26,34.9,47.4,51.0
SEN015,2026-01-14 06:57:47,2026-01-14,15.22,21.5,95.0
UNKNOWN,2026-02-23 20:20:11,2026-02-23,28.61,44.2,33.0
SEN033,2026-07-25 22:51:39,2026-07-25,23.89,,54.0
SEN017,2026-07-05 03:54:36,2026-07-05,19.78,,
SEN033,2026-07-08 08:07:38,2026-07-08,32.0,46.74,75.0
SEN003,2026-05-24 20:42:07,2026-05-24,31.8,1.4,87.0
SEN039,2026-02-02 12:28:16,2026-02-02,15.2,22.61,60.0
SEN032,2026-09-08 03:25:00,2026-09-08,25.11,7.11,40.0
SEN023,2026-04-30 04:10:38,2026-04-30,27.5,,
SEN026,2026-03-06 15:15:28,2026-03-06,37.61,,91.0
SEN022,2026-04-09 23:16:32,2026-04-09,27.5,5.7,47.0
SEN049,2026-02-27 22:37:47,2026-02-27,34.0,16.26,31.0
SEN040,2026-06-16 23:07:24,2026-06-16,15.78,46.8,36.0
SEN001,2026-07-30 02:53:12,2026-07-30,17.39,6.1,79.0
SEN029,2026-01-19 16:08:26,2026-01-19,38.8,2.2,74.0
SEN016,2026-02-09 23:22:01,2026-02-09,37.1,,93.0
SEN037,2026-02-08 17:10:30,2026-02-08,35.78,17.6,31.0
SEN041,2026-03-22 00:10:26,2026-03-22,22.5,,69.0
SEN003,2026-01-19 10:18:21,2026-01-19,15.89,11.18,87.0
SEN022,2026-02-27 08:59:07,2026-02-27,29.9,10.2,31.0
SEN032,2026-08-02 15:04:45,2026-08-02,16.2,43.4,49.0
SEN039,2026-06-26 13:49:04,2026-06-26,23.5,17.2,53.0
SEN014,2026-01-13 17:57:13,2026-01-13,30.11,33.02,90.0
SEN047,2026-07-06 17:34:34,2026-07-06,25.7,17.78,56.0
SEN047,2026-06-30 08:11:23,2026-06-30,28.7,,85.0
UNKNOWN,2026-08-28 14:36:53,2026-08-28,32.28,19.5,55.0
SEN008,2026-06-16 22:42:22,2026-06-16,38.5,15.24,30.0
SEN001,2026-01-02 13:04:57,2026-01-02,35.7,38.1,70.0
SEN048,2026-07-30 22:55:27,2026-07-30,35.61,40.2,90.0
SEN009,2026-01-23 18:23:49,2026-01-23,30.6,34.3,49.0
UNKNOWN,2026-08-02 20:54:50,2026-08-02,36.0,9.2,86.0
SEN027,2026-03-02 05:08:14,2026-03-02,27.9,33.27,67.0
SEN042,2026-05-05 16:53:05,2026-05-05,16.9,30.48,58.0
SEN034,2026-08-09 02:32:21,2026-08-09,27.5,7.1,69.0
SEN012,2026-08-11 14:55:01,2026-08-11,30.3,45.5,87.0
SEN031,2026-08-12 15:39:28,2026-08-12,16.78,2.1,45.0
SEN033,2026-04-15 20:20:29,2026-04-15,24.28,41.3,85.0
SEN049,2026-06-21 11:55:15,2026-06-21,20.3,10.7,48.0
SEN044,2026-04-28 00:04:35,2026-04-28,21.5,0.0,87.0
SEN044,2026-05-04 02:51:48,2026-05-04,17.2,41.91,58.0
SEN045,2026-01-03 07:48:06,2026-01-03,24.6,16.76,55.0
SEN026,2026-07-25 08:26:43,2026-07-25,33.72,9.4,81.0
SEN034,2026-09-07 12:08:27,2026-09-07,26.11,15.3,53.0
SEN034,2026-04-14 21:56:21,2026-04-14,32.3,,89.0
SEN028,2026-03-29 01:23:12,2026-03-29,37.6,29.3,62.0
SEN014,2026-02-05 02:12:42,2026-02-05,24.3,,77.0
SEN039,2026-01-28 03:19:03,2026-01-28,38.8,42.5,58.0
SEN023,2026-03-23 01:46:57,2026-03-23,33.5,9.5,43.0
SEN019,2026-03-19 15:01:57,2026-03-19,30.8,50.0,69.0
SEN011,2026-02-25 08:53:15,2026-02-25,38.5,,31.0
SEN041,2026-09-01 00:09:43,2026-09-01,26.2,38.7,89.0
SEN049,2026-07-08 00:00:00,2026-07-08,17.72,14.7,32.0
SEN025,2026-07-04 20:32:16,2026-07-04,21.39,30.48,31.0
SEN045,2026-09-04 11:47:14,2026-09-04,33.3,,67.0
SEN018,2026-01-20 16:04:35,2026-01-20,38.1,8.0,80.0
SEN035,2026-04-21 06:45:00,2026-04-21,18.61,44.2,82.0
SEN017,2026-06-18 10:39:51,2026-06-18,15.5,7.87,
SEN009,2026-08-21 06:31:52,2026-08-21,33.89,15.24,60.0
SEN028,2026-04-05 20:17:10,2026-04-05,30.5,37.1,
SEN018,2026-04-18 10:53:00,2026-04-18,30.0,28.7,
SEN002,2026-03-02 02:25:56,2026-03-02,35.1,,40.0
SEN033,2026-04-22 11:06:23,2026-04-22,26.4,49.5,62.0
SEN022,2026-01-25 20:32:05,2026-01-25,35.9,17.27,40.0
SEN021,2026-01-01 10:22:29,2026-01-01,22.5,25.0,68.0
SEN001,2026-08-17 06:18:44,2026-08-17,18.6,23.5,43.0
SEN005,2026-06-12 12:42:32,2026-06-12,35.61,35.2,93.0
SEN043,2026-01-14 12:56:33,2026-01-14,23.9,15.0,77.0
SEN029,2026-01-30 21:18:32,2026-01-30,18.0,27.69,36.0
SEN004,2026-03-24 21:08:36,2026-03-24,30.6,35.8,79.0
SEN031,2026-06-26 19:46:16,2026-06-26,24.0,,53.0
SEN038,2026-03-13 22:28:17,2026-03-13,36.0,43.1,87.0
SEN038,2026-01-04 02:32:14,2026-01-04,38.4,3.3,77.0
SEN028,2026-05-02 18:31:05,2026-05-02,34.3,0.3,33.0
SEN005,2026-01-09 14:03:00,2026-01-09,36.8,1.0,54.0
SEN032,2026-08-14 22:56:04,2026-08-14,30.2,48.7,
SEN034,2026-07-26 22:42:01,2026-07-26,21.5,,91.0
SEN043,2026-03-19 02:13:00,2026-03-19,16.22,15.7,66.0
SEN015,2026-05-26 12:42:50,2026-05-26,26.1,13.2,72.0
SEN027,2026-06-20 03:21:12,2026-06-20,20.72,2.8,65.0
SEN008,2026-08-24 06:17:57,2026-08-24,39.3,19.81,91.0
SEN019,2026-07-24 16:29:35,2026-07-24,39.8,,71.0
SEN002,2026-04-12 18:21:32,2026-04-12,30.9,32.6,53.0
SEN025,2026-03-15 17:11:02,2026-03-15,21.2,,81.0
SEN006,2026-08-19 03:17:42,2026-08-19,22.28,4.7,94.0
SEN032,2026-02-26 15:16:17,2026-02-26,34.2,41.0,53.0
SEN008,2026-08-08 17:40:00,2026-08-08,37.1,33.27,60.0
SEN026,2026-01-11 17:32:12,2026-01-11,38.5,,78.0
SEN039,2026-05-11 11:19:55,2026-05-11,20.11,16.7,91.0
SEN030,2026-01-21 21:54:07,2026-01-21,17.4,14.9,88.0
SEN011,2026-02-07 22:59:00,2026-02-07,36.8,1.2,60.0
SEN044,2026-07-29 12:37:06,2026-07-29,15.3,11.7,58.0
SEN019,2026-01-04 00:51:57,2026-01-04,38.8,35.31,82.0
SEN050,2026-06-20 18:14:29,2026-06-20,29.6,0.7,83.0
SEN028,2026-05-02 00:30:19,2026-05-02,18.4,14.1,42.0
SEN037,2026-04-23 04:16:50,2026-04-23,19.28,24.8,
SEN050,2026-08-19 19:08:37,2026-08-19,18.3,36.7,51.0
SEN044,2026-03-27 09:58:14,2026-03-27,28.72,2.7,92.0
SEN047,2026-01-06 14:16:46,2026-01-06,21.22,24.8,92.0
SEN008,2026-02-09 13:10:07,2026-02-09,23.7,38.9,79.0
SEN012,2026-01-05 09:19:00,2026-01-05,39.1,28.0,
UNKNOWN,2026-05-16 05:41:23,2026-05-16,17.28,1.7,60.0
SEN023,2026-06-12 22:31:59,2026-06-12,19.9,25.6,68.0
SEN048,2026-06-25 06:22:15,2026-06-25,32.6,29.7,48.0
SEN032,2026-02-09 22:11:41,2026-02-09,30.9,27.1,45.0
SEN025,2026-01-27 02:40:50,2026-01-27,22.22,,77.0
UNKNOWN,2026-08-16 19:26:35,2026-08-16,33.3,,77.0
UNKNOWN,2026-06-18 10:49:35,2026-06-18,33.2,,79.0
SEN005,2026-05-21 04:43:04,2026-05-21,22.1,49.2,91.0
SEN037,2026-01-05 10:41:46,2026-01-05,17.2,36.6,94.0
SEN045,2026-04-01 20:20:32,2026-04-01,34.9,24.6,88.0
SEN034,2026-01-14 14:51:31,2026-01-14,19.0,46.2,
SEN048,2026-01-20 05:45:16,2026-01-20,20.72,4.8,30.0
SEN010,2026-01-02 16:17:44,2026-01-02,21.0,46.23,65.0
SEN026,2026-07-01 06:34:00,2026-07-01,36.0,42.6,76.0
SEN013,2026-08-01 20:38:53,2026-08-01,31.4,,82.0
SEN040,2026-07-17 09:56:35,2026-07-17,17.5,4.06,74.0
SEN002,2026-06-23 20:16:28,2026-06-23,24.3,1.3,30.0
SEN022,2026-05-07 01:22:00,2026-05-07,25.7,,90.0
SEN036,2026-09-01 14:38:20,2026-09-01,33.9,,49.0
SEN017,2026-01-12 20:12:42,2026-01-12,18.7,39.0,44.0
SEN006,2026-06-06 00:23:34,2026-06-06,24.0,26.1,
SEN008,2026-01-21 00:40:00,2026-01-21,37.3,13.4,49.0
SEN026,2026-02-12 00:11:59,2026-02-12,17.0,49.53,81.0
SEN038,2026-09-07 17:55:25,2026-09-07,17.2,24.6,
SEN015,2026-05-01 09:24:15,2026-05-01,25.0,36.07,57.0
SEN015,2026-06-25 16:56:22,2026-06-25,31.4,7.87,77.0
SEN039,2026-05-15 22:52:00,2026-05-15,21.39,,49.0
SEN044,2026-03-22 00:00:00,2026-03-22,26.8,42.93,48.0
SEN020,2026-05-18 05:06:29,2026-05-18,22.1,33.02,75.0
SEN013,2026-04-03 03:08:35,2026-04-03,23.89,,51.0
SEN044,2026-03-02 05:27:00,2026-03-02,33.1,23.5,30.0
SEN003,2026-08-10 11:14:04,2026-08-10,23.39,,83.0
SEN045,2026-06-22 06:51:40,2026-06-22,31.78,,55.0
SEN012,2026-04-12 10:53:07,2026-04-12,22.61,25.9,78.0
SEN037,2026-08-12 09:06:09,2026-08-12,39.6,18.0,36.0
SEN007,2026-02-15 10:49:25,2026-02-15,26.61,3.6,
SEN013,2026-04-13 11:45:00,2026-04-13,25.9,45.72,44.0
SEN029,2026-06-19 05:22:42,2026-06-19,26.7,3.7,78.0
SEN035,2026-04-02 04:18:20,2026-04-02,22.72,9.2,91.0
SEN043,2026-05-06 07:12:59,2026-05-06,37.72,23.9,
SEN040,2026-03-25 07:40:11,2026-03-25,37.4,26.8,49.0
SEN036,2026-08-02 18:42:25,2026-08-02,23.8,7.2,91.0
SEN026,2026-02-26 14:44:27,2026-02-26,24.5,25.4,64.0
SEN011,2026-06-21 12:34:12,2026-06-21,37.22,40.39,84.0
SEN002,2026-04-05 11:15:17,2026-04-05,39.7,36.3,30.0
SEN031,2026-08-03 19:30:56,2026-08-03,24.72,18.5,54.0
SEN035,2026-01-17 23:49:20,2026-01-17,25.8,48.2,87.0
SEN035,2026-08-31 13:50:01,2026-08-31,32.4,1.6,58.0
SEN049,2026-02-06 20:00:00,2026-02-06,26.2,40.39,
SEN041,2026-05-05 11:47:46,2026-05-05,18.11,23.3,
SEN050,2026-08-26 05:59:46,2026-08-26,33.0,1.8,33.0
SEN024,2026-05-04 17:04:13,2026-05-04,38.0,,37.0
SEN028,2026-01-07 10:46:50,2026-01-07,18.89,21.1,55.0
SEN016,2026-02-04 10:15:40,2026-02-04,39.8,,86.0
SEN036,2026-09-07 17:32:00,2026-09-07,17.7,9.4,35.0
SEN018,2026-03-15 09:46:57,2026-03-15,16.2,,69.0
SEN030,2026-03-15 23:42:53,2026-03-15,25.72,15.0,35.0
SEN003,2026-02-19 13:43:27,2026-02-19,22.11,13.2,83.0
SEN015,2026-03-19 03:39:19,2026-03-19,15.5,36.5,95.0
SEN039,2026-06-29 05:22:10,2026-06-29,23.8,8.8,58.0
SEN035,2026-05-16 04:21:00,2026-05-16,20.28,23.62,80.0
SEN010,2026-06-27 04:28:12,2026-06-27,40.0,,32.0
SEN041,2026-03-15 11:11:42,2026-03-15,16.0,,59.0
SEN017,2026-04-23 15:55:39,2026-04-23,18.78,40.89,
SEN008,2026-06-06 18:56:32,2026-06-06,17.78,34.04,57.0
SEN021,2026-04-20 11:41:41,2026-04-20,17.9,9.4,32.0
SEN033,2026-02-22 07:25:36,2026-02-22,17.1,19.81,89.0
SEN037,2026-03-22 21:01:14,2026-03-22,38.39,31.9,69.0
SEN040,2026-03-01 09:56:33,2026-03-01,19.3,7.11,90.0
SEN012,2026-04-14 23:09:58,2026-04-14,34.4,40.8,44.0
SEN028,2026-06-28 23:06:38,2026-06-28,22.2,27.43,56.0
SEN032,2026-05-13 00:49:20,2026-05-13,36.9,3.7,75.0
SEN049,2026-03-24 03:03:20,2026-03-24,30.39,0.5,56.0
UNKNOWN,2026-08-08 09:03:45,2026-08-08,24.0,,33.0
SEN050,2026-01-29 07:39:41,2026-01-29,28.11,46.0,67.0
SEN022,2026-08-28 18:59:10,2026-08-28,28.11,49.1,70.0
SEN043,2026-04-03 18:53:13,2026-04-03,17.4,,83.0
SEN004,2026-02-01 21:02:49,2026-02-01,37.5,3.8,34.0
SEN015,2026-05-21 05:49:00,2026-05-21,29.2,25.6,73.0
SEN026,2026-06-25 05:51:31,2026-06-25,39.5,5.08,63.0
UNKNOWN,2026-04-12 11:11:00,2026-04-12,35.7,18.8,54.0
SEN034,2026-02-12 22:03:49,2026-02-12,32.7,,58.0
SEN002,2026-01-01 18:44:41,2026-01-01,17.4,,51.0
SEN041,2026-02-24 05:38:16,2026-02-24,37.39,28.3,89.0
SEN016,2026-09-03 14:25:34,2026-09-03,16.6,37.3,74.0
SEN019,2026-06-18 14:41:25,2026-06-18,36.22,23.3,83.0
SEN006,2026-02-12 02:33:10,2026-02-12,22.72,43.8,84.0
SEN046,2026-01-25 02:09:28,2026-01-25,23.28,,70.0
SEN039,2026-03-10 00:46:17,2026-03-10,25.22,15.6,72.0
SEN008,2026-05-11 21:13:00,2026-05-11,27.5,6.8,87.0
SEN023,2026-02-04 07:32:37,2026-02-04,18.5,40.6,65.0
SEN028,2026-07-30 19:49:13,2026-07-30,27.89,,32.0
SEN017,2026-06-11 18:50:33,2026-06-11,20.4,13.4,95.0
UNKNOWN,2026-04-13 19:45:43,2026-04-13,22.0,26.2,36.0
SEN041,2026-04-14 18:41:10,2026-04-14,39.78,38.6,43.0
SEN038,2026-05-19 19:04:36,2026-05-19,35.2,6.6,58.0
SEN008,2026-04-21 09:46:40,2026-04-21,31.9,21.8,93.0
SEN045,2026-04-07 16:55:55,2026-04-07,27.5,8.89,78.0
SEN046,2026-06-26 08:35:00,2026-06-26,26.7,36.4,77.0
SEN047,2026-03-29 16:50:08,2026-03-29,20.8,14.6,45.0
SEN016,2026-04-09 02:56:53,2026-04-09,18.89,3.3,41.0
SEN010,2026-06-29 21:57:21,2026-06-29,36.6,21.7,50.0
SEN017,2026-08-25 09:10:29,2026-08-25,37.28,5.7,34.0
SEN048,2026-04-23 06:13:18,2026-04-23,15.3,4.4,66.0
SEN014,2026-05-13 17:53:24,2026-05-13,24.0,12.7,66.0
SEN042,2026-01-02 20:07:00,2026-01-02,27.9,,
SEN008,2026-06-10 13:03:29,2026-06-10,26.2,18.03,43.0
SEN043,2026-02-28 23:59:27,2026-02-28,21.4,,92.0
SEN021,2026-01-21 17:06:04,2026-01-21,22.2,35.8,66.0
SEN020,2026-04-01 23:05:32,2026-04-01,32.5,4.06,67.0
SEN034,2026-02-25 15:41:17,2026-02-25,34.3,33.4,37.0
SEN039,2026-08-13 08:09:52,2026-08-13,29.1,28.96,88.0
SEN037,2026-02-28 22:46:58,2026-02-28,36.3,19.5,
SEN006,2026-05-24 13:38:33,2026-05-24,18.3,28.9,56.0
SEN031,2026-02-23 20:07:37,2026-02-23,17.2,,
SEN011,2026-04-23 14:18:48,2026-04-23,16.5,39.88,69.0
SEN001,2026-09-08 04:47:52,2026-09-08,24.9,31.8,74.0
SEN018,2026-07-21 02:00:19,2026-07-21,39.6,11.5,42.0
SEN005,2026-02-18 14:18:21,2026-02-18,20.9,35.1,
SEN003,2026-08-02 06:55:54,2026-08-02,16.78,1.6,
SEN042,2026-04-13 00:00:00,2026-04-13,38.22,3.4,52.0
SEN018,2026-07-09 16:43:12,2026-07-09,35.89,36.1,67.0
SEN014,2026-04-01 07:02:28,2026-04-01,17.2,30.7,62.0
SEN019,2026-07-11 21:35:22,2026-07-11,20.72,4.1,47.0
SEN035,2026-05-11 12:52:51,2026-05-11,33.2,40.9,72.0
SEN027,2026-08-31 16:53:42,2026-08-31,22.7,44.0,94.0
SEN035,2026-02-25 07:51:00,2026-02-25,28.4,6.1,81.0
SEN015,2026-04-07 19:15:46,2026-04-07,31.61,20.9,39.0
SEN048,2026-02-11 01:31:43,2026-02-11,26.1,40.1,79.0
SEN002,2026-01-15 19:56:54,2026-01-15,22.11,39.5,53.0
SEN004,2026-08-02 20:21:51,2026-08-02,17.0,27.94,69.0
SEN019,2026-05-26 05:15:23,2026-05-26,20.89,46.74,56.0
SEN047,2026-01-16 01:03:45,2026-01-16,32.1,30.5,80.0
SEN024,2026-08-11 12:43:05,2026-08-11,22.22,5.0,88.0
SEN013,2026-04-07 18:51:11,2026-04-07,21.39,,
SEN027,2026-04-08 01:45:00,2026-04-08,16.9,42.8,36.0
SEN022,2026-01-31 14:27:29,2026-01-31,26.39,,42.0
SEN019,2026-02-08 19:44:41,2026-02-08,22.1,0.7,35.0
SEN050,2026-04-10 14:11:15,2026-04-10,37.3,48.8,83.0
SEN034,2026-05-31 19:53:49,2026-05-31,27.5,,44.0
SEN005,2026-01-12 20:28:06,2026-01-12,25.0,45.72,30.0
UNKNOWN,2026-04-04 17:47:00,2026-04-04,38.5,,72.0
SEN025,2026-03-28 23:02:13,2026-03-28,25.5,39.6,67.0
SEN041,2026-09-06 02:12:16,2026-09-06,17.61,15.1,78.0
SEN033,2026-08-08 03:42:18,2026-08-08,31.4,21.4,31.0
SEN036,2026-09-01 22:52:00,2026-09-01,26.7,23.37,95.0
SEN046,2026-05-09 03:24:50,2026-05-09,16.89,30.5,83.0
SEN044,2026-08-02 08:49:24,2026-08-02,17.9,8.4,42.0
SEN014,2026-01-29 17:26:18,2026-01-29,29.72,,41.0
SEN005,2026-07-15 00:32:00,2026-07-15,31.5,26.2,65.0
SEN015,2026-08-11 20:33:15,2026-08-11,20.2,18.6,34.0
SEN045,2026-05-29 01:53:52,2026-05-29,34.3,7.4,
SEN029,2026-06-21 21:03:54,2026-06-21,29.1,34.3,52.0
SEN024,2026-07-19 09:20:12,2026-07-19,23.3,16.0,83.0
SEN044,2026-06-07 20:19:14,2026-06-07,31.89,47.9,44.0
SEN022,2026-08-21 00:19:57,2026-08-21,32.3,23.8,31.0
SEN008,2026-08-01 23:38:00,2026-08-01,38.4,19.56,53.0
SEN046,2026-01-22 08:52:00,2026-01-22,39.0,18.4,
SEN031,2026-07-19 00:59:42,2026-07-19,18.2,29.21,71.0
SEN034,2026-01-28 04:20:51,2026-01-28,27.22,,95.0
SEN045,2026-07-21 18:43:27,2026-07-21,15.7,15.6,81.0
SEN042,2026-05-27 12:24:25,2026-05-27,34.22,33.1,46.0
SEN018,2026-04-13 17:26:11,2026-04-13,39.8,45.9,60.0
SEN046,2026-06-04 00:45:56,2026-06-04,18.1,29.6,91.0
SEN030,2026-02-07 17:14:49,2026-02-07,31.4,,
SEN042,2026-04-20 07:16:36,2026-04-20,20.61,12.5,40.0
SEN016,2026-03-28 03:17:00,2026-03-28,34.0,39.62,59.0
SEN007,2026-01-13 05:43:28,2026-01-13,29.6,2.0,36.0
SEN022,2026-04-01 00:30:10,2026-04-01,18.5,9.9,59.0
SEN044,2026-02-04 07:31:00,2026-02-04,35.22,26.5,42.0
SEN021,2026-06-19 06:14:43,2026-06-19,26.9,3.81,79.0
SEN042,2026-04-26 00:37:29,2026-04-26,30.3,33.5,
SEN021,2026-03-19 22:10:12,2026-03-19,30.0,14.48,93.0
SEN043,2026-01-11 08:58:48,2026-01-11,34.1,39.9,32.0
SEN046,2026-08-13 20:46:46,2026-08-13,21.6,16.3,43.0
SEN004,2026-08-24 13:12:36,2026-08-24,34.9,3.7,93.0
SEN011,2026-08-04 14:36:29,2026-08-04,16.0,11.1,70.0
SEN004,2026-02-04 23:56:00,2026-02-04,33.22,48.01,57.0
SEN022,2026-04-01 03:50:29,2026-04-01,26.11,7.4,
SEN014,2026-01-15 00:46:57,2026-01-15,28.0,13.1,
SEN004,2026-08-26 11:25:43,2026-08-26,33.22,,
SEN038,2026-05-15 23:33:59,2026-05-15,27.9,11.9,55.0
SEN033,2026-07-11 00:50:57,2026-07-11,20.78,26.92,
SEN012,2026-06-05 11:34:12,2026-06-05,35.9,17.02,87.0
SEN019,2026-09-06 10:32:15,2026-09-06,24.1,2.9,
SEN003,2026-05-26 23:52:37,2026-05-26,34.28,20.57,42.0
SEN021,2026-05-23 14:33:53,2026-05-23,32.28,37.59,52.0
SEN032,2026-02-21 21:26:30,2026-02-21,31.0,26.42,62.0
UNKNOWN,2026-08-24 10:10:18,2026-08-24,17.78,24.38,73.0
SEN030,2026-04-21 09:22:42,2026-04-21,25.5,44.6,63.0
SEN005,2026-05-19 10:22:45,2026-05-19,31.11,12.19,95.0
SEN016,2026-08-02 09:13:37,2026-08-02,33.1,7.9,88.0
SEN018,2026-01-11 17:33:28,2026-01-11,16.1,,50.0
SEN013,2026-01-02 20:01:56,2026-01-02,33.6,27.3,90.0
SEN010,2026-05-27 01:18:25,2026-05-27,35.7,40.5,77.0
SEN014,2026-09-02 15:22:18,2026-09-02,32.2,23.0,32.0
SEN003,2026-02-28 03:56:14,2026-02-28,21.9,0.0,53.0
SEN007,2026-01-20 21:15:17,2026-01-20,16.1,4.0,67.0
SEN041,2026-08-26 14:01:50,2026-08-26,32.0,37.2,
SEN043,2026-05-29 00:00:00,2026-05-29,19.0,6.2,80.0
SEN013,2026-07-22 14:20:51,2026-07-22,37.0,34.29,59.0
SEN005,2026-03-29 05:00:43,2026-03-29,21.8,2.5,
SEN006,2026-03-22 23:34:41,2026-03-22,21.39,0.25,69.0
SEN050,2026-01-22 14:38:02,2026-01-22,22.9,30.2,42.0
SEN043,2026-07-30 04:32:02,2026-07-30,24.4,28.7,61.0
SEN012,2026-02-19 00:00:00,2026-02-19,25.1,36.58,70.0
SEN045,2026-07-14 19:15:01,2026-07-14,23.0,49.28,81.0
SEN015,2026-08-21 05:37:59,2026-08-21,25.39,15.75,69.0
SEN024,2026-06-16 03:59:57,2026-06-16,26.2,28.19,82.0
SEN037,2026-05-06 18:48:26,2026-05-06,23.2,33.78,37.0
SEN012,2026-01-24 00:00:00,2026-01-24,21.0,43.9,79.0
SEN024,2026-04-30 01:35:32,2026-04-30,37.89,30.7,90.0
SEN042,2026-03-21 04:01:33,2026-03-21,23.6,40.2,
SEN004,2026-02-07 00:00:00,2026-02-07,36.4,8.8,60.0
SEN006,2026-05-31 20:29:39,2026-05-31,38.0,13.21,
SEN035,2026-09-07 20:51:52,2026-09-07,24.61,16.5,91.0
SEN028,2026-01-08 02:19:50,2026-01-08,17.22,6.3,94.0
SEN033,2026-06-18 04:55:40,2026-06-18,23.7,,63.0
SEN011,2026-04-18 07:35:10,2026-04-18,24.2,20.0,45.0
UNKNOWN,2026-01-08 06:39:53,2026-01-08,16.2,27.9,91.0
SEN024,2026-05-28 03:16:41,2026-05-28,36.4,31.8,70.0
SEN014,2026-01-21 22:28:49,2026-01-21,28.7,,62.0
SEN031,2026-03-31 01:35:09,2026-03-31,21.2,39.88,33.0
SEN048,2026-08-26 11:24:56,2026-08-26,31.5,28.5,48.0
SEN017,2026-01-18 19:36:12,2026-01-18,31.5,15.4,85.0
SEN022,2026-04-25 12:34:54,2026-04-25,31.28,,85.0
SEN010,2026-05-21 18:08:55,2026-05-21,25.89,4.0,
SEN031,2026-08-19 12:01:02,2026-08-19,31.2,5.84,44.0
SEN029,2026-04-10 08:24:27,2026-04-10,39.11,42.7,84.0
UNKNOWN,2026-03-07 11:16:17,2026-03-07,31.11,11.0,79.0
SEN031,2026-02-25 22:41:37,2026-02-25,33.61,40.3,76.0
SEN033,2026-04-13 16:04:56,2026-04-13,37.2,46.7,46.0
SEN048,2026-06-10 01:12:12,2026-06-10,35.2,10.4,76.0
SEN046,2026-05-30 12:44:53,2026-05-30,28.3,46.99,69.0
SEN025,2026-01-12 20:09:39,2026-01-12,23.3,1.9,66.0
SEN035,2026-03-02 17:25:34,2026-03-02,38.22,20.6,45.0
SEN010,2026-04-18 13:15:37,2026-04-18,22.28,41.66,33.0
SEN010,2026-03-13 05:20:00,2026-03-13,39.89,6.5,84.0
SEN036,2026-01-28 21:52:00,2026-01-28,22.11,41.91,42.0
SEN040,2026-06-12 20:08:06,2026-06-12,19.39,34.1,36.0
SEN011,2026-02-20 10:12:00,2026-02-20,17.39,,30.0
SEN020,2026-03-17 22:39:17,2026-03-17,23.7,,92.0
SEN037,2026-09-03 13:50:49,2026-09-03,28.61,,53.0
SEN049,2026-03-15 20:21:45,2026-03-15,37.28,43.2,86.0
SEN050,2026-03-19 10:18:53,2026-03-19,38.89,22.35,68.0
SEN038,2026-06-10 19:57:57,2026-06-10,29.4,19.8,59.0
SEN026,2026-06-11 09:17:09,2026-06-11,15.2,27.6,78.0
SEN012,2026-02-20 00:00:00,2026-02-20,21.7,,65.0
SEN008,2026-03-31 10:09:03,2026-03-31,30.1,,37.0
SEN009,2026-04-09 23:30:23,2026-04-09,23.3,26.2,75.0
SEN010,2026-01-02 00:32:23,2026-01-02,16.5,,44.0
SEN032,2026-05-02 09:21:24,2026-05-02,18.6,1.1,35.0
SEN025,2026-06-12 13:00:12,2026-06-12,30.4,28.7,64.0
SEN026,2026-03-04 05:41:31,2026-03-04,33.28,30.3,46.0
SEN049,2026-08-24 08:41:31,2026-08-24,15.11,30.8,34.0
SEN034,2026-08-04 02:01:49,2026-08-04,26.9,,78.0
SEN010,2026-06-05 16:39:12,2026-06-05,37.78,,51.0
SEN022,2026-02-16 04:24:39,2026-02-16,19.5,3.6,81.0
SEN004,2026-01-27 03:26:19,2026-01-27,18.9,,86.0
SEN033,2026-06-06 10:32:38,2026-06-06,31.6,,53.0
SEN017,2026-02-21 16:46:35,2026-02-21,35.0,46.99,37.0
SEN033,2026-03-20 11:20:03,2026-03-20,32.7,8.4,
SEN007,2026-02-18 08:54:09,2026-02-18,36.72,46.7,86.0
SEN010,2026-01-01 00:58:31,2026-01-01,38.5,7.7,
SEN014,2026-08-24 03:05:00,2026-08-24,23.2,,62.0
SEN038,2026-02-14 07:37:50,2026-02-14,20.3,24.38,42.0
SEN019,2026-07-10 10:24:55,2026-07-10,20.5,37.5,95.0
SEN045,2026-07-29 01:37:00,2026-07-29,36.61,28.6,75.0
SEN034,2026-07-27 07:46:28,2026-07-27,22.1,47.4,42.0
SEN017,2026-07-01 12:11:26,2026-07-01,27.3,16.0,59.0
SEN031,2026-01-21 21:47:25,2026-01-21,29.2,34.1,54.0
SEN026,2026-05-11 23:32:38,2026-05-11,29.61,21.9,92.0
SEN048,2026-04-16 16:55:44,2026-04-16,21.22,30.6,94.0
SEN029,2026-07-29 21:15:00,2026-07-29,24.4,39.62,54.0
SEN050,2026-05-05 13:14:55,2026-05-05,34.1,1.8,54.0
SEN011,2026-03-26 16:37:09,2026-03-26,25.89,,74.0
SEN036,2026-07-25 05:56:16,2026-07-25,28.22,34.04,33.0
SEN001,2026-03-03 15:00:23,2026-03-03,24.28,,64.0
SEN019,2026-04-14 01:54:00,2026-04-14,15.89,16.51,66.0
SEN004,2026-07-14 08:33:33,2026-07-14,28.22,16.7,87.0
SEN022,2026-01-14 01:46:56,2026-01-14,31.0,,78.0
UNKNOWN,2026-02-01 10:53:00,2026-02-01,26.5,4.0,52.0
SEN048,2026-09-01 06:40:40,2026-09-01,25.9,12.7,65.0
SEN002,2026-07-12 02:59:07,2026-07-12,34.1,,
SEN050,2026-08-31 06:01:21,2026-08-31,39.0,3.3,39.0
SEN015,2026-01-21 00:24:47,2026-01-21,20.28,32.2,
SEN011,2026-05-27 00:18:23,2026-05-27,37.0,,
SEN025,2026-02-18 10:26:19,2026-02-18,21.28,18.6,44.0
SEN029,2026-08-11 06:38:42,2026-08-11,18.72,15.7,93.0
SEN042,2026-06-22 23:11:44,2026-06-22,19.61,16.7,81.0
SEN011,2026-08-09 09:01:00,2026-08-09,28.9,31.3,51.0
SEN047,2026-08-01 00:10:29,2026-08-01,21.2,30.7,56.0
SEN021,2026-07-03 15:00:49,2026-07-03,36.3,18.8,93.0
SEN038,2026-03-18 09:34:58,2026-03-18,33.4,13.21,61.0
SEN009,2026-07-10 21:18:00,2026-07-10,32.3,44.7,63.0
SEN030,2026-05-18 04:16:00,2026-05-18,25.8,,37.0
UNKNOWN,2026-05-22 07:45:02,2026-05-22,28.6,28.19,
SEN018,2026-04-13 12:46:02,2026-04-13,39.5,49.5,
SEN040,2026-04-07 17:17:48,2026-04-07,25.72,1.7,37.0
SEN009,2026-06-17 08:58:06,2026-06-17,27.0,27.7,72.0
SEN049,2026-09-05 05:56:07,2026-09-05,35.4,12.8,77.0
SEN036,2026-02-28 02:23:46,2026-02-28,17.0,8.8,37.0
SEN033,2026-07-31 07:57:28,2026-07-31,20.8,0.0,58.0
SEN043,2026-08-13 13:02:57,2026-08-13,28.11,,60.0
SEN021,2026-03-31 05:08:17,2026-03-31,28.11,13.1,41.0
SEN010,2026-07-12 18:48:24,2026-07-12,16.78,44.0,60.0
SEN011,2026-01-04 23:02:34,2026-01-04,31.4,37.6,63.0
UNKNOWN,2026-08-30 04:18:31,2026-08-30,31.5,42.7,39.0
SEN030,2026-06-04 12:39:23,2026-06-04,26.2,20.2,69.0
SEN048,2026-07-22 21:02:38,2026-07-22,21.5,19.05,33.0
SEN014,2026-08-01 19:21:24,2026-08-01,26.72,29.1,83.0
UNKNOWN,2026-03-18 09:32:23,2026-03-18,20.1,34.8,59.0
SEN050,2026-06-19 05:34:23,2026-06-19,22.9,39.62,
SEN027,2026-06-12 01:20:02,2026-06-12,27.11,25.91,51.0
SEN036,2026-06-29 13:09:28,2026-06-29,33.22,22.1,33.0
SEN029,2026-05-02 23:42:22,2026-05-02,23.61,17.3,60.0
SEN004,2026-02-06 20:46:46,2026-02-06,29.78,42.1,77.0
SEN043,2026-08-09 17:10:10,2026-08-09,19.72,0.6,65.0
SEN039,2026-08-10 12:39:57,2026-08-10,26.8,7.9,66.0
SEN036,2026-08-25 16:29:22,2026-08-25,20.3,48.5,61.0
UNKNOWN,2026-09-04 01:52:49,2026-09-04,35.4,1.0,79.0
SEN021,2026-03-10 15:45:45,2026-03-10,28.0,,73.0
SEN010,2026-07-21 21:50:51,2026-07-21,20.28,27.5,86.0
SEN041,2026-08-23 16:40:59,2026-08-23,20.6,,
SEN007,2026-06-07 16:39:36,2026-06-07,29.7,14.8,
UNKNOWN,2026-01-19 17:04:41,2026-01-19,30.72,25.1,54.0
SEN032,2026-05-30 15:08:35,2026-05-30,27.6,43.4,39.0
SEN017,2026-04-26 08:02:07,2026-04-26,21.0,7.7,82.0
SEN029,2026-08-14 20:14:18,2026-08-14,31.2,15.3,82.0
SEN043,2026-02-14 15:15:26,2026-02-14,39.72,10.0,61.0
SEN013,2026-07-24 22:47:39,2026-07-24,29.0,12.4,61.0
SEN032,2026-02-21 20:31:28,2026-02-21,18.89,24.1,95.0
SEN014,2026-03-15 01:03:58,2026-03-15,29.7,48.3,73.0
UNKNOWN,2026-07-20 11:01:27,2026-07-20,36.72,43.43,
SEN040,2026-01-22 13:18:01,2026-01-22,31.0,23.5,48.0
SEN039,2026-03-07 21:38:02,2026-03-07,29.39,,67.0
SEN037,2026-07-21 20:12:24,2026-07-21,24.7,43.6,81.0
SEN021,2026-05-30 15:52:47,2026-05-30,36.7,30.5,62.0
SEN016,2026-02-10 16:41:47,2026-02-10,18.28,36.4,78.0
SEN009,2026-07-06 05:04:21,2026-07-06,30.1,45.4,74.0
UNKNOWN,2026-04-10 12:53:00,2026-04-10,23.2,37.4,80.0
SEN040,2026-06-12 14:18:17,2026-06-12,37.22,13.97,82.0
SEN017,2026-02-24 13:46:57,2026-02-24,21.0,25.6,52.0
SEN030,2026-05-14 13:30:09,2026-05-14,24.3,45.1,56.0
SEN013,2026-07-24 18:32:08,2026-07-24,36.28,22.2,56.0
SEN014,2026-07-10 21:25:27,2026-07-10,17.11,16.1,47.0
SEN040,2026-06-29 23:46:55,2026-06-29,35.1,26.6,92.0
SEN046,2026-01-17 02:58:44,2026-01-17,29.22,37.08,72.0
SEN035,2026-04-24 04:31:56,2026-04-24,32.9,,64.0
SEN001,2026-07-04 21:50:37,2026-07-04,39.39,29.8,51.0
SEN020,2026-03-25 18:25:51,2026-03-25,15.8,40.89,72.0
SEN030,2026-05-19 08:59:21,2026-05-19,32.39,37.6,69.0
SEN023,2026-05-29 18:20:16,2026-05-29,23.39,,81.0
SEN009,2026-03-20 22:35:56,2026-03-20,27.9,47.9,60.0
SEN042,2026-03-13 09:05:14,2026-03-13,37.39,0.1,35.0
SEN038,2026-01-16 22:17:36,2026-01-16,35.0,37.2,39.0
SEN038,2026-08-19 14:31:00,2026-08-19,39.8,41.9,
SEN023,2026-08-26 04:02:07,2026-08-26,27.0,21.3,30.0
SEN033,2026-02-21 01:20:14,2026-02-21,39.72,36.3,57.0
SEN020,2026-05-30 09:39:20,2026-05-30,22.4,42.7,62.0
SEN039,2026-08-09 23:38:33,2026-08-09,29.0,30.48,60.0
SEN003,2026-05-12 05:30:43,2026-05-12,37.2,35.5,83.0
SEN038,2026-01-30 00:46:26,2026-01-30,36.4,,78.0
SEN025,2026-07-26 20:06:33,2026-07-26,21.8,49.02,69.0
SEN002,2026-05-08 18:11:44,2026-05-08,30.5,15.1,42.0
SEN002,2026-06-27 16:10:29,2026-06-27,20.4,,53.0
SEN013,2026-04-04 22:58:39,2026-04-04,22.39,29.4,95.0
SEN020,2026-03-08 16:59:21,2026-03-08,29.4,21.6,55.0
SEN032,2026-03-31 23:00:58,2026-03-31,22.8,38.8,89.0
SEN024,2026-02-24 18:56:51,2026-02-24,39.5,,33.0
UNKNOWN,2026-02-24 15:14:40,2026-02-24,18.2,13.1,42.0
SEN013,2026-02-05 15:30:24,2026-02-05,30.8,37.7,84.0
SEN038,2026-07-14 13:55:00,2026-07-14,32.8,49.28,95.0
SEN029,2026-03-25 06:54:53,2026-03-25,30.4,25.0,38.0
SEN034,2026-07-11 00:00:00,2026-07-11,31.2,1.27,69.0
SEN025,2026-08-13 22:45:00,2026-08-13,38.3,27.8,56.0
SEN005,2026-02-22 00:19:49,2026-02-22,37.6,18.29,65.0
SEN026,2026-03-02 23:12:55,2026-03-02,33.2,41.9,78.0
SEN008,2026-07-01 19:01:24,2026-07-01,19.4,14.3,95.0
SEN037,2026-01-05 09:13:00,2026-01-05,32.1,10.6,45.0
SEN048,2026-01-25 09:49:58,2026-01-25,15.3,,94.0
SEN043,2026-06-06 04:03:28,2026-06-06,25.1,,70.0
SEN045,2026-08-12 05:51:14,2026-08-12,37.11,43.3,92.0
SEN044,2026-02-09 01:27:00,2026-02-09,21.89,16.5,62.0
SEN011,2026-02-06 09:03:20,2026-02-06,29.2,49.1,75.0
SEN022,2026-05-27 09:11:46,2026-05-27,34.78,,44.0
SEN001,2026-07-03 00:00:00,2026-07-03,15.2,34.1,79.0
SEN046,2026-01-23 12:35:56,2026-01-23,34.72,24.9,51.0
SEN001,2026-04-08 05:43:20,2026-04-08,26.7,14.48,75.0
SEN004,2026-03-11 00:53:28,2026-03-11,37.5,40.3,49.0
SEN015,2026-05-19 01:01:20,2026-05-19,28.1,,73.0
SEN024,2026-06-05 01:53:56,2026-06-05,29.4,4.9,94.0
SEN004,2026-03-15 16:24:59,2026-03-15,36.7,39.2,63.0
SEN050,2026-01-26 21:12:09,2026-01-26,15.89,3.81,
SEN010,2026-07-10 12:32:19,2026-07-10,18.2,14.48,60.0
SEN029,2026-02-28 07:04:54,2026-02-28,19.0,12.2,30.0
SEN027,2026-01-21 14:50:13,2026-01-21,17.78,9.7,76.0
SEN042,2026-09-06 03:01:06,2026-09-06,30.2,46.4,78.0
SEN010,2026-02-22 07:06:23,2026-02-22,18.7,35.31,
SEN041,2026-05-15 10:37:12,2026-05-15,38.39,13.6,62.0
SEN007,2026-01-20 07:57:07,2026-01-20,35.89,,41.0
SEN021,2026-04-02 00:11:23,2026-04-02,17.5,5.08,58.0
SEN033,2026-08-14 09:16:36,2026-08-14,15.61,44.0,35.0
SEN005,2026-03-20 05:34:43,2026-03-20,37.9,6.9,82.0
SEN027,2026-01-07 20:12:26,2026-01-07,16.2,4.32,59.0
SEN033,2026-06-04 00:05:58,2026-06-04,15.4,28.19,49.0
SEN041,2026-05-31 23:18:18,2026-05-31,20.4,,
SEN043,2026-01-15 06:41:33,2026-01-15,31.72,14.8,40.0
SEN017,2026-01-02 15:18:02,2026-01-02,18.72,9.65,82.0
SEN026,2026-05-19 13:33:01,2026-05-19,27.72,11.68,34.0
SEN039,2026-07-10 10:08:30,2026-07-10,20.7,14.22,35.0
SEN013,2026-08-23 03:41:45,2026-08-23,24.0,28.1,66.0
SEN019,2026-02-11 08:44:46,2026-02-11,19.6,0.51,71.0
SEN012,2026-07-29 05:07:50,2026-07-29,38.78,48.26,86.0
SEN037,2026-04-09 21:55:24,2026-04-09,25.61,35.4,33.0
SEN006,2026-06-18 20:29:10,2026-06-18,16.5,,90.0
SEN017,2026-09-08 18:50:45,2026-09-08,38.39,16.0,50.0
SEN013,2026-02-15 16:47:46,2026-02-15,39.89,25.15,41.0
SEN014,2026-07-21 02:37:41,2026-07-21,32.5,21.1,88.0
SEN045,2026-06-14 08:24:29,2026-06-14,17.8,30.73,70.0
SEN014,2026-06-04 22:03:49,2026-06-04,27.2,48.2,76.0
SEN007,2026-05-05 18:02:08,2026-05-05,27.7,12.9,52.0
SEN038,2026-08-17 21:58:42,2026-08-17,36.0,25.4,55.0
SEN034,2026-04-17 06:13:31,2026-04-17,22.3,33.9,89.0
SEN042,2026-05-04 19:03:49,2026-05-04,38.0,12.4,87.0
UNKNOWN,2026-02-08 22:42:00,2026-02-08,29.0,27.0,
SEN009,2026-07-31 23:15:43,2026-07-31,22.22,48.01,31.0
SEN004,2026-04-09 04:27:01,2026-04-09,39.72,3.3,55.0
SEN041,2026-03-17 07:30:00,2026-03-17,31.61,11.3,41.0
SEN041,2026-01-28 09:28:40,2026-01-28,34.1,25.91,63.0
SEN025,2026-05-25 19:11:17,2026-05-25,32.5,15.1,75.0
SEN008,2026-04-09 12:06:26,2026-04-09,24.6,31.0,80.0
SEN031,2026-06-10 10:55:53,2026-06-10,28.5,15.49,75.0
SEN002,2026-02-24 10:01:02,2026-02-24,21.0,1.9,
SEN014,2026-01-31 21:07:01,2026-01-31,35.5,31.24,59.0
SEN004,2026-03-02 16:46:06,2026-03-02,23.3,41.4,89.0
SEN013,2026-05-30 01:57:54,2026-05-30,17.5,,76.0
SEN009,2026-05-05 06:30:30,2026-05-05,36.22,32.2,76.0
SEN024,2026-04-16 21:33:58,2026-04-16,30.39,29.72,65.0
SEN037,2026-01-22 01:52:45,2026-01-22,29.11,32.8,67.0
SEN026,2026-06-01 22:20:29,2026-06-01,25.8,5.2,43.0
SEN021,2026-06-16 00:00:00,2026-06-16,24.9,29.1,40.0
SEN006,2026-08-07 18:21:45,2026-08-07,21.0,1.52,50.0
UNKNOWN,2026-04-07 08:28:50,2026-04-07,26.4,28.7,45.0
SEN019,2026-01-04 11:48:21,2026-01-04,32.3,49.02,69.0
SEN048,2026-07-25 15:16:09,2026-07-25,30.5,42.42,59.0
SEN019,2026-06-02 13:09:58,2026-06-02,29.22,5.08,78.0
SEN006,2026-03-21 13:51:26,2026-03-21,24.0,,70.0
SEN035,2026-04-04 10:08:26,2026-04-04,20.89,,50.0
SEN050,2026-08-11 09:59:41,2026-08-11,16.3,24.8,33.0
SEN016,2026-08-20 01:18:34,2026-08-20,36.2,38.2,67.0
SEN018,2026-08-23 07:37:05,2026-08-23,34.2,,61.0
SEN035,2026-06-11 19:36:48,2026-06-11,24.78,24.5,49.0
SEN008,2026-05-27 02:51:01,2026-05-27,19.78,43.7,44.0
SEN004,2026-09-02 14:13:03,2026-09-02,16.3,,92.0
SEN005,2026-03-13 22:19:32,2026-03-13,20.11,,71.0
UNKNOWN,2026-07-06 13:28:13,2026-07-06,16.1,40.0,72.0
SEN012,2026-08-19 04:34:42,2026-08-19,36.89,43.5,53.0
SEN043,2026-03-27 19:16:00,2026-03-27,25.9,27.8,53.0
SEN048,2026-08-02 16:15:29,2026-08-02,30.9,,53.0
UNKNOWN,2026-08-16 07:35:01,2026-08-16,17.0,37.9,81.0
SEN003,2026-09-04 21:45:11,2026-09-04,22.89,45.6,70.0
SEN020,2026-07-23 01:31:50,2026-07-23,28.8,20.1,
SEN029,2026-06-25 18:05:23,2026-06-25,28.5,16.5,89.0
SEN002,2026-03-18 12:24:52,2026-03-18,25.78,,32.0
SEN005,2026-08-16 06:58:28,2026-08-16,34.78,17.78,
SEN019,2026-06-07 04:33:27,2026-06-07,17.4,19.3,82.0
SEN044,2026-09-02 06:12:58,2026-09-02,30.11,,67.0
SEN021,2026-01-20 21:23:00,2026-01-20,30.5,21.0,47.0
SEN037,2026-06-28 01:06:00,2026-06-28,18.72,,66.0
SEN002,2026-04-23 23:08:11,2026-04-23,15.78,11.7,59.0
SEN037,2026-04-17 22:08:23,2026-04-17,22.11,6.6,39.0
SEN044,2026-08-08 11:42:06,2026-08-08,27.0,31.1,54.0
SEN008,2026-08-14 02:17:15,2026-08-14,31.5,,35.0
SEN041,2026-04-17 22:26:27,2026-04-17,23.11,,81.0
SEN037,2026-06-18 11:26:48,2026-06-18,23.72,14.7,61.0
SEN001,2026-05-18 19:38:11,2026-05-18,33.5,19.7,77.0
UNKNOWN,2026-03-24 08:05:36,2026-03-24,35.9,,57.0
SEN050,2026-02-08 12:01:22,2026-02-08,16.6,19.8,49.0
SEN037,2026-05-09 14:31:45,2026-05-09,24.7,6.7,59.0
SEN020,2026-02-15 23:22:39,2026-02-15,31.3,31.0,83.0
UNKNOWN,2026-08-24 00:25:10,2026-08-24,31.61,12.5,62.0
SEN046,2026-04-27 11:26:39,2026-04-27,24.1,4.0,34.0
SEN029,2026-08-09 00:00:00,2026-08-09,26.78,10.8,
SEN022,2026-07-08 05:00:51,2026-07-08,38.0,18.03,55.0
SEN035,2026-05-23 20:47:16,2026-05-23,22.3,49.9,78.0
SEN050,2026-08-17 05:33:39,2026-08-17,34.7,30.9,47.0
SEN018,2026-06-16 06:12:36,2026-06-16,19.7,24.2,
SEN047,2026-04-30 05:46:07,2026-04-30,20.61,14.73,60.0
SEN007,2026-08-22 18:35:50,2026-08-22,15.61,48.2,84.0
SEN018,2026-08-11 22:36:36,2026-08-11,27.28,39.5,
SEN048,2026-08-03 04:53:02,2026-08-03,17.6,20.5,54.0
SEN030,2026-07-25 02:54:55,2026-07-25,32.6,17.5,57.0
SEN001,2026-05-09 23:03:58,2026-05-09,35.9,40.7,62.0
SEN007,2026-07-23 03:22:05,2026-07-23,16.28,45.5,62.0
SEN037,2026-02-09 11:55:56,2026-02-09,33.6,48.77,65.0
SEN019,2026-09-03 03:37:45,2026-09-03,35.72,31.4,88.0
SEN003,2026-02-19 05:15:36,2026-02-19,22.5,18.5,31.0
SEN033,2026-04-24 16:53:36,2026-04-24,18.0,22.35,64.0
SEN027,2026-07-03 05:54:16,2026-07-03,22.61,36.07,36.0
SEN015,2026-09-09 15:00:31,2026-09-09,27.4,32.6,31.0
SEN040,2026-05-12 11:58:08,2026-05-12,20.3,49.4,47.0
UNKNOWN,2026-02-06 00:00:00,2026-02-06,39.5,,81.0
SEN001,2026-06-22 15:34:06,2026-06-22,24.7,43.18,82.0
SEN005,2026-03-15 11:05:02,2026-03-15,21.1,48.8,91.0
SEN023,2026-02-20 15:29:53,2026-02-20,36.8,49.3,87.0
SEN032,2026-08-23 04:52:58,2026-08-23,28.72,38.9,83.0
SEN033,2026-06-05 06:36:32,2026-06-05,15.7,42.1,72.0
SEN001,2026-08-13 06:18:34,2026-08-13,36.3,5.08,61.0
SEN047,2026-07-04 12:50:59,2026-07-04,32.2,13.6,38.0
SEN035,2026-05-23 17:37:04,2026-05-23,27.7,2.03,62.0
SEN001,2026-08-30 21:06:00,2026-08-30,15.5,6.9,45.0
SEN042,2026-02-09 06:21:12,2026-02-09,16.2,29.1,34.0
SEN020,2026-02-04 07:05:15,2026-02-04,30.0,23.6,75.0
SEN004,2026-05-17 11:47:17,2026-05-17,17.0,,49.0
SEN016,2026-02-21 21:47:40,2026-02-21,34.6,14.48,43.0
SEN048,2026-02-24 13:31:09,2026-02-24,38.6,48.6,73.0
SEN011,2026-05-09 12:48:00,2026-05-09,21.2,,75.0
SEN036,2026-05-26 09:11:26,2026-05-26,25.6,17.78,45.0
SEN009,2026-07-05 18:08:23,2026-07-05,16.2,40.7,52.0
SEN032,2026-09-08 11:11:47,2026-09-08,20.78,33.5,71.0
SEN020,2026-07-17 01:54:08,2026-07-17,23.5,40.1,84.0
SEN011,2026-06-24 13:59:06,2026-06-24,20.7,31.6,65.0
SEN010,2026-05-26 00:08:26,2026-05-26,22.2,7.0,68.0
SEN024,2026-02-25 22:06:01,2026-02-25,37.5,45.4,42.0
SEN007,2026-08-21 09:08:48,2026-08-21,36.5,18.2,70.0
SEN046,2026-05-04 00:00:00,2026-05-04,29.3,44.96,44.0
SEN007,2026-01-23 19:13:08,2026-01-23,15.3,42.2,32.0
SEN048,2026-07-24 00:59:38,2026-07-24,23.1,10.3,55.0
SEN017,2026-07-08 21:53:58,2026-07-08,22.7,22.61,70.0
SEN034,2026-05-16 12:09:09,2026-05-16,34.22,14.6,73.0
SEN020,2026-04-04 14:29:47,2026-04-04,15.5,48.2,75.0
UNKNOWN,2026-07-21 07:08:32,2026-07-21,27.2,47.8,35.0
SEN045,2026-05-18 13:54:49,2026-05-18,36.6,46.4,95.0
SEN013,2026-07-14 09:14:46,2026-07-14,39.5,16.76,86.0
SEN041,2026-02-24 06:00:35,2026-02-24,26.1,9.6,94.0
SEN013,2026-09-01 19:43:42,2026-09-01,26.3,12.5,42.0
SEN016,2026-07-24 05:31:18,2026-07-24,19.8,5.1,88.0
SEN018,2026-01-09 14:19:24,2026-01-09,19.5,11.5,37.0
SEN005,2026-04-14 21:27:23,2026-04-14,18.22,23.4,87.0
SEN021,2026-02-02 18:00:31,2026-02-02,28.3,46.8,64.0
SEN001,2026-05-04 00:35:34,2026-05-04,30.4,12.5,76.0
SEN036,2026-05-05 09:23:52,2026-05-05,26.4,46.99,44.0
UNKNOWN,2026-01-22 02:53:04,2026-01-22,24.9,40.2,
SEN028,2026-01-03 08:55:50,2026-01-03,38.2,15.6,65.0
SEN033,2026-01-01 01:04:00,2026-01-01,15.1,14.73,
UNKNOWN,2026-05-14 09:57:18,2026-05-14,19.72,36.3,
SEN008,2026-05-21 07:24:38,2026-05-21,29.78,32.0,36.0
SEN011,2026-06-25 01:32:35,2026-06-25,21.22,39.3,93.0
SEN024,2026-09-02 23:21:07,2026-09-02,33.8,47.9,56.0
SEN048,2026-08-02 02:24:34,2026-08-02,15.2,14.6,93.0
SEN033,2026-07-20 13:12:34,2026-07-20,24.5,45.97,77.0
SEN037,2026-03-30 00:19:00,2026-03-30,18.8,4.1,61.0
SEN023,2026-04-28 03:25:19,2026-04-28,34.8,44.5,70.0
SEN049,2026-04-01 21:33:26,2026-04-01,29.0,34.6,59.0
SEN032,2026-08-25 01:51:57,2026-08-25,22.2,26.4,
SEN011,2026-06-02 15:44:21,2026-06-02,38.3,6.2,74.0
SEN014,2026-03-05 22:25:44,2026-03-05,24.0,22.4,73.0
SEN015,2026-04-14 12:05:16,2026-04-14,35.0,,
SEN026,2026-03-29 16:09:00,2026-03-29,24.0,44.8,51.0
SEN025,2026-04-10 21:38:59,2026-04-10,15.2,38.4,83.0
SEN022,2026-09-09 05:07:00,2026-09-09,27.2,47.4,75.0
SEN035,2026-03-23 00:53:55,2026-03-23,18.5,18.03,50.0
SEN025,2026-04-26 04:03:21,2026-04-26,17.22,34.0,
SEN044,2026-08-11 18:01:00,2026-08-11,23.5,28.96,47.0
UNKNOWN,2026-07-13 22:39:21,2026-07-13,28.5,0.5,95.0
SEN024,2026-02-18 00:25:57,2026-02-18,28.28,20.5,43.0
SEN018,2026-06-18 05:38:17,2026-06-18,36.28,48.4,38.0
SEN034,2026-07-23 09:51:04,2026-07-23,16.39,21.8,37.0
SEN045,2026-03-05 12:20:04,2026-03-05,36.11,12.7,51.0
SEN022,2026-04-28 08:38:58,2026-04-28,37.2,34.54,
SEN043,2026-04-08 18:50:02,2026-04-08,18.2,21.9,51.0
SEN029,2026-07-09 03:57:46,2026-07-09,39.61,,45.0
SEN022,2026-02-05 16:03:00,2026-02-05,19.4,10.5,51.0
SEN010,2026-02-19 02:59:25,2026-02-19,23.7,31.24,54.0
UNKNOWN,2026-02-17 20:04:33,2026-02-17,21.7,21.08,80.0
SEN015,2026-09-01 13:57:50,2026-09-01,31.8,,94.0
SEN023,2026-02-01 06:37:33,2026-02-01,33.4,,58.0
SEN032,2026-08-24 11:44:12,2026-08-24,27.22,43.0,67.0
SEN010,2026-07-07 02:09:28,2026-07-07,35.3,1.1,69.0
SEN047,2026-01-03 09:43:16,2026-01-03,26.22,20.6,44.0
UNKNOWN,2026-08-18 04:35:21,2026-08-18,36.0,44.7,76.0
SEN037,2026-03-28 05:24:13,2026-03-28,35.61,48.7,62.0
UNKNOWN,2026-01-16 05:33:37,2026-01-16,15.5,34.04,67.0
SEN035,2026-03-01 04:28:29,2026-03-01,21.89,43.3,53.0
SEN005,2026-03-27 14:55:40,2026-03-27,19.0,22.1,74.0
SEN014,2026-06-02 01:37:20,2026-06-02,17.9,19.81,87.0
SEN002,2026-05-05 15:38:31,2026-05-05,29.7,0.0,38.0
UNKNOWN,2026-05-06 18:51:23,2026-05-06,23.9,,41.0
SEN015,2026-05-06 04:55:35,2026-05-06,34.7,47.5,68.0
SEN033,2026-01-11 00:13:08,2026-01-11,19.0,2.3,42.0
SEN014,2026-03-26 00:48:00,2026-03-26,25.6,,84.0
SEN002,2026-04-01 06:55:40,2026-04-01,27.7,,
SEN044,2026-04-20 20:28:53,2026-04-20,37.0,23.2,45.0
SEN027,2026-05-22 07:40:38,2026-05-22,35.39,,92.0
SEN013,2026-08-09 00:00:00,2026-08-09,16.5,43.4,32.0
SEN024,2026-04-08 03:20:07,2026-04-08,35.11,22.5,52.0
SEN011,2026-04-05 22:09:35,2026-04-05,38.8,16.9,
SEN036,2026-08-17 18:42:25,2026-08-17,31.5,11.5,50.0
SEN003,2026-08-13 18:40:03,2026-08-13,30.0,33.4,78.0
SEN017,2026-03-11 18:54:31,2026-03-11,24.61,28.19,72.0
SEN048,2026-02-13 01:07:38,2026-02-13,26.4,42.4,39.0
SEN036,2026-02-24 02:00:07,2026-02-24,23.6,33.9,58.0
SEN014,2026-05-17 21:19:13,2026-05-17,33.0,19.9,43.0
UNKNOWN,2026-09-09 16:35:52,2026-09-09,16.9,14.48,95.0
SEN046,2026-03-04 19:34:23,2026-03-04,22.6,15.8,51.0
SEN029,2026-08-15 00:18:05,2026-08-15,39.1,9.2,89.0
SEN013,2026-03-22 00:55:54,2026-03-22,21.9,44.2,59.0
SEN006,2026-05-25 14:40:06,2026-05-25,23.89,31.1,36.0
SEN008,2026-04-05 21:07:03,2026-04-05,28.9,8.8,76.0
SEN004,2026-05-05 13:06:14,2026-05-05,39.7,,90.0
SEN050,2026-02-27 03:54:53,2026-02-27,30.3,13.7,74.0
SEN030,2026-07-31 02:49:01,2026-07-31,25.1,,69.0
SEN031,2026-07-15 06:31:52,2026-07-15,29.39,4.8,73.0
SEN021,2026-03-27 17:07:28,2026-03-27,30.72,27.1,34.0
SEN032,2026-06-14 15:20:16,2026-06-14,33.78,5.3,63.0
SEN038,2026-05-25 19:36:18,2026-05-25,38.1,35.56,81.0
SEN021,2026-07-30 19:19:05,2026-07-30,17.89,30.73,34.0
SEN009,2026-07-16 00:33:25,2026-07-16,16.72,5.9,45.0
SEN018,2026-08-28 10:46:22,2026-08-28,35.11,16.0,54.0
SEN024,2026-08-12 03:22:50,2026-08-12,22.8,40.1,68.0
SEN043,2026-09-04 13:27:46,2026-09-04,31.7,25.5,
SEN024,2026-08-01 14:08:38,2026-08-01,27.4,31.9,35.0
SEN023,2026-02-14 02:25:51,2026-02-14,30.5,1.02,83.0
SEN045,2026-03-28 09:32:58,2026-03-28,15.2,15.4,46.0
SEN036,2026-05-29 06:51:46,2026-05-29,15.39,37.34,63.0
SEN031,2026-01-31 22:59:00,2026-01-31,23.7,,65.0
SEN016,2026-08-23 11:56:59,2026-08-23,30.39,32.26,76.0
SEN032,2026-08-26 13:34:18,2026-08-26,25.11,36.58,69.0
SEN040,2026-04-11 04:59:58,2026-04-11,22.8,39.12,93.0
SEN036,2026-07-12 09:49:40,2026-07-12,16.3,34.4,36.0
SEN048,2026-03-26 17:35:42,2026-03-26,29.8,33.4,54.0
SEN012,2026-08-20 13:53:03,2026-08-20,33.89,28.7,64.0
SEN031,2026-05-21 20:51:27,2026-05-21,20.3,,61.0
SEN018,2026-05-28 21:45:00,2026-05-28,22.78,36.58,81.0
SEN015,2026-06-07 13:07:54,2026-06-07,35.2,,73.0
SEN003,2026-06-12 14:43:24,2026-06-12,29.0,31.7,89.0
SEN007,2026-08-18 05:03:06,2026-08-18,15.1,21.0,63.0
SEN040,2026-05-21 17:06:46,2026-05-21,17.0,34.1,81.0
SEN031,2026-04-04 21:09:15,2026-04-04,33.5,,95.0
SEN032,2026-04-23 13:54:00,2026-04-23,22.72,23.0,
SEN042,2026-07-21 01:06:31,2026-07-21,32.5,,46.0
SEN049,2026-05-26 09:23:21,2026-05-26,24.5,8.9,
SEN021,2026-01-08 15:57:06,2026-01-08,18.0,10.0,41.0
SEN005,2026-06-21 16:06:40,2026-06-21,33.9,27.0,75.0
SEN016,2026-03-05 02:51:14,2026-03-05,21.8,,
SEN047,2026-07-16 13:47:00,2026-07-16,19.78,,90.0
SEN048,2026-03-02 01:19:15,2026-03-02,15.6,23.5,76.0
SEN027,2026-04-18 08:13:37,2026-04-18,21.0,16.4,81.0
SEN025,2026-02-15 19:17:06,2026-02-15,27.5,23.3,53.0
SEN034,2026-04-14 14:58:55,2026-04-14,26.39,34.54,74.0
SEN040,2026-03-18 06:45:10,2026-03-18,29.28,23.4,82.0
SEN013,2026-07-19 23:29:27,2026-07-19,21.39,,82.0
SEN031,2026-02-18 16:37:02,2026-02-18,17.72,14.8,72.0
SEN028,2026-04-04 02:24:47,2026-04-04,19.78,,55.0
SEN026,2026-06-02 17:11:57,2026-06-02,37.0,45.9,30.0
SEN044,2026-01-23 11:42:48,2026-01-23,15.0,26.92,
SEN022,2026-08-04 10:38:08,2026-08-04,20.5,13.4,91.0
SEN021,2026-07-17 22:03:18,2026-07-17,32.0,6.6,74.0
SEN023,2026-05-19 06:03:52,2026-05-19,25.6,24.2,40.0
SEN047,2026-08-09 11:29:23,2026-08-09,24.22,33.7,
SEN005,2026-04-19 23:23:04,2026-04-19,31.8,11.43,32.0
UNKNOWN,2026-08-22 05:45:52,2026-08-22,37.2,35.31,42.0
SEN004,2026-08-25 01:22:43,2026-08-25,17.5,5.59,85.0
SEN011,2026-04-10 22:02:04,2026-04-10,27.2,25.3,78.0
SEN041,2026-01-02 01:33:00,2026-01-02,25.9,6.35,
SEN048,2026-07-23 13:03:37,2026-07-23,23.89,,50.0
SEN039,2026-04-09 10:19:55,2026-04-09,39.8,14.1,80.0
SEN027,2026-07-11 16:28:00,2026-07-11,38.8,17.02,
SEN050,2026-08-23 06:35:00,2026-08-23,23.3,49.9,74.0
SEN047,2026-05-25 20:51:11,2026-05-25,34.61,,50.0
SEN010,2026-08-10 13:45:14,2026-08-10,39.72,34.6,59.0
SEN005,2026-07-31 01:20:20,2026-07-31,26.89,30.6,80.0
SEN029,2026-01-19 07:22:53,2026-01-19,29.7,32.0,32.0
SEN041,2026-05-25 00:16:19,2026-05-25,28.7,28.2,80.0
SEN029,2026-05-23 06:18:10,2026-05-23,34.7,,34.0
SEN029,2026-02-05 19:06:43,2026-02-05,35.22,36.83,59.0
SEN005,2026-09-05 02:59:45,2026-09-05,23.8,,70.0
SEN014,2026-05-27 04:34:23,2026-05-27,25.8,,64.0
SEN016,2026-05-17 06:36:29,2026-05-17,33.5,25.2,38.0
SEN034,2026-07-20 11:14:41,2026-07-20,29.0,41.0,82.0
SEN040,2026-01-10 03:06:30,2026-01-10,38.22,10.9,57.0
SEN046,2026-04-29 07:59:55,2026-04-29,23.72,20.1,68.0
SEN034,2026-07-30 20:35:36,2026-07-30,34.9,10.16,34.0
SEN028,2026-07-31 06:40:19,2026-07-31,27.11,3.6,94.0
SEN018,2026-07-09 03:47:51,2026-07-09,31.78,,46.0
SEN041,2026-05-23 18:44:07,2026-05-23,18.39,11.1,76.0
SEN024,2026-09-02 02:58:04,2026-09-02,29.11,0.9,33.0
SEN024,2026-05-20 00:46:20,2026-05-20,26.6,15.6,69.0
SEN046,2026-07-30 05:03:16,2026-07-30,35.1,25.7,69.0
SEN013,2026-04-30 18:42:28,2026-04-30,34.8,,32.0
SEN017,2026-07-01 03:10:14,2026-07-01,17.4,3.5,91.0
SEN042,2026-06-18 05:24:52,2026-06-18,21.72,46.5,59.0
SEN049,2026-08-18 04:14:54,2026-08-18,22.72,24.6,91.0
SEN004,2026-03-07 07:23:18,2026-03-07,21.61,,44.0
SEN025,2026-01-25 09:53:39,2026-01-25,17.0,34.3,83.0
UNKNOWN,2026-07-06 07:00:18,2026-07-06,32.8,3.1,89.0
SEN028,2026-07-08 21:15:22,2026-07-08,29.78,8.9,30.0
SEN037,2026-03-17 07:17:22,2026-03-17,38.5,23.1,30.0
SEN040,2026-02-24 00:37:48,2026-02-24,32.2,42.67,72.0
SEN017,2026-08-17 22:44:12,2026-08-17,20.2,,48.0
SEN027,2026-04-28 03:35:32,2026-04-28,29.5,29.72,58.0
SEN016,2026-04-10 19:19:31,2026-04-10,29.2,28.3,89.0
SEN050,2026-06-23 05:56:51,2026-06-23,35.1,27.4,38.0
SEN011,2026-03-15 12:49:37,2026-03-15,20.39,35.1,37.0
SEN034,2026-05-08 15:12:06,2026-05-08,23.28,23.37,30.0
SEN034,2026-06-08 10:27:35,2026-06-08,31.5,22.61,45.0
SEN029,2026-05-09 02:23:48,2026-05-09,38.61,34.1,56.0
SEN032,2026-05-09 03:19:23,2026-05-09,38.61,,32.0
SEN006,2026-07-21 00:00:00,2026-07-21,35.6,44.5,90.0
UNKNOWN,2026-03-23 21:35:05,2026-03-23,24.9,20.4,
SEN043,2026-06-25 08:04:42,2026-06-25,19.89,28.19,35.0
SEN019,2026-07-29 13:49:42,2026-07-29,20.7,14.22,58.0
SEN040,2026-02-11 02:39:54,2026-02-11,18.11,38.3,41.0
SEN025,2026-08-16 07:05:18,2026-08-16,22.78,47.2,76.0
SEN001,2026-06-12 13:55:56,2026-06-12,31.61,34.29,
SEN033,2026-09-07 12:41:32,2026-09-07,37.72,31.7,87.0
SEN029,2026-03-14 12:44:39,2026-03-14,15.78,36.1,59.0
SEN017,2026-07-24 18:52:51,2026-07-24,27.89,44.2,72.0
SEN003,2026-01-07 22:15:16,2026-01-07,25.11,3.56,81.0
SEN011,2026-04-16 12:38:21,2026-04-16,26.8,,49.0
SEN024,2026-06-05 10:52:36,2026-06-05,21.3,41.8,
SEN012,2026-05-28 17:01:16,2026-05-28,15.9,12.19,76.0
SEN023,2026-09-08 09:07:44,2026-09-08,24.6,7.87,45.0
SEN035,2026-06-13 02:06:35,2026-06-13,21.0,45.97,89.0
SEN012,2026-08-26 09:10:22,2026-08-26,37.4,23.88,86.0
SEN032,2026-07-26 00:16:30,2026-07-26,24.9,1.4,70.0
SEN039,2026-05-12 20:31:28,2026-05-12,38.6,,54.0
SEN005,2026-02-21 11:29:35,2026-02-21,31.72,19.2,81.0
SEN023,2026-05-16 21:49:02,2026-05-16,28.11,2.5,75.0
SEN027,2026-03-25 04:05:09,2026-03-25,35.8,30.6,62.0
SEN039,2026-06-30 09:26:02,2026-06-30,29.1,,89.0
SEN030,2026-08-02 15:13:24,2026-08-02,37.9,5.0,86.0
SEN013,2026-03-07 18:01:27,2026-03-07,24.3,0.9,47.0
SEN011,2026-05-07 00:22:26,2026-05-07,26.8,46.3,31.0
SEN020,2026-05-30 03:30:38,2026-05-30,17.2,13.7,
SEN019,2026-04-05 04:40:50,2026-04-05,27.4,42.3,66.0
SEN027,2026-07-02 14:58:22,2026-07-02,17.78,31.6,75.0
SEN005,2026-05-04 10:55:28,2026-05-04,37.5,48.6,75.0
SEN028,2026-03-29 20:55:36,2026-03-29,27.0,17.78,62.0
SEN002,2026-04-19 11:42:48,2026-04-19,23.1,,
SEN036,2026-02-08 10:13:59,2026-02-08,20.9,40.4,87.0
SEN002,2026-04-04 18:35:31,2026-04-04,24.5,5.8,32.0
SEN005,2026-05-21 09:57:29,2026-05-21,29.4,,90.0
SEN003,2026-04-08 13:19:16,2026-04-08,37.0,7.4,42.0
SEN046,2026-02-05 21:25:00,2026-02-05,39.2,42.4,49.0
SEN016,2026-04-22 02:12:45,2026-04-22,18.4,,39.0
SEN040,2026-02-04 23:44:53,2026-02-04,15.7,48.0,88.0
SEN039,2026-09-09 02:10:19,2026-09-09,27.7,23.11,65.0
SEN018,2026-04-07 20:08:16,2026-04-07,31.28,16.76,60.0
SEN013,2026-01-05 16:19:36,2026-01-05,35.0,41.6,77.0
SEN040,2026-09-09 12:28:13,2026-09-09,17.6,22.86,52.0
SEN029,2026-08-29 09:50:03,2026-08-29,24.0,28.8,64.0
SEN035,2026-02-16 05:10:24,2026-02-16,37.2,,39.0
SEN046,2026-07-02 01:54:47,2026-07-02,36.5,5.59,76.0
SEN021,2026-06-27 04:07:01,2026-06-27,19.5,49.78,77.0
SEN001,2026-05-01 18:52:05,2026-05-01,33.0,41.0,
SEN029,2026-04-12 13:40:42,2026-04-12,33.3,22.4,
SEN014,2026-05-21 21:46:48,2026-05-21,31.0,11.9,75.0
SEN033,2026-04-13 04:45:02,2026-04-13,38.72,30.2,
SEN040,2026-02-19 02:38:14,2026-02-19,37.5,33.9,80.0
SEN016,2026-01-15 20:41:19,2026-01-15,27.3,,60.0
SEN029,2026-08-23 18:49:55,2026-08-23,29.7,14.4,
SEN048,2026-01-13 15:09:00,2026-01-13,24.39,41.0,85.0
SEN025,2026-03-07 19:32:57,2026-03-07,32.11,,94.0
SEN033,2026-03-31 22:17:11,2026-03-31,37.6,20.3,92.0
SEN036,2026-07-25 09:30:27,2026-07-25,26.3,39.62,75.0
SEN005,2026-03-12 02:40:35,2026-03-12,30.39,2.03,36.0
SEN047,2026-08-18 13:38:35,2026-08-18,28.9,31.1,62.0
UNKNOWN,2026-07-20 03:35:09,2026-07-20,37.0,32.0,
SEN045,2026-01-25 14:11:11,2026-01-25,23.89,47.5,55.0
SEN012,2026-01-07 01:07:43,2026-01-07,38.5,42.93,57.0
SEN038,2026-08-11 19:34:50,2026-08-11,27.5,30.48,67.0
SEN003,2026-01-26 02:21:04,2026-01-26,37.3,19.3,93.0
SEN019,2026-05-15 09:19:49,2026-05-15,21.7,37.08,51.0
SEN044,2026-06-13 18:27:36,2026-06-13,27.6,10.41,76.0
SEN037,2026-08-06 06:23:01,2026-08-06,30.7,33.1,33.0
SEN012,2026-01-25 00:00:00,2026-01-25,26.0,38.2,59.0
SEN037,2026-02-17 22:48:12,2026-02-17,19.78,7.1,31.0
SEN011,2026-04-03 01:11:25,2026-04-03,18.72,8.4,57.0
SEN005,2026-03-05 00:03:35,2026-03-05,24.1,42.9,51.0
UNKNOWN,2026-05-21 00:22:00,2026-05-21,33.2,14.2,53.0
SEN001,2026-01-01 00:23:23,2026-01-01,30.39,15.7,56.0
UNKNOWN,2026-08-13 05:18:18,2026-08-13,36.6,28.7,91.0
SEN045,2026-01-30 16:32:03,2026-01-30,27.4,,50.0
SEN035,2026-06-30 15:53:08,2026-06-30,39.0,14.7,94.0
SEN044,2026-06-04 22:06:55,2026-06-04,35.2,39.62,84.0
SEN043,2026-02-21 16:16:59,2026-02-21,27.4,38.4,84.0
SEN017,2026-03-26 16:08:49,2026-03-26,17.72,0.1,72.0
SEN036,2026-01-13 05:57:15,2026-01-13,21.28,43.2,78.0
SEN038,2026-01-10 08:49:11,2026-01-10,25.2,,74.0
SEN031,2026-08-19 22:32:16,2026-08-19,17.8,5.4,76.0
SEN002,2026-07-14 11:20:02,2026-07-14,25.6,22.3,
SEN010,2026-03-31 19:27:32,2026-03-31,30.2,12.4,62.0
SEN027,2026-07-25 20:30:33,2026-07-25,31.78,5.7,
SEN046,2026-01-15 03:49:08,2026-01-15,16.0,4.1,52.0
SEN039,2026-02-01 09:10:24,2026-02-01,18.61,30.48,83.0
SEN008,2026-08-14 02:31:35,2026-08-14,15.5,47.0,45.0
SEN023,2026-02-26 19:49:33,2026-02-26,22.7,,
SEN012,2026-07-28 23:44:00,2026-07-28,21.72,,75.0
SEN045,2026-05-31 05:42:08,2026-05-31,17.6,,44.0
SEN042,2026-02-19 20:22:44,2026-02-19,19.0,40.6,60.0
SEN007,2026-07-17 09:45:35,2026-07-17,16.0,,62.0
SEN023,2026-01-05 11:47:52,2026-01-05,21.6,1.8,52.0
SEN013,2026-01-04 13:48:01,2026-01-04,29.11,17.4,88.0
SEN007,2026-05-14 15:32:16,2026-05-14,31.6,42.5,43.0
SEN029,2026-07-25 05:23:20,2026-07-25,29.7,33.2,92.0
SEN027,2026-06-14 08:42:34,2026-06-14,18.5,0.4,66.0
SEN044,2026-03-31 10:53:32,2026-03-31,31.6,17.27,94.0
SEN015,2026-06-22 21:23:25,2026-06-22,24.89,24.3,80.0
SEN018,2026-05-12 18:29:42,2026-05-12,37.1,17.27,63.0
SEN018,2026-08-22 08:20:56,2026-08-22,27.22,11.6,53.0
SEN019,2026-07-23 15:36:27,2026-07-23,21.9,14.0,69.0
SEN002,2026-02-12 08:23:58,2026-02-12,26.8,29.6,34.0
SEN027,2026-03-29 11:40:21,2026-03-29,22.1,28.4,66.0
SEN024,2026-04-15 02:37:28,2026-04-15,39.11,40.39,72.0
SEN008,2026-07-24 23:02:10,2026-07-24,36.6,21.8,
SEN047,2026-07-04 00:29:04,2026-07-04,22.3,29.1,53.0
SEN007,2026-06-03 16:47:35,2026-06-03,18.2,39.6,55.0
SEN013,2026-07-17 00:20:53,2026-07-17,17.4,47.4,46.0
SEN036,2026-03-03 09:28:23,2026-03-03,28.28,23.0,69.0
SEN020,2026-05-06 06:30:50,2026-05-06,28.2,23.1,87.0
SEN049,2026-09-09 11:43:19,2026-09-09,37.7,30.0,82.0
SEN021,2026-07-04 15:34:36,2026-07-04,16.9,9.4,69.0
SEN050,2026-06-25 01:44:12,2026-06-25,33.2,9.4,76.0
SEN050,2026-05-28 00:54:55,2026-05-28,39.39,35.81,77.0
SEN048,2026-05-21 20:51:22,2026-05-21,26.5,23.4,64.0
SEN004,2026-03-13 18:26:28,2026-03-13,21.22,23.1,63.0
SEN040,2026-07-20 21:52:34,2026-07-20,34.61,,44.0
SEN032,2026-07-21 02:42:00,2026-07-21,22.28,30.73,32.0
SEN050,2026-02-13 15:04:17,2026-02-13,20.61,38.6,53.0
SEN019,2026-07-12 21:59:13,2026-07-12,38.11,,58.0
SEN036,2026-02-23 02:58:21,2026-02-23,35.3,48.4,
SEN038,2026-01-09 21:34:18,2026-01-09,21.0,32.0,38.0
SEN001,2026-04-24 17:04:30,2026-04-24,16.2,28.19,94.0
SEN035,2026-09-05 02:34:10,2026-09-05,27.7,,52.0
SEN025,2026-05-23 04:00:50,2026-05-23,27.8,39.37,75.0
SEN019,2026-04-27 11:04:17,2026-04-27,26.8,14.1,49.0
SEN041,2026-05-04 02:55:20,2026-05-04,32.4,20.5,30.0
SEN017,2026-01-19 12:09:06,2026-01-19,26.3,12.19,36.0
SEN006,2026-03-29 19:50:44,2026-03-29,24.8,43.1,66.0
SEN008,2026-05-20 00:20:48,2026-05-20,27.1,3.56,92.0
SEN044,2026-04-22 08:49:59,2026-04-22,18.72,4.3,
SEN029,2026-08-19 04:00:48,2026-08-19,23.9,38.3,82.0
SEN046,2026-04-16 16:05:23,2026-04-16,38.22,35.56,75.0
SEN040,2026-06-16 12:06:31,2026-06-16,38.39,10.0,50.0
UNKNOWN,2026-03-14 16:40:37,2026-03-14,20.0,46.8,70.0
SEN050,2026-08-13 07:25:24,2026-08-13,18.0,32.51,33.0
SEN050,2026-04-09 13:45:00,2026-04-09,19.5,,69.0
SEN010,2026-06-17 21:51:14,2026-06-17,16.8,14.8,55.0
SEN039,2026-04-11 10:54:04,2026-04-11,17.2,25.5,80.0
SEN023,2026-05-08 14:35:11,2026-05-08,36.5,17.0,94.0
SEN009,2026-04-30 16:28:47,2026-04-30,16.3,15.0,44.0
SEN021,2026-02-06 16:13:00,2026-02-06,25.4,,64.0
SEN011,2026-07-17 13:32:49,2026-07-17,39.1,27.9,55.0
SEN004,2026-02-20 11:38:52,2026-02-20,29.61,19.2,77.0
SEN008,2026-03-11 04:15:05,2026-03-11,20.7,32.26,61.0
SEN025,2026-01-23 05:27:57,2026-01-23,26.4,,86.0
UNKNOWN,2026-07-15 09:49:48,2026-07-15,16.22,17.1,74.0
SEN022,2026-01-31 06:15:00,2026-01-31,21.89,,93.0
SEN046,2026-04-09 06:13:28,2026-04-09,32.0,11.9,87.0
SEN008,2026-02-27 16:39:00,2026-02-27,18.0,38.6,36.0
SEN035,2026-01-17 21:31:32,2026-01-17,37.7,,91.0
SEN050,2026-06-19 06:33:51,2026-06-19,21.6,6.9,66.0
UNKNOWN,2026-02-07 00:31:52,2026-02-07,34.61,9.9,
SEN036,2026-01-07 22:00:03,2026-01-07,20.11,45.8,38.0
SEN001,2026-07-24 21:39:42,2026-07-24,28.8,44.1,32.0
SEN040,2026-03-05 23:56:40,2026-03-05,37.2,,72.0
SEN013,2026-01-01 15:51:31,2026-01-01,35.4,19.8,
SEN007,2026-06-23 17:01:07,2026-06-23,37.89,21.4,71.0
SEN042,2026-05-05 04:58:56,2026-05-05,25.8,,36.0
SEN034,2026-04-22 11:34:50,2026-04-22,16.22,38.3,32.0
SEN001,2026-01-02 15:49:57,2026-01-02,22.9,33.6,65.0
SEN018,2026-07-29 21:00:50,2026-07-29,19.89,10.3,51.0
SEN039,2026-06-01 13:05:25,2026-06-01,25.0,45.1,54.0
UNKNOWN,2026-03-08 14:16:31,2026-03-08,28.3,46.23,74.0
UNKNOWN,2026-01-01 09:04:06,2026-01-01,16.5,46.99,83.0
SEN006,2026-03-19 22:51:56,2026-03-19,28.72,31.9,66.0
SEN022,2026-03-10 01:29:14,2026-03-10,31.78,38.1,
SEN025,2026-04-10 12:03:07,2026-04-10,34.78,20.3,55.0
SEN043,2026-08-30 10:51:38,2026-08-30,19.5,7.4,52.0
SEN026,2026-01-18 05:32:36,2026-01-18,23.4,18.3,61.0
SEN015,2026-02-22 02:58:35,2026-02-22,37.11,49.7,49.0
SEN031,2026-08-20 20:50:21,2026-08-20,27.11,,70.0
SEN003,2026-04-08 07:03:57,2026-04-08,32.6,42.6,73.0
SEN009,2026-05-15 14:34:57,2026-05-15,32.6,10.8,80.0
SEN047,2026-07-15 08:30:26,2026-07-15,38.3,13.6,90.0
SEN049,2026-05-18 09:34:26,2026-05-18,19.28,49.6,71.0
SEN027,2026-03-31 08:08:37,2026-03-31,29.1,3.5,54.0
SEN046,2026-08-12 10:01:00,2026-08-12,39.8,34.8,65.0
SEN041,2026-04-12 10:28:35,2026-04-12,30.78,26.1,48.0
SEN013,2026-07-26 06:14:40,2026-07-26,37.39,37.7,50.0
SEN019,2026-06-13 13:54:51,2026-06-13,26.9,3.4,87.0
SEN041,2026-05-17 23:30:28,2026-05-17,29.28,6.4,78.0
SEN007,2026-08-14 05:14:27,2026-08-14,21.4,41.3,91.0
SEN009,2026-01-16 17:16:59,2026-01-16,37.7,13.6,30.0
UNKNOWN,2026-02-25 12:09:30,2026-02-25,27.5,48.01,88.0
SEN032,2026-01-04 11:29:50,2026-01-04,16.2,,74.0
SEN003,2026-05-03 16:41:33,2026-05-03,26.1,13.46,59.0
SEN023,2026-05-10 21:31:05,2026-05-10,31.5,29.21,65.0
SEN025,2026-05-22 08:16:28,2026-05-22,20.4,4.7,59.0
SEN006,2026-05-07 17:06:10,2026-05-07,39.6,27.18,75.0
SEN030,2026-06-27 03:39:11,2026-06-27,35.6,,37.0
SEN041,2026-06-29 21:04:46,2026-06-29,32.6,42.93,44.0
SEN029,2026-07-10 06:07:00,2026-07-10,19.22,9.5,30.0
SEN047,2026-07-30 00:07:17,2026-07-30,15.5,25.9,71.0
SEN026,2026-08-29 00:40:05,2026-08-29,31.4,15.49,37.0
SEN036,2026-04-18 15:24:25,2026-04-18,28.0,22.7,44.0
SEN050,2026-03-30 08:55:28,2026-03-30,18.22,34.6,33.0
SEN013,2026-01-10 20:58:57,2026-01-10,37.3,,
SEN004,2026-04-07 00:20:56,2026-04-07,38.4,39.2,36.0
SEN009,2026-03-24 03:12:15,2026-03-24,17.3,5.3,51.0
SEN040,2026-07-07 06:53:43,2026-07-07,17.2,49.4,82.0
SEN036,2026-04-27 03:12:25,2026-04-27,39.8,,67.0
SEN009,2026-01-28 22:26:53,2026-01-28,24.3,43.18,61.0
SEN023,2026-04-12 11:40:31,2026-04-12,30.0,32.0,80.0
SEN035,2026-04-01 14:03:48,2026-04-01,20.5,45.4,87.0
SEN002,2026-04-22 23:27:36,2026-04-22,16.3,31.75,60.0
SEN031,2026-08-14 22:52:00,2026-08-14,34.2,0.2,
SEN005,2026-08-03 02:31:38,2026-08-03,18.1,14.9,35.0
SEN032,2026-08-05 11:31:17,2026-08-05,18.0,30.4,36.0
SEN001,2026-05-31 05:30:39,2026-05-31,16.5,18.8,40.0
UNKNOWN,2026-07-18 12:32:06,2026-07-18,24.1,46.7,
SEN048,2026-03-02 13:26:14,2026-03-02,35.28,41.2,35.0
SEN007,2026-01-12 17:13:21,2026-01-12,36.6,43.1,73.0
SEN031,2026-05-21 17:22:01,2026-05-21,17.0,,
SEN043,2026-07-21 09:20:22,2026-07-21,24.0,,50.0
SEN045,2026-08-22 23:56:53,2026-08-22,32.3,12.45,78.0
SEN046,2026-01-12 18:40:44,2026-01-12,38.28,29.8,53.0
SEN024,2026-06-17 07:34:36,2026-06-17,36.5,11.18,45.0
SEN012,2026-08-14 15:31:54,2026-08-14,37.5,8.7,66.0
SEN001,2026-05-05 16:54:36,2026-05-05,37.9,36.58,76.0
SEN006,2026-07-15 13:01:26,2026-07-15,27.1,,81.0
SEN010,2026-05-21 13:36:13,2026-05-21,27.7,,80.0
SEN033,2026-01-22 05:11:47,2026-01-22,35.4,5.7,70.0
SEN018,2026-05-25 09:46:39,2026-05-25,21.8,5.08,91.0
SEN016,2026-06-15 10:03:10,2026-06-15,39.89,15.4,
SEN033,2026-07-08 21:26:20,2026-07-08,26.6,11.7,45.0
SEN015,2026-08-30 08:59:39,2026-08-30,33.0,19.9,74.0
SEN019,2026-03-11 02:35:48,2026-03-11,17.8,2.2,63.0
SEN005,2026-04-23 05:31:06,2026-04-23,30.7,,64.0
SEN006,2026-03-09 16:36:31,2026-03-09,27.5,31.9,65.0
UNKNOWN,2026-01-10 17:29:12,2026-01-10,28.0,42.4,92.0
SEN005,2026-02-01 21:21:06,2026-02-01,25.1,38.9,83.0
SEN013,2026-06-01 15:07:22,2026-06-01,17.61,,53.0
SEN026,2026-05-11 07:45:24,2026-05-11,16.5,43.7,51.0
SEN013,2026-06-01 02:10:28,2026-06-01,28.28,16.26,87.0
SEN015,2026-04-24 23:18:59,2026-04-24,34.9,5.2,39.0
SEN007,2026-06-08 13:50:00,2026-06-08,35.1,39.9,
SEN031,2026-07-22 00:02:44,2026-07-22,37.8,27.3,87.0
SEN034,2026-04-20 16:15:33,2026-04-20,20.2,,47.0
SEN006,2026-02-13 11:30:05,2026-02-13,20.4,18.9,48.0
SEN024,2026-01-13 02:40:01,2026-01-13,21.5,,50.0
SEN019,2026-04-14 16:23:14,2026-04-14,21.7,4.4,88.0
SEN025,2026-04-06 23:39:31,2026-04-06,22.0,1.1,72.0
SEN010,2026-08-18 11:21:07,2026-08-18,36.7,41.4,79.0
SEN013,2026-09-06 01:45:51,2026-09-06,27.22,33.9,51.0
SEN002,2026-03-16 00:40:00,2026-03-16,31.9,19.56,56.0
SEN047,2026-03-12 02:01:46,2026-03-12,25.7,49.3,70.0
SEN029,2026-07-03 03:48:00,2026-07-03,31.4,38.7,
SEN037,2026-05-13 03:33:27,2026-05-13,18.5,45.72,56.0
SEN031,2026-09-05 18:06:22,2026-09-05,23.9,41.7,62.0
SEN041,2026-08-13 13:29:30,2026-08-13,22.8,0.7,78.0
SEN015,2026-03-11 22:03:42,2026-03-11,22.8,25.9,32.0
SEN049,2026-06-14 17:11:20,2026-06-14,29.3,41.1,35.0
UNKNOWN,2026-02-27 13:34:50,2026-02-27,24.11,27.8,86.0
SEN032,2026-08-07 15:42:01,2026-08-07,19.78,37.1,91.0
SEN016,2026-03-18 23:47:04,2026-03-18,18.3,25.7,30.0
SEN038,2026-05-30 20:51:17,2026-05-30,30.7,13.72,79.0
SEN046,2026-05-08 15:56:47,2026-05-08,24.7,27.3,55.0
SEN001,2026-07-12 12:26:31,2026-07-12,16.39,23.8,
SEN042,2026-01-17 20:57:39,2026-01-17,25.5,5.33,47.0
SEN019,2026-05-17 21:17:05,2026-05-17,25.3,34.8,77.0
SEN043,2026-01-04 05:11:04,2026-01-04,37.4,31.6,86.0
SEN003,2026-02-09 01:52:12,2026-02-09,24.0,5.2,54.0
SEN009,2026-01-23 14:43:37,2026-01-23,38.2,11.5,31.0
SEN036,2026-01-08 21:30:06,2026-01-08,21.6,32.4,79.0
SEN015,2026-02-09 18:29:05,2026-02-09,16.4,2.54,44.0
SEN006,2026-01-03 05:02:56,2026-01-03,22.2,,59.0
SEN015,2026-03-06 05:54:17,2026-03-06,35.9,35.7,75.0
SEN036,2026-06-04 02:40:27,2026-06-04,29.3,22.7,55.0
SEN028,2026-04-06 07:56:22,2026-04-06,35.6,18.6,84.0
SEN036,2026-06-14 21:00:10,2026-06-14,33.1,,74.0
SEN005,2026-02-27 23:51:05,2026-02-27,33.5,,66.0
SEN048,2026-04-01 16:03:43,2026-04-01,15.11,39.37,81.0
SEN008,2026-02-28 10:38:17,2026-02-28,35.3,34.2,48.0
SEN009,2026-06-11 20:47:47,2026-06-11,25.8,,49.0
SEN046,2026-05-02 21:48:42,2026-05-02,17.11,6.3,40.0
SEN010,2026-02-16 14:30:59,2026-02-16,22.4,48.51,32.0
SEN010,2026-06-02 09:55:02,2026-06-02,35.0,40.39,58.0
SEN044,2026-05-04 10:33:17,2026-05-04,28.5,,37.0
SEN038,2026-08-07 22:04:10,2026-08-07,34.0,27.94,31.0
SEN013,2026-03-22 11:04:17,2026-03-22,15.3,41.7,87.0
UNKNOWN,2026-07-24 06:07:57,2026-07-24,29.5,27.6,75.0
SEN019,2026-01-26 23:25:29,2026-01-26,24.6,32.2,37.0
SEN009,2026-07-13 15:01:02,2026-07-13,37.8,15.1,87.0
SEN038,2026-05-01 20:08:00,2026-05-01,33.78,12.9,45.0
SEN036,2026-08-03 09:55:49,2026-08-03,15.5,8.38,48.0
SEN039,2026-06-13 06:52:16,2026-06-13,19.8,,36.0
SEN018,2026-02-26 04:16:24,2026-02-26,28.22,,62.0
SEN006,2026-02-24 21:54:58,2026-02-24,27.5,6.35,68.0
SEN023,2026-03-08 09:55:59,2026-03-08,20.1,16.7,40.0
SEN042,2026-05-05 17:07:50,2026-05-05,27.9,19.3,65.0
SEN026,2026-06-25 21:21:47,2026-06-25,26.89,,76.0
UNKNOWN,2026-03-23 18:04:19,2026-03-23,21.5,19.05,
SEN050,2026-05-05 04:01:17,2026-05-05,39.89,25.6,82.0
SEN043,2026-06-20 08:04:05,2026-06-20,28.5,24.3,
SEN020,2026-04-26 15:14:14,2026-04-26,38.22,12.9,35.0
SEN017,2026-06-27 22:47:19,2026-06-27,16.7,30.23,41.0
SEN001,2026-06-29 23:15:31,2026-06-29,33.0,31.2,
SEN012,2026-02-05 02:51:51,2026-02-05,33.1,41.3,91.0
SEN042,2026-01-06 21:14:21,2026-01-06,37.72,32.3,44.0
SEN034,2026-03-13 00:18:01,2026-03-13,38.8,30.48,42.0
SEN036,2026-02-03 17:33:01,2026-02-03,34.72,,65.0
SEN020,2026-03-04 06:58:45,2026-03-04,22.6,,88.0
SEN023,2026-04-10 20:53:16,2026-04-10,31.6,19.05,34.0
SEN016,2026-01-06 20:11:14,2026-01-06,28.72,44.4,79.0
SEN006,2026-08-12 06:40:14,2026-08-12,30.9,44.7,30.0
SEN044,2026-01-03 07:09:12,2026-01-03,18.4,,
SEN002,2026-08-06 16:02:34,2026-08-06,18.11,28.6,39.0
SEN033,2026-09-03 01:29:30,2026-09-03,20.6,7.2,40.0
UNKNOWN,2026-07-23 17:05:07,2026-07-23,19.0,44.7,76.0
SEN005,2026-02-05 00:03:42,2026-02-05,26.3,32.51,72.0
SEN032,2026-04-03 16:06:40,2026-04-03,37.61,7.5,31.0
SEN030,2026-09-07 02:53:06,2026-09-07,29.0,27.5,66.0
SEN004,2026-03-01 19:10:11,2026-03-01,18.61,36.2,64.0
SEN015,2026-05-18 07:55:43,2026-05-18,24.5,28.1,66.0
SEN048,2026-08-16 16:49:30,2026-08-16,24.3,10.7,30.0
SEN002,2026-04-12 23:59:07,2026-04-12,34.9,38.1,57.0
SEN029,2026-04-09 05:52:22,2026-04-09,15.39,26.4,83.0
SEN030,2026-07-23 14:55:55,2026-07-23,24.78,30.3,47.0
SEN018,2026-08-10 08:43:05,2026-08-10,36.6,,55.0
SEN021,2026-05-26 23:28:47,2026-05-26,16.0,11.94,42.0
SEN035,2026-02-21 04:57:00,2026-02-21,21.5,28.8,80.0
SEN030,2026-03-06 18:28:11,2026-03-06,19.8,5.3,50.0
SEN015,2026-01-02 07:09:20,2026-01-02,33.3,3.3,39.0
SEN015,2026-01-29 09:28:53,2026-01-29,27.61,,89.0
SEN017,2026-04-11 22:27:18,2026-04-11,39.4,14.4,65.0
SEN001,2026-04-22 13:31:28,2026-04-22,28.2,23.6,79.0
SEN014,2026-02-09 02:22:38,2026-02-09,16.5,3.81,95.0
SEN024,2026-05-20 13:47:16,2026-05-20,26.61,2.8,71.0
SEN005,2026-03-14 05:15:27,2026-03-14,22.2,6.35,
SEN015,2026-02-15 01:50:42,2026-02-15,20.0,33.78,34.0
SEN010,2026-06-07 14:37:39,2026-06-07,30.4,44.5,62.0
SEN021,2026-09-05 22:11:54,2026-09-05,36.61,,67.0
SEN010,2026-01-18 08:38:43,2026-01-18,39.78,41.4,31.0
SEN034,2026-05-01 00:19:00,2026-05-01,22.0,11.5,32.0
SEN015,2026-02-02 19:52:47,2026-02-02,35.7,,92.0
SEN013,2026-04-24 21:35:37,2026-04-24,17.4,38.9,
SEN009,2026-01-28 05:37:38,2026-01-28,24.78,43.69,94.0
SEN019,2026-07-02 12:28:01,2026-07-02,17.3,49.1,32.0
SEN040,2026-06-04 16:35:11,2026-06-04,22.0,,61.0
SEN025,2026-01-06 04:43:32,2026-01-06,30.22,24.2,35.0
SEN010,2026-07-08 19:37:28,2026-07-08,19.0,8.7,35.0
SEN030,2026-07-26 20:00:00,2026-07-26,16.2,16.0,91.0
SEN016,2026-03-06 02:30:58,2026-03-06,22.11,,52.0
SEN010,2026-04-13 02:34:46,2026-04-13,16.1,22.35,
SEN027,2026-02-07 22:17:37,2026-02-07,25.22,16.5,33.0
SEN034,2026-04-05 00:00:00,2026-04-05,29.5,21.1,47.0
SEN047,2026-05-09 21:29:00,2026-05-09,23.8,,48.0
UNKNOWN,2026-06-25 04:33:00,2026-06-25,35.9,20.3,51.0
SEN050,2026-06-11 19:10:18,2026-06-11,38.1,4.0,
SEN046,2026-01-02 08:04:38,2026-01-02,38.6,36.8,50.0
SEN032,2026-03-13 23:06:04,2026-03-13,31.72,10.9,66.0
SEN012,2026-03-10 23:15:23,2026-03-10,39.4,17.02,32.0
SEN010,2026-06-29 19:54:47,2026-06-29,24.11,45.0,32.0
SEN026,2026-03-15 06:51:14,2026-03-15,16.39,39.7,80.0
SEN029,2026-07-31 08:43:27,2026-07-31,36.0,31.24,43.0
SEN046,2026-05-29 12:28:19,2026-05-29,30.6,48.5,
SEN022,2026-01-14 08:27:50,2026-01-14,16.9,,41.0
SEN044,2026-04-26 16:09:16,2026-04-26,17.0,3.5,83.0
SEN047,2026-07-25 12:33:48,2026-07-25,24.1,8.38,77.0
SEN048,2026-07-01 12:02:00,2026-07-01,28.0,,36.0
SEN005,2026-02-08 20:53:20,2026-02-08,38.4,30.7,66.0
SEN023,2026-05-29 18:23:33,2026-05-29,19.72,18.29,80.0
SEN038,2026-06-21 11:19:39,2026-06-21,39.0,43.5,
SEN020,2026-09-07 17:57:45,2026-09-07,24.28,33.78,58.0
SEN014,2026-06-05 19:16:20,2026-06-05,18.78,5.0,36.0
SEN038,2026-07-15 22:51:38,2026-07-15,21.8,2.54,30.0
SEN005,2026-09-01 18:02:17,2026-09-01,38.2,0.7,83.0
SEN050,2026-02-20 17:57:53,2026-02-20,20.78,19.2,59.0
SEN046,2026-08-24 00:49:55,2026-08-24,37.7,,52.0
SEN043,2026-01-19 18:17:56,2026-01-19,32.28,1.0,51.0
SEN049,2026-06-16 18:48:33,2026-06-16,24.5,30.5,36.0
SEN004,2026-09-03 21:33:26,2026-09-03,17.2,44.5,92.0
SEN028,2026-01-04 08:43:21,2026-01-04,23.4,31.3,34.0
SEN041,2026-01-31 13:08:27,2026-01-31,16.8,,50.0
SEN034,2026-04-27 08:16:15,2026-04-27,22.2,24.89,77.0
SEN027,2026-08-15 03:09:39,2026-08-15,26.9,3.3,53.0
SEN042,2026-05-19 13:27:22,2026-05-19,19.8,11.68,67.0
SEN009,2026-03-08 03:31:24,2026-03-08,18.6,12.9,67.0
SEN029,2026-06-18 15:50:56,2026-06-18,24.3,31.5,55.0
SEN035,2026-09-04 17:56:27,2026-09-04,20.6,14.48,37.0
SEN003,2026-06-26 15:50:53,2026-06-26,20.7,49.9,78.0
SEN005,2026-04-23 22:42:56,2026-04-23,16.3,48.3,
SEN041,2026-02-21 21:14:00,2026-02-21,21.11,,68.0
SEN005,2026-01-11 16:03:20,2026-01-11,17.9,14.22,62.0
SEN007,2026-01-31 15:06:50,2026-01-31,28.1,26.1,81.0
SEN004,2026-07-31 08:32:00,2026-07-31,38.4,42.1,30.0
SEN041,2026-08-22 17:48:32,2026-08-22,16.6,14.22,34.0
SEN043,2026-06-20 10:05:03,2026-06-20,22.72,45.9,34.0
SEN013,2026-04-25 06:29:47,2026-04-25,32.72,35.9,86.0
SEN024,2026-06-22 04:41:44,2026-06-22,36.0,,35.0
SEN012,2026-03-19 12:47:58,2026-03-19,35.6,47.1,48.0
SEN014,2026-03-26 00:00:00,2026-03-26,27.5,39.5,37.0
SEN031,2026-07-19 15:57:30,2026-07-19,24.0,30.48,41.0
SEN004,2026-04-22 00:09:58,2026-04-22,24.0,36.6,
UNKNOWN,2026-02-04 13:32:03,2026-02-04,30.0,,58.0
SEN017,2026-08-23 02:12:42,2026-08-23,21.39,43.1,83.0
SEN047,2026-07-31 09:08:44,2026-07-31,20.11,16.4,35.0
SEN035,2026-01-09 16:28:00,2026-01-09,34.8,48.8,64.0
SEN043,2026-03-30 15:02:38,2026-03-30,34.1,11.94,74.0
SEN047,2026-05-30 23:23:06,2026-05-30,31.5,39.1,73.0
SEN037,2026-02-08 02:56:20,2026-02-08,30.8,42.93,62.0
SEN038,2026-05-31 13:21:41,2026-05-31,26.22,,
SEN010,2026-05-13 02:41:03,2026-05-13,27.2,32.51,30.0
SEN006,2026-03-18 03:27:56,2026-03-18,39.5,30.23,32.0
SEN027,2026-08-26 19:37:59,2026-08-26,35.7,11.4,70.0
SEN045,2026-01-27 12:27:17,2026-01-27,18.1,42.93,62.0
SEN033,2026-08-08 00:20:20,2026-08-08,15.5,,73.0
SEN037,2026-05-24 16:14:06,2026-05-24,25.39,19.3,73.0
SEN015,2026-01-04 03:44:12,2026-01-04,28.7,31.4,
SEN046,2026-07-12 23:22:49,2026-07-12,32.78,17.7,62.0
SEN042,2026-07-24 06:05:40,2026-07-24,31.0,2.29,49.0
SEN047,2026-05-29 13:43:38,2026-05-29,29.9,18.5,
SEN034,2026-03-21 08:38:56,2026-03-21,37.0,,53.0
SEN008,2026-09-06 22:53:17,2026-09-06,35.8,38.5,68.0
SEN031,2026-08-23 15:26:13,2026-08-23,15.78,,57.0
SEN024,2026-03-15 06:20:53,2026-03-15,21.5,7.3,45.0
SEN028,2026-01-13 00:28:55,2026-01-13,32.72,46.4,59.0
SEN048,2026-02-09 19:56:21,2026-02-09,24.72,19.1,88.0
UNKNOWN,2026-06-15 04:41:00,2026-06-15,24.39,12.7,93.0
SEN004,2026-07-25 05:21:49,2026-07-25,38.8,25.6,47.0
SEN041,2026-07-18 19:07:50,2026-07-18,20.72,10.7,46.0
SEN022,2026-07-18 15:35:00,2026-07-18,33.61,32.0,66.0
SEN035,2026-04-01 08:23:55,2026-04-01,19.5,38.6,49.0
SEN033,2026-02-27 18:13:00,2026-02-27,22.8,6.7,95.0
SEN003,2026-03-12 01:11:53,2026-03-12,30.28,,59.0
SEN018,2026-02-23 19:26:38,2026-02-23,24.9,,31.0
SEN017,2026-02-24 22:44:51,2026-02-24,16.22,31.5,54.0
SEN049,2026-05-19 01:21:00,2026-05-19,37.6,3.05,52.0
SEN041,2026-03-02 15:54:28,2026-03-02,19.3,26.9,81.0
SEN013,2026-06-12 01:22:33,2026-06-12,15.8,,53.0
SEN043,2026-08-04 02:40:20,2026-08-04,23.0,27.5,37.0
SEN050,2026-07-25 07:21:20,2026-07-25,15.61,49.8,
SEN043,2026-05-15 07:05:29,2026-05-15,27.39,0.51,91.0
SEN024,2026-02-01 10:35:12,2026-02-01,34.2,37.9,63.0
SEN036,2026-06-30 09:02:55,2026-06-30,17.9,33.02,51.0
SEN037,2026-08-06 13:30:25,2026-08-06,24.0,34.29,61.0
SEN031,2026-03-16 16:30:48,2026-03-16,36.2,32.51,69.0
SEN014,2026-08-17 05:43:20,2026-08-17,27.4,19.7,55.0
SEN030,2026-04-18 07:36:45,2026-04-18,38.2,46.6,31.0
SEN050,2026-04-22 15:02:58,2026-04-22,33.8,19.81,82.0
SEN006,2026-03-11 14:17:59,2026-03-11,36.61,18.3,47.0
SEN033,2026-04-28 20:00:25,2026-04-28,19.9,16.6,68.0
SEN005,2026-05-05 11:28:10,2026-05-05,24.5,17.3,62.0
SEN014,2026-07-01 02:32:18,2026-07-01,21.28,29.72,33.0
SEN016,2026-04-28 02:53:46,2026-04-28,32.9,3.6,
SEN002,2026-04-11 21:17:34,2026-04-11,35.11,2.7,50.0
SEN028,2026-05-09 07:54:03,2026-05-09,24.3,32.4,59.0
SEN042,2026-08-11 16:34:38,2026-08-11,23.6,34.8,80.0
SEN023,2026-07-14 01:10:17,2026-07-14,37.89,2.29,32.0
SEN033,2026-08-16 19:59:35,2026-08-16,20.28,24.4,53.0
UNKNOWN,2026-04-03 11:06:39,2026-04-03,27.1,28.9,91.0
SEN018,2026-04-16 19:28:35,2026-04-16,22.1,45.7,50.0
SEN037,2026-03-05 01:31:09,2026-03-05,17.28,1.27,38.0
SEN031,2026-07-02 06:42:07,2026-07-02,31.4,44.7,46.0
SEN005,2026-03-01 20:16:00,2026-03-01,39.4,35.2,93.0
SEN027,2026-01-22 22:26:04,2026-01-22,23.89,14.22,
SEN028,2026-07-05 21:16:37,2026-07-05,27.5,,53.0
SEN003,2026-01-13 03:00:19,2026-01-13,23.3,,
SEN033,2026-08-02 19:54:01,2026-08-02,26.89,31.8,83.0
SEN007,2026-04-04 02:55:26,2026-04-04,25.1,17.02,61.0
SEN043,2026-08-14 11:22:16,2026-08-14,23.72,49.7,53.0
SEN050,2026-04-17 16:23:26,2026-04-17,15.5,23.5,
SEN029,2026-01-01 03:19:13,2026-01-01,20.89,,54.0
SEN019,2026-08-21 20:09:00,2026-08-21,28.3,38.7,93.0
UNKNOWN,2026-01-31 17:02:20,2026-01-31,34.7,13.21,82.0
SEN015,2026-08-23 23:13:37,2026-08-23,17.7,22.7,
SEN003,2026-09-05 17:28:10,2026-09-05,34.61,0.6,65.0
SEN042,2026-01-29 21:10:29,2026-01-29,31.4,23.88,
SEN004,2026-03-14 00:18:08,2026-03-14,35.0,23.8,43.0
SEN016,2026-08-25 07:29:49,2026-08-25,25.61,45.9,85.0
SEN009,2026-08-27 18:23:00,2026-08-27,34.4,37.2,73.0
SEN004,2026-03-03 17:53:07,2026-03-03,17.61,4.7,46.0
SEN022,2026-07-17 13:13:53,2026-07-17,15.4,20.5,64.0
SEN012,2026-03-05 04:39:45,2026-03-05,19.5,,89.0
SEN035,2026-03-23 21:10:44,2026-03-23,38.1,21.0,77.0
SEN005,2026-08-10 21:29:43,2026-08-10,30.89,22.7,86.0
SEN019,2026-06-22 07:15:11,2026-06-22,34.3,33.8,77.0
SEN022,2026-07-04 16:17:15,2026-07-04,28.5,7.37,58.0
SEN021,2026-04-26 14:23:25,2026-04-26,19.22,28.9,
SEN006,2026-06-16 16:34:00,2026-06-16,36.8,8.1,88.0
SEN024,2026-02-23 13:35:30,2026-02-23,28.1,47.4,93.0
SEN010,2026-02-03 07:05:09,2026-02-03,21.6,14.48,67.0
SEN007,2026-05-27 22:17:01,2026-05-27,23.1,7.87,77.0
SEN043,2026-07-12 06:39:17,2026-07-12,25.5,23.62,82.0
SEN014,2026-02-21 06:28:29,2026-02-21,38.78,24.38,85.0
SEN038,2026-08-12 05:56:04,2026-08-12,35.89,34.8,53.0
SEN028,2026-07-19 17:14:03,2026-07-19,19.5,30.48,42.0
SEN010,2026-08-31 13:43:07,2026-08-31,37.61,6.5,67.0
SEN007,2026-06-21 11:00:10,2026-06-21,27.3,23.1,
SEN024,2026-07-06 04:50:39,2026-07-06,17.0,19.0,92.0
SEN048,2026-06-29 04:14:30,2026-06-29,17.5,34.6,36.0
SEN032,2026-04-20 15:09:16,2026-04-20,36.78,36.2,75.0
SEN010,2026-02-24 21:57:10,2026-02-24,38.89,21.8,95.0
SEN004,2026-08-13 11:00:01,2026-08-13,37.9,,60.0
SEN021,2026-05-28 07:23:25,2026-05-28,17.7,8.8,44.0
SEN003,2026-02-19 15:41:16,2026-02-19,29.7,19.8,68.0
SEN030,2026-08-21 16:42:59,2026-08-21,28.0,45.3,47.0
SEN047,2026-05-28 00:00:00,2026-05-28,17.78,,60.0
SEN012,2026-04-04 18:08:16,2026-04-04,34.61,38.9,63.0
UNKNOWN,2026-05-26 13:32:55,2026-05-26,28.3,9.65,80.0
SEN041,2026-04-12 04:43:02,2026-04-12,34.22,3.0,68.0
SEN038,2026-02-18 12:52:17,2026-02-18,22.39,44.4,43.0
SEN003,2026-04-22 13:24:33,2026-04-22,18.0,,67.0
SEN004,2026-07-07 06:08:41,2026-07-07,32.6,44.0,63.0
SEN036,2026-02-14 05:32:15,2026-02-14,25.61,38.0,49.0
SEN026,2026-04-27 04:40:48,2026-04-27,39.61,49.7,93.0
SEN035,2026-08-02 00:00:21,2026-08-02,17.3,10.16,
SEN040,2026-09-09 23:38:15,2026-09-09,24.39,22.1,37.0
SEN005,2026-04-27 17:55:32,2026-04-27,28.0,,93.0
SEN020,2026-01-20 23:49:44,2026-01-20,39.3,19.81,51.0
SEN030,2026-01-26 10:01:13,2026-01-26,33.4,2.4,32.0
SEN027,2026-08-31 06:56:45,2026-08-31,36.2,28.1,30.0
SEN033,2026-01-27 11:37:18,2026-01-27,24.7,,33.0
SEN050,2026-05-25 00:31:20,2026-05-25,39.8,23.37,45.0
SEN044,2026-04-29 15:43:16,2026-04-29,39.78,18.5,
SEN016,2026-08-05 00:43:51,2026-08-05,38.9,46.7,57.0
SEN037,2026-07-15 20:28:35,2026-07-15,26.2,43.3,33.0
SEN041,2026-04-06 23:58:36,2026-04-06,30.5,9.6,32.0
SEN026,2026-05-10 08:35:25,2026-05-10,19.3,,39.0
SEN039,2026-03-13 03:58:00,2026-03-13,28.3,0.3,30.0
SEN012,2026-05-07 08:54:29,2026-05-07,30.28,36.9,53.0
SEN022,2026-03-01 18:07:04,2026-03-01,38.89,29.6,56.0
SEN035,2026-01-15 01:59:10,2026-01-15,31.39,48.5,
SEN025,2026-01-05 05:15:03,2026-01-05,27.9,48.1,41.0
SEN036,2026-03-07 00:57:52,2026-03-07,15.7,21.2,
SEN026,2026-04-03 13:45:07,2026-04-03,28.2,,74.0
SEN013,2026-02-07 11:56:25,2026-02-07,18.1,,53.0
SEN004,2026-05-10 01:55:24,2026-05-10,27.78,40.39,90.0
SEN032,2026-08-22 01:23:31,2026-08-22,21.0,34.8,52.0
SEN037,2026-02-28 20:01:09,2026-02-28,31.1,4.9,30.0
SEN023,2026-05-17 04:07:27,2026-05-17,26.39,4.4,94.0
SEN012,2026-01-07 01:27:56,2026-01-07,29.72,2.7,58.0
SEN037,2026-06-14 19:33:54,2026-06-14,36.2,42.0,64.0
SEN030,2026-05-08 06:33:27,2026-05-08,17.9,,57.0
SEN038,2026-05-02 18:10:18,2026-05-02,37.6,3.0,40.0
SEN025,2026-04-09 10:42:24,2026-04-09,25.8,45.21,87.0
SEN015,2026-01-19 04:48:33,2026-01-19,20.89,31.75,64.0
SEN031,2026-02-14 03:02:26,2026-02-14,39.39,14.6,54.0
SEN010,2026-01-30 11:59:39,2026-01-30,37.0,28.96,51.0
SEN044,2026-07-23 19:37:24,2026-07-23,25.8,37.7,35.0
SEN050,2026-02-26 05:10:18,2026-02-26,33.5,1.02,61.0
SEN039,2026-06-09 12:37:44,2026-06-09,38.0,32.5,75.0
SEN034,2026-06-06 02:02:07,2026-06-06,25.0,35.6,62.0
SEN046,2026-04-01 12:14:48,2026-04-01,17.6,20.8,42.0
SEN036,2026-07-23 05:31:21,2026-07-23,38.8,,80.0
SEN002,2026-06-19 16:29:07,2026-06-19,33.78,23.7,92.0
SEN040,2026-04-26 14:34:12,2026-04-26,31.5,39.1,61.0
SEN040,2026-06-09 08:30:48,2026-06-09,19.0,18.54,65.0
SEN013,2026-02-28 12:55:51,2026-02-28,31.4,16.51,80.0
SEN037,2026-05-27 08:54:58,2026-05-27,34.2,35.81,
SEN010,2026-01-19 01:16:52,2026-01-19,16.9,46.23,39.0
SEN023,2026-06-02 19:27:43,2026-06-02,15.3,19.8,65.0
SEN037,2026-03-01 13:42:37,2026-03-01,23.39,14.5,38.0
SEN028,2026-03-05 10:29:03,2026-03-05,39.28,,94.0
SEN015,2026-01-22 18:54:58,2026-01-22,21.3,26.1,64.0
SEN027,2026-02-06 15:26:13,2026-02-06,29.0,3.2,64.0
SEN023,2026-03-17 20:57:51,2026-03-17,19.5,17.0,60.0
SEN023,2026-09-01 12:04:00,2026-09-01,36.89,42.3,88.0
SEN028,2026-05-16 18:30:11,2026-05-16,31.5,15.6,70.0
SEN034,2026-06-03 16:06:36,2026-06-03,31.39,32.26,64.0
SEN050,2026-05-21 19:50:46,2026-05-21,35.72,33.6,85.0
SEN015,2026-08-07 21:20:07,2026-08-07,26.9,,77.0
SEN041,2026-04-20 07:44:45,2026-04-20,40.0,48.4,
UNKNOWN,2026-01-10 21:15:54,2026-01-10,36.28,34.4,59.0
SEN028,2026-07-30 00:00:00,2026-07-30,38.3,36.7,38.0
SEN016,2026-01-02 13:28:27,2026-01-02,20.3,38.7,66.0
SEN012,2026-05-24 13:58:27,2026-05-24,27.2,10.92,87.0
SEN026,2026-01-04 00:15:35,2026-01-04,31.8,30.1,61.0
SEN009,2026-06-13 02:28:08,2026-06-13,32.28,26.92,86.0
SEN031,2026-05-15 09:23:18,2026-05-15,29.2,20.83,56.0
SEN032,2026-04-25 10:40:50,2026-04-25,22.72,24.13,83.0
SEN030,2026-06-14 00:07:59,2026-06-14,38.89,22.4,53.0
SEN013,2026-07-10 22:44:41,2026-07-10,18.8,35.9,36.0
SEN011,2026-03-04 15:02:00,2026-03-04,19.22,40.3,42.0
SEN030,2026-07-06 03:40:40,2026-07-06,17.5,16.0,62.0
SEN017,2026-02-14 05:37:45,2026-02-14,15.4,11.1,51.0
SEN005,2026-05-10 11:07:14,2026-05-10,33.39,34.8,79.0
SEN044,2026-02-21 04:50:32,2026-02-21,16.2,,65.0
SEN039,2026-06-14 08:04:18,2026-06-14,39.8,20.7,45.0
SEN025,2026-08-10 15:56:21,2026-08-10,31.3,46.9,
SEN035,2026-03-21 09:14:44,2026-03-21,37.4,42.1,59.0
SEN012,2026-06-15 04:43:04,2026-06-15,18.61,37.0,52.0
UNKNOWN,2026-07-14 14:36:23,2026-07-14,15.1,20.5,44.0
SEN031,2026-07-24 07:59:12,2026-07-24,31.28,13.21,
SEN015,2026-06-05 00:01:38,2026-06-05,30.6,5.4,40.0
SEN006,2026-08-01 09:22:38,2026-08-01,18.5,26.2,63.0
SEN026,2026-07-21 11:24:00,2026-07-21,30.22,30.5,46.0
SEN029,2026-01-09 03:08:54,2026-01-09,34.5,11.6,
SEN025,2026-01-22 19:20:49,2026-01-22,21.72,43.6,48.0
SEN050,2026-02-25 13:52:31,2026-02-25,20.28,19.56,65.0
SEN019,2026-03-13 15:00:38,2026-03-13,31.78,39.1,50.0
SEN011,2026-01-20 14:18:21,2026-01-20,15.2,42.5,38.0
SEN008,2026-04-13 16:31:51,2026-04-13,34.9,,45.0
SEN012,2026-01-25 07:03:38,2026-01-25,37.7,25.4,71.0
SEN044,2026-06-05 00:00:00,2026-06-05,25.9,33.02,67.0
SEN026,2026-07-17 08:57:42,2026-07-17,22.89,6.9,82.0
SEN039,2026-05-22 14:26:55,2026-05-22,37.4,41.4,49.0
SEN016,2026-05-29 16:16:56,2026-05-29,30.11,3.2,45.0
SEN012,2026-02-24 20:32:57,2026-02-24,18.9,14.9,
SEN012,2026-06-17 09:54:29,2026-06-17,23.72,,30.0
SEN018,2026-06-21 17:09:18,2026-06-21,28.28,38.9,30.0
SEN044,2026-01-20 17:17:01,2026-01-20,15.0,2.9,38.0
SEN046,2026-02-24 22:22:38,2026-02-24,31.11,37.1,
SEN002,2026-04-20 04:14:07,2026-04-20,35.39,20.0,50.0
SEN011,2026-07-04 14:23:26,2026-07-04,29.4,25.6,82.0
SEN022,2026-04-09 09:42:50,2026-04-09,20.22,49.02,35.0
SEN011,2026-03-26 02:02:56,2026-03-26,23.78,42.4,86.0
SEN032,2026-07-09 10:35:07,2026-07-09,25.6,0.2,34.0
SEN009,2026-06-02 04:38:07,2026-06-02,16.11,19.8,66.0
SEN031,2026-08-12 01:28:47,2026-08-12,18.8,19.3,53.0
SEN033,2026-04-29 15:39:56,2026-04-29,26.7,15.1,60.0
SEN022,2026-05-05 08:05:05,2026-05-05,25.22,,70.0
SEN030,2026-02-08 08:20:22,2026-02-08,26.22,7.62,75.0
SEN048,2026-05-06 10:11:02,2026-05-06,29.6,8.38,80.0
SEN004,2026-04-20 17:06:11,2026-04-20,26.3,16.0,64.0
SEN027,2026-01-07 04:44:19,2026-01-07,25.9,26.9,74.0
SEN008,2026-01-22 04:04:20,2026-01-22,31.3,9.91,87.0
SEN029,2026-03-26 01:07:40,2026-03-26,20.28,44.9,89.0
SEN035,2026-01-12 02:50:07,2026-01-12,16.3,44.4,45.0
SEN048,2026-09-01 04:11:05,2026-09-01,29.1,28.1,44.0
UNKNOWN,2026-05-16 20:33:08,2026-05-16,39.5,49.9,46.0
SEN014,2026-02-15 02:40:21,2026-02-15,34.7,35.05,57.0
SEN012,2026-04-06 11:11:41,2026-04-06,28.22,1.7,74.0
SEN049,2026-03-17 01:55:44,2026-03-17,19.9,,72.0
SEN006,2026-02-28 11:25:24,2026-02-28,17.5,19.7,57.0
SEN007,2026-03-11 23:16:00,2026-03-11,23.89,32.6,91.0
SEN012,2026-07-09 09:58:24,2026-07-09,22.4,,32.0
SEN019,2026-04-17 22:42:14,2026-04-17,33.7,31.7,70.0
SEN004,2026-02-09 19:43:24,2026-02-09,18.78,34.04,
SEN020,2026-07-29 12:44:18,2026-07-29,21.4,1.52,72.0
SEN038,2026-02-13 12:57:34,2026-02-13,22.7,30.1,48.0
SEN030,2026-08-31 06:32:22,2026-08-31,19.7,10.5,46.0
SEN046,2026-03-08 09:56:35,2026-03-08,18.5,6.2,49.0
SEN028,2026-02-26 18:25:42,2026-02-26,36.0,45.97,80.0
SEN018,2026-02-04 17:24:12,2026-02-04,36.4,10.3,79.0
SEN050,2026-08-09 20:19:43,2026-08-09,15.1,,42.0
SEN016,2026-09-01 13:53:47,2026-09-01,35.7,9.7,85.0
SEN036,2026-08-02 00:59:34,2026-08-02,17.89,,84.0
SEN023,2026-03-03 07:18:33,2026-03-03,28.78,0.25,89.0
SEN025,2026-02-25 01:28:26,2026-02-25,22.5,36.9,57.0
SEN008,2026-04-17 08:36:14,2026-04-17,26.22,14.48,42.0
SEN022,2026-08-28 17:16:20,2026-08-28,20.4,41.4,85.0
UNKNOWN,2026-08-09 00:48:08,2026-08-09,22.9,39.88,89.0
SEN003,2026-04-14 13:17:03,2026-04-14,21.1,49.78,88.0
SEN028,2026-05-06 21:16:34,2026-05-06,30.8,23.6,35.0
SEN035,2026-07-08 00:26:00,2026-07-08,20.7,45.4,39.0
SEN028,2026-03-15 17:58:34,2026-03-15,36.72,5.84,
SEN009,2026-03-27 03:21:44,2026-03-27,19.8,11.2,49.0
SEN045,2026-03-07 07:05:04,2026-03-07,39.78,,94.0
SEN045,2026-09-05 16:35:28,2026-09-05,20.11,26.92,49.0
SEN036,2026-07-26 17:00:17,2026-07-26,20.8,42.3,49.0
UNKNOWN,2026-03-10 18:21:34,2026-03-10,27.0,32.6,72.0
SEN042,2026-02-06 22:45:21,2026-02-06,23.6,49.78,94.0
SEN045,2026-04-24 18:55:18,2026-04-24,23.11,21.9,61.0
SEN012,2026-04-08 13:41:06,2026-04-08,27.11,43.3,78.0
SEN023,2026-04-21 00:59:39,2026-04-21,27.5,30.99,38.0
SEN014,2026-07-09 00:00:00,2026-07-09,20.7,23.4,53.0
SEN038,2026-01-08 12:31:51,2026-01-08,30.0,,79.0
SEN004,2026-03-01 14:26:10,2026-03-01,34.4,34.4,73.0
SEN017,2026-09-07 22:51:55,2026-09-07,33.5,,81.0
SEN013,2026-02-07 18:55:04,2026-02-07,39.22,38.9,50.0
SEN041,2026-01-21 08:32:37,2026-01-21,20.78,45.72,79.0
SEN047,2026-01-07 22:33:28,2026-01-07,27.4,,86.0
SEN002,2026-04-01 18:16:13,2026-04-01,15.2,30.8,31.0
SEN005,2026-06-27 12:20:20,2026-06-27,24.9,33.2,49.0
SEN041,2026-06-30 14:18:09,2026-06-30,20.5,5.9,71.0
SEN005,2026-04-17 15:38:46,2026-04-17,20.72,41.6,36.0
SEN029,2026-05-10 01:45:41,2026-05-10,29.39,14.7,55.0
SEN016,2026-06-03 00:09:51,2026-06-03,39.6,,85.0
SEN030,2026-04-21 12:30:07,2026-04-21,32.0,,61.0
UNKNOWN,2026-01-19 14:51:57,2026-01-19,35.1,40.0,85.0
SEN006,2026-08-08 20:44:33,2026-08-08,24.9,28.7,59.0
UNKNOWN,2026-04-14 11:05:00,2026-04-14,33.72,42.6,
SEN026,2026-04-05 00:47:11,2026-04-05,39.5,,62.0
SEN040,2026-03-17 20:28:00,2026-03-17,37.2,1.3,42.0
SEN007,2026-01-15 02:39:41,2026-01-15,15.3,48.77,69.0
SEN019,2026-08-13 22:09:41,2026-08-13,28.89,10.0,59.0
SEN017,2026-08-02 20:01:52,2026-08-02,38.9,11.18,59.0
SEN030,2026-03-08 16:37:55,2026-03-08,21.9,47.0,93.0
SEN025,2026-07-11 17:26:56,2026-07-11,34.1,,51.0
SEN039,2026-01-26 01:42:20,2026-01-26,23.3,47.7,88.0
SEN042,2026-01-21 08:47:55,2026-01-21,31.3,16.4,
SEN012,2026-02-13 22:31:37,2026-02-13,37.8,,64.0
SEN023,2026-03-15 18:07:47,2026-03-15,28.0,,85.0
SEN017,2026-06-25 04:38:01,2026-06-25,21.2,13.4,90.0
SEN034,2026-09-06 07:48:28,2026-09-06,17.8,,47.0
SEN003,2026-09-06 14:05:05,2026-09-06,21.5,41.1,85.0
SEN027,2026-01-11 13:38:38,2026-01-11,25.5,23.2,89.0
SEN001,2026-01-08 04:47:00,2026-01-08,18.4,23.9,94.0
SEN047,2026-09-08 19:58:54,2026-09-08,39.28,47.5,80.0
SEN032,2026-03-13 00:00:00,2026-03-13,23.28,19.8,30.0
UNKNOWN,2026-01-17 20:09:00,2026-01-17,31.6,43.94,65.0
SEN022,2026-08-30 01:56:00,2026-08-30,28.5,2.8,77.0
SEN021,2026-08-22 09:46:16,2026-08-22,17.8,41.91,39.0
SEN011,2026-02-03 01:31:59,2026-02-03,16.22,16.3,55.0
UNKNOWN,2026-07-22 18:23:21,2026-07-22,38.4,,36.0
SEN040,2026-04-21 16:54:17,2026-04-21,21.11,22.86,
SEN013,2026-05-28 01:19:18,2026-05-28,35.6,,54.0
SEN028,2026-02-03 22:56:21,2026-02-03,17.9,,46.0
SEN012,2026-03-04 07:20:45,2026-03-04,37.2,,62.0
SEN019,2026-08-26 09:59:17,2026-08-26,27.0,,39.0
SEN012,2026-05-18 12:44:29,2026-05-18,39.9,24.8,83.0
SEN050,2026-06-24 05:38:01,2026-06-24,32.7,11.1,81.0
SEN041,2026-07-25 11:15:24,2026-07-25,22.6,5.7,40.0
SEN012,2026-01-09 08:21:54,2026-01-09,26.0,6.8,36.0
SEN047,2026-07-06 22:09:12,2026-07-06,30.5,48.4,49.0
SEN045,2026-03-10 16:20:00,2026-03-10,21.28,2.1,50.0
SEN004,2026-04-07 13:41:18,2026-04-07,33.3,37.8,57.0
SEN002,2026-05-27 13:35:36,2026-05-27,29.89,14.3,
SEN037,2026-07-09 12:17:50,2026-07-09,19.8,7.7,86.0
UNKNOWN,2026-08-25 23:43:04,2026-08-25,20.39,32.2,85.0
SEN001,2026-07-25 21:22:00,2026-07-25,34.11,,88.0
SEN024,2026-01-26 00:43:11,2026-01-26,34.6,21.1,67.0
SEN002,2026-02-27 19:46:01,2026-02-27,26.2,12.5,70.0
SEN032,2026-07-26 14:33:39,2026-07-26,19.61,24.9,60.0
SEN043,2026-04-01 16:01:54,2026-04-01,39.6,23.2,54.0
SEN046,2026-07-26 00:24:04,2026-07-26,24.5,11.6,83.0
SEN050,2026-04-29 19:52:10,2026-04-29,35.0,15.2,77.0
SEN047,2026-07-11 13:43:46,2026-07-11,22.1,21.6,
SEN025,2026-03-29 04:24:42,2026-03-29,18.0,19.56,85.0
SEN037,2026-09-06 20:58:52,2026-09-06,31.22,35.31,
SEN042,2026-03-15 10:19:39,2026-03-15,18.3,23.8,42.0
SEN007,2026-05-15 04:51:46,2026-05-15,16.1,29.2,34.0
SEN044,2026-03-23 05:49:00,2026-03-23,18.2,19.0,61.0
SEN027,2026-06-03 09:01:28,2026-06-03,23.0,32.9,71.0
SEN020,2026-08-03 23:31:57,2026-08-03,35.3,19.3,77.0
UNKNOWN,2026-02-23 16:54:21,2026-02-23,29.2,1.52,75.0
SEN043,2026-01-08 16:19:46,2026-01-08,28.72,0.51,40.0
SEN009,2026-02-24 13:02:39,2026-02-24,39.5,38.9,46.0
SEN046,2026-05-12 03:15:37,2026-05-12,22.72,45.47,79.0
SEN037,2026-06-01 11:08:17,2026-06-01,30.89,18.1,53.0
SEN029,2026-07-02 03:47:39,2026-07-02,36.3,32.51,30.0
SEN015,2026-05-09 22:18:55,2026-05-09,27.0,6.2,49.0
SEN008,2026-01-07 05:20:52,2026-01-07,19.5,22.1,30.0
SEN017,2026-07-16 02:58:09,2026-07-16,39.2,7.62,36.0
SEN033,2026-07-23 02:02:44,2026-07-23,24.61,25.65,94.0
SEN046,2026-04-17 23:41:30,2026-04-17,38.4,26.9,75.0
UNKNOWN,2026-01-15 14:55:03,2026-01-15,39.11,0.2,81.0
SEN048,2026-04-03 13:41:10,2026-04-03,16.28,25.1,84.0
SEN002,2026-01-31 20:52:52,2026-01-31,26.61,32.7,56.0
SEN020,2026-05-23 20:15:58,2026-05-23,16.0,37.9,82.0
SEN023,2026-08-21 18:55:04,2026-08-21,39.3,17.4,43.0
UNKNOWN,2026-03-17 07:36:23,2026-03-17,21.72,37.4,72.0
SEN030,2026-06-11 03:04:17,2026-06-11,21.5,48.8,50.0
SEN005,2026-07-27 10:45:28,2026-07-27,19.5,24.7,85.0
SEN037,2026-05-20 04:14:27,2026-05-20,31.1,22.8,
SEN043,2026-08-21 17:56:21,2026-08-21,26.0,25.1,32.0
SEN041,2026-01-03 11:35:34,2026-01-03,25.22,,49.0
SEN035,2026-03-18 05:35:19,2026-03-18,36.0,1.2,75.0
SEN040,2026-08-06 00:00:00,2026-08-06,20.1,,32.0
SEN034,2026-01-01 06:59:52,2026-01-01,39.28,20.83,
SEN041,2026-06-08 19:26:55,2026-06-08,23.0,,36.0
SEN032,2026-06-27 00:10:20,2026-06-27,31.7,46.9,94.0
SEN039,2026-07-23 17:57:55,2026-07-23,19.6,37.4,63.0
SEN017,2026-02-09 22:13:05,2026-02-09,16.1,27.7,
SEN020,2026-07-10 22:12:08,2026-07-10,27.9,48.2,67.0
SEN014,2026-05-04 22:43:41,2026-05-04,26.1,34.29,70.0
SEN035,2026-09-05 00:20:13,2026-09-05,15.28,44.9,42.0
SEN034,2026-02-04 01:35:43,2026-02-04,30.5,,66.0
SEN010,2026-05-10 06:49:32,2026-05-10,33.9,,89.0
SEN008,2026-02-23 21:35:59,2026-02-23,28.5,12.6,45.0
SEN006,2026-06-29 12:29:01,2026-06-29,30.28,,64.0
SEN037,2026-04-30 02:44:04,2026-04-30,28.72,4.7,
SEN035,2026-07-05 09:17:01,2026-07-05,31.3,0.76,30.0
SEN016,2026-01-29 20:39:56,2026-01-29,38.6,0.25,88.0
SEN010,2026-05-12 23:08:23,2026-05-12,15.6,25.15,56.0
SEN013,2026-03-22 12:24:03,2026-03-22,28.6,1.3,64.0
SEN017,2026-06-28 21:49:54,2026-06-28,33.28,31.4,46.0
SEN045,2026-06-09 08:57:02,2026-06-09,15.11,4.06,90.0
UNKNOWN,2026-06-01 20:04:34,2026-06-01,25.5,,
SEN015,2026-06-15 18:15:59,2026-06-15,26.28,40.0,88.0
SEN036,2026-04-21 19:41:14,2026-04-21,28.5,7.2,87.0
SEN030,2026-05-08 07:06:00,2026-05-08,38.28,4.6,32.0
SEN041,2026-02-22 14:48:15,2026-02-22,29.5,30.99,91.0
SEN017,2026-06-19 06:58:57,2026-06-19,15.9,7.3,94.0
SEN003,2026-08-13 13:21:35,2026-08-13,24.0,2.79,92.0
SEN041,2026-01-22 05:04:16,2026-01-22,18.0,,66.0
SEN046,2026-04-21 04:04:58,2026-04-21,38.39,,38.0
SEN032,2026-03-13 15:49:23,2026-03-13,18.4,15.2,59.0
SEN034,2026-02-27 15:52:00,2026-02-27,32.4,30.99,59.0
SEN010,2026-03-08 07:32:49,2026-03-08,26.6,,92.0
SEN022,2026-04-01 07:44:27,2026-04-01,26.7,11.2,61.0
SEN048,2026-04-14 00:56:13,2026-04-14,15.7,16.7,39.0
UNKNOWN,2026-03-06 11:01:44,2026-03-06,29.61,17.0,50.0
SEN039,2026-05-28 01:03:35,2026-05-28,17.78,31.1,36.0
SEN024,2026-08-14 17:26:25,2026-08-14,19.61,45.7,91.0
SEN036,2026-01-03 06:12:54,2026-01-03,15.78,6.2,45.0
SEN026,2026-07-12 00:09:21,2026-07-12,21.6,33.6,89.0
SEN019,2026-05-02 06:35:54,2026-05-02,28.39,,63.0
SEN026,2026-08-10 16:41:37,2026-08-10,16.7,20.1,88.0
SEN002,2026-05-17 03:53:52,2026-05-17,24.61,39.12,
UNKNOWN,2026-01-08 17:19:56,2026-01-08,34.0,23.11,78.0
SEN049,2026-02-12 04:51:07,2026-02-12,36.11,21.3,50.0
SEN009,2026-08-05 19:58:39,2026-08-05,18.2,19.8,48.0
SEN007,2026-03-30 22:22:37,2026-03-30,19.5,25.3,73.0
SEN022,2026-01-16 21:02:15,2026-01-16,19.78,6.8,82.0
SEN045,2026-08-27 18:20:31,2026-08-27,29.78,13.9,94.0
SEN011,2026-02-20 12:51:22,2026-02-20,30.2,12.2,
SEN010,2026-07-04 22:20:01,2026-07-04,19.61,,87.0
SEN001,2026-07-21 22:11:11,2026-07-21,17.39,38.6,
SEN041,2026-01-21 20:56:30,2026-01-21,25.89,11.7,72.0
SEN012,2026-05-01 00:28:13,2026-05-01,33.5,34.0,49.0
SEN010,2026-06-30 12:41:39,2026-06-30,40.0,45.47,48.0
SEN022,2026-05-20 17:50:14,2026-05-20,24.6,36.9,89.0
SEN007,2026-02-17 09:34:10,2026-02-17,29.8,13.0,92.0
SEN033,2026-03-07 08:29:49,2026-03-07,27.6,20.5,69.0
SEN036,2026-02-17 08:39:32,2026-02-17,32.2,,
SEN037,2026-02-03 17:45:59,2026-02-03,39.5,43.3,38.0
SEN032,2026-04-12 00:44:20,2026-04-12,35.2,22.9,33.0
SEN025,2026-08-13 02:25:44,2026-08-13,36.1,20.0,70.0
SEN011,2026-04-14 12:31:03,2026-04-14,20.39,36.2,38.0
UNKNOWN,2026-03-09 20:14:15,2026-03-09,27.11,26.0,42.0
SEN047,2026-01-06 14:07:47,2026-01-06,38.5,27.4,61.0
SEN028,2026-06-13 19:17:15,2026-06-13,20.8,10.9,89.0
SEN019,2026-09-08 06:19:15,2026-09-08,15.3,,
SEN025,2026-06-19 14:04:14,2026-06-19,23.72,10.92,
SEN027,2026-03-13 05:52:13,2026-03-13,27.4,25.8,92.0
SEN020,2026-09-06 13:15:59,2026-09-06,20.4,46.0,90.0
SEN030,2026-07-14 22:51:48,2026-07-14,34.61,,41.0
SEN029,2026-05-26 20:22:58,2026-05-26,26.3,1.52,
SEN010,2026-06-30 03:57:20,2026-06-30,17.3,,85.0
SEN010,2026-06-12 16:26:20,2026-06-12,25.3,,59.0
SEN032,2026-07-14 21:33:47,2026-07-14,24.0,,31.0
SEN014,2026-08-05 10:07:40,2026-08-05,18.7,24.9,
SEN049,2026-03-22 10:45:28,2026-03-22,26.6,31.5,57.0
SEN036,2026-04-24 17:35:31,2026-04-24,20.1,12.7,79.0
SEN033,2026-04-04 16:13:43,2026-04-04,29.11,,
SEN002,2026-05-14 12:14:01,2026-05-14,28.11,31.4,65.0
SEN015,2026-01-25 21:55:42,2026-01-25,38.6,,
SEN039,2026-03-20 18:08:59,2026-03-20,17.6,5.0,51.0
SEN033,2026-07-19 09:15:56,2026-07-19,18.2,,49.0
SEN021,2026-01-03 14:31:23,2026-01-03,27.39,36.6,78.0
SEN032,2026-01-08 03:21:15,2026-01-08,17.89,1.5,94.0
SEN036,2026-01-26 14:06:38,2026-01-26,34.9,28.1,43.0
SEN027,2026-01-02 07:50:44,2026-01-02,29.1,13.0,38.0
SEN004,2026-08-03 20:18:15,2026-08-03,25.0,14.2,
SEN005,2026-05-06 04:59:20,2026-05-06,18.39,9.4,55.0
SEN015,2026-03-27 03:24:44,2026-03-27,16.89,1.8,33.0
SEN025,2026-06-25 06:26:01,2026-06-25,39.3,47.6,37.0
SEN025,2026-01-13 16:34:06,2026-01-13,29.7,,77.0
UNKNOWN,2026-07-23 19:20:13,2026-07-23,24.8,22.6,37.0
SEN042,2026-02-07 23:31:16,2026-02-07,30.2,17.0,76.0
SEN016,2026-04-26 05:55:08,2026-04-26,29.61,18.3,76.0
SEN044,2026-07-12 11:12:55,2026-07-12,22.28,42.7,68.0
SEN021,2026-06-15 15:45:31,2026-06-15,16.22,,
SEN032,2026-07-10 13:02:26,2026-07-10,29.5,10.4,
SEN014,2026-06-29 21:55:10,2026-06-29,33.5,,49.0
SEN010,2026-04-23 00:00:00,2026-04-23,37.28,37.7,51.0
SEN013,2026-07-15 22:16:47,2026-07-15,23.11,14.6,86.0
SEN048,2026-05-28 10:54:26,2026-05-28,16.1,14.2,34.0
SEN025,2026-08-05 17:00:58,2026-08-05,37.61,47.24,
SEN033,2026-01-21 21:01:01,2026-01-21,20.72,48.8,83.0
SEN016,2026-04-03 11:01:12,2026-04-03,32.78,30.3,74.0
SEN047,2026-02-28 16:27:26,2026-02-28,21.3,0.0,32.0
SEN006,2026-01-12 15:11:27,2026-01-12,21.78,0.1,94.0
SEN012,2026-05-23 15:34:49,2026-05-23,28.39,49.9,72.0
SEN024,2026-04-26 05:42:22,2026-04-26,39.28,3.4,90.0
SEN046,2026-01-12 09:08:07,2026-01-12,33.1,49.02,41.0
SEN003,2026-01-09 07:51:01,2026-01-09,15.4,,92.0
SEN024,2026-01-26 03:48:55,2026-01-26,18.9,8.7,58.0
SEN035,2026-01-10 11:41:28,2026-01-10,31.7,42.42,49.0
SEN032,2026-08-13 08:10:43,2026-08-13,30.39,,75.0
SEN049,2026-01-09 07:01:17,2026-01-09,37.39,3.4,38.0
SEN025,2026-04-16 08:54:24,2026-04-16,24.9,36.6,89.0
SEN012,2026-04-15 00:31:12,2026-04-15,26.11,30.3,33.0
SEN012,2026-07-19 08:50:07,2026-07-19,25.1,8.0,89.0
SEN033,2026-09-02 07:32:49,2026-09-02,29.9,42.9,56.0
SEN011,2026-05-15 21:28:19,2026-05-15,36.3,46.48,
SEN002,2026-05-03 10:47:27,2026-05-03,19.2,37.08,64.0
SEN006,2026-04-26 23:54:30,2026-04-26,32.28,32.26,65.0
SEN023,2026-03-26 15:28:23,2026-03-26,20.78,6.35,57.0
SEN031,2026-05-29 19:13:45,2026-05-29,35.2,,
SEN046,2026-08-18 13:56:38,2026-08-18,16.6,8.2,93.0
SEN015,2026-09-04 23:51:26,2026-09-04,34.7,33.27,91.0
SEN035,2026-08-11 02:38:57,2026-08-11,38.72,12.19,64.0
SEN003,2026-01-14 18:11:14,2026-01-14,28.3,11.2,62.0
SEN020,2026-05-01 13:51:43,2026-05-01,35.2,17.27,51.0
SEN013,2026-01-19 20:35:45,2026-01-19,24.5,47.3,84.0
SEN031,2026-04-07 04:13:26,2026-04-07,23.72,,74.0
SEN050,2026-06-05 06:17:00,2026-06-05,19.39,15.5,66.0
SEN047,2026-08-24 17:21:57,2026-08-24,30.4,17.1,86.0
SEN002,2026-06-09 09:03:00,2026-06-09,18.6,38.61,49.0
SEN046,2026-09-08 10:21:04,2026-09-08,25.39,7.62,64.0
SEN009,2026-09-04 04:36:14,2026-09-04,26.2,32.1,33.0
SEN028,2026-01-30 03:49:30,2026-01-30,36.22,34.8,77.0
SEN009,2026-04-09 20:27:03,2026-04-09,33.9,47.0,33.0
SEN040,2026-07-30 19:40:49,2026-07-30,30.61,33.9,40.0
SEN026,2026-04-19 11:39:36,2026-04-19,36.7,33.6,51.0
SEN026,2026-01-05 06:57:24,2026-01-05,24.5,36.58,85.0
SEN007,2026-08-11 22:38:01,2026-08-11,21.1,,78.0
SEN014,2026-04-20 05:51:38,2026-04-20,17.0,40.4,
SEN039,2026-08-08 12:05:56,2026-08-08,22.28,17.78,42.0
SEN003,2026-08-23 08:09:00,2026-08-23,17.7,0.7,36.0
SEN040,2026-01-04 05:12:32,2026-01-04,22.3,20.5,68.0
SEN030,2026-03-29 17:31:32,2026-03-29,32.11,25.8,51.0
SEN030,2026-04-01 00:13:00,2026-04-01,27.5,40.5,31.0
SEN050,2026-01-17 10:12:01,2026-01-17,29.61,,44.0
SEN004,2026-05-01 08:44:03,2026-05-01,29.28,30.0,51.0
SEN034,2026-05-16 02:41:58,2026-05-16,26.3,,
SEN041,2026-03-12 18:25:24,2026-03-12,23.39,,53.0
SEN010,2026-04-28 15:47:00,2026-04-28,32.3,18.1,56.0
SEN011,2026-01-17 03:28:33,2026-01-17,32.5,32.0,58.0
SEN047,2026-07-27 11:19:46,2026-07-27,23.78,11.18,71.0
SEN028,2026-05-11 17:55:05,2026-05-11,26.6,41.3,91.0
SEN018,2026-05-08 05:22:08,2026-05-08,31.0,20.3,47.0
SEN041,2026-06-27 02:40:02,2026-06-27,36.7,22.3,87.0
SEN028,2026-06-18 04:43:22,2026-06-18,20.2,17.1,50.0
SEN044,2026-09-05 13:52:20,2026-09-05,25.1,,64.0
SEN022,2026-08-16 03:20:32,2026-08-16,22.8,,59.0
SEN028,2026-04-28 03:58:20,2026-04-28,39.28,16.26,47.0
SEN037,2026-05-23 19:54:13,2026-05-23,21.78,49.02,57.0
SEN046,2026-08-17 06:26:49,2026-08-17,33.0,15.9,34.0
SEN023,2026-01-13 11:09:04,2026-01-13,38.0,32.0,61.0
SEN034,2026-04-16 16:04:33,2026-04-16,24.2,31.3,93.0
SEN019,2026-04-01 20:36:07,2026-04-01,18.3,,62.0
SEN045,2026-07-03 03:56:52,2026-07-03,29.2,45.9,91.0
UNKNOWN,2026-02-10 09:01:00,2026-02-10,29.6,31.4,71.0
SEN029,2026-05-24 17:37:24,2026-05-24,28.9,,91.0
SEN007,2026-04-05 07:14:12,2026-04-05,38.4,,95.0
SEN006,2026-04-08 08:08:00,2026-04-08,38.9,20.5,35.0
SEN005,2026-03-11 19:20:49,2026-03-11,34.72,3.4,34.0
SEN031,2026-05-09 16:23:24,2026-05-09,36.4,15.4,
SEN005,2026-05-22 06:24:33,2026-05-22,17.7,27.9,81.0
SEN037,2026-08-05 06:11:59,2026-08-05,28.0,10.7,95.0
SEN023,2026-01-12 11:46:33,2026-01-12,25.1,41.1,
SEN049,2026-06-19 09:57:24,2026-06-19,33.5,35.2,32.0
SEN012,2026-02-24 09:32:09,2026-02-24,16.4,,73.0
SEN013,2026-08-25 13:26:26,2026-08-25,35.0,45.7,81.0
SEN042,2026-08-06 00:51:33,2026-08-06,17.72,,32.0
SEN032,2026-07-01 17:01:09,2026-07-01,17.3,,94.0
SEN045,2026-07-05 06:05:18,2026-07-05,27.0,35.0,33.0
SEN010,2026-04-12 02:11:54,2026-04-12,24.89,6.7,83.0
SEN050,2026-02-22 18:34:00,2026-02-22,23.89,,89.0
SEN018,2026-05-21 00:16:12,2026-05-21,35.72,48.8,66.0
SEN043,2026-02-12 07:55:05,2026-02-12,29.11,41.7,69.0
SEN017,2026-08-20 09:30:21,2026-08-20,30.11,,74.0
SEN023,2026-01-20 15:17:04,2026-01-20,22.1,,38.0
SEN034,2026-07-27 08:15:01,2026-07-27,24.72,8.1,49.0
SEN044,2026-01-29 15:55:17,2026-01-29,17.28,29.1,53.0
SEN021,2026-01-30 09:26:29,2026-01-30,35.9,48.77,38.0
SEN037,2026-04-20 08:26:16,2026-04-20,28.39,,31.0
SEN004,2026-04-08 00:00:00,2026-04-08,38.9,15.24,40.0
SEN004,2026-06-28 15:35:43,2026-06-28,31.7,48.01,39.0
SEN004,2026-06-15 00:16:14,2026-06-15,15.6,28.1,92.0
SEN025,2026-07-19 23:23:48,2026-07-19,35.78,20.3,
SEN013,2026-08-25 14:57:18,2026-08-25,25.39,18.7,35.0
SEN026,2026-06-04 00:04:04,2026-06-04,36.1,10.9,55.0
SEN042,2026-04-05 13:52:25,2026-04-05,33.5,31.3,94.0
SEN046,2026-04-18 16:14:46,2026-04-18,20.5,,93.0
SEN015,2026-04-09 11:17:03,2026-04-09,25.1,21.4,47.0
SEN037,2026-07-12 09:50:48,2026-07-12,39.11,,44.0
SEN010,2026-03-20 12:15:53,2026-03-20,33.3,27.5,50.0
SEN012,2026-06-20 06:35:57,2026-06-20,36.39,,78.0
SEN048,2026-08-21 22:07:32,2026-08-21,23.5,29.0,45.0
SEN011,2026-07-11 04:02:59,2026-07-11,17.7,38.4,73.0
SEN042,2026-08-17 10:39:38,2026-08-17,22.22,25.91,79.0
SEN018,2026-06-20 06:17:14,2026-06-20,29.8,46.9,
SEN046,2026-02-09 01:02:24,2026-02-09,32.8,37.5,91.0
SEN008,2026-08-02 09:25:25,2026-08-02,15.1,29.4,48.0
SEN019,2026-01-27 22:18:54,2026-01-27,20.22,13.7,88.0
SEN010,2026-06-30 17:37:00,2026-06-30,34.0,14.9,84.0
SEN042,2026-01-31 10:44:38,2026-01-31,17.8,8.89,83.0
UNKNOWN,2026-08-31 18:12:11,2026-08-31,32.0,17.02,31.0
SEN007,2026-08-16 21:20:33,2026-08-16,25.0,22.1,55.0
SEN018,2026-06-10 09:39:41,2026-06-10,25.89,41.91,46.0
SEN015,2026-07-16 08:55:02,2026-07-16,29.0,40.64,54.0
SEN044,2026-06-15 07:02:38,2026-06-15,24.3,0.3,85.0
SEN036,2026-05-09 09:30:01,2026-05-09,29.28,,41.0
SEN039,2026-08-25 01:53:27,2026-08-25,35.5,16.3,92.0
UNKNOWN,2026-06-13 01:41:34,2026-06-13,18.9,3.8,42.0
SEN012,2026-07-08 16:39:11,2026-07-08,32.9,,48.0
SEN041,2026-06-18 15:22:04,2026-06-18,24.22,29.0,85.0
SEN008,2026-03-17 06:36:05,2026-03-17,32.61,2.7,92.0
SEN021,2026-08-10 07:02:46,2026-08-10,19.72,,59.0
SEN009,2026-01-02 14:38:06,2026-01-02,37.11,20.83,39.0
SEN018,2026-03-14 21:45:38,2026-03-14,35.39,32.9,75.0
UNKNOWN,2026-06-08 18:49:35,2026-06-08,23.61,18.2,64.0
SEN021,2026-08-28 11:00:05,2026-08-28,22.0,14.48,80.0
SEN033,2026-07-20 08:32:59,2026-07-20,18.2,10.6,77.0
SEN026,2026-02-04 09:02:00,2026-02-04,34.61,1.8,78.0
SEN040,2026-04-22 02:24:23,2026-04-22,36.4,,73.0
SEN035,2026-09-03 05:36:40,2026-09-03,28.72,39.5,94.0
SEN046,2026-02-19 12:27:20,2026-02-19,37.3,19.81,95.0
SEN010,2026-02-15 11:46:44,2026-02-15,22.11,4.0,36.0
SEN011,2026-04-05 17:43:32,2026-04-05,28.7,7.5,84.0
SEN026,2026-03-20 17:38:28,2026-03-20,38.5,6.8,56.0
SEN048,2026-02-15 00:26:53,2026-02-15,28.78,23.8,56.0
SEN005,2026-02-23 18:15:36,2026-02-23,39.7,10.92,61.0
SEN035,2026-07-23 06:03:00,2026-07-23,37.8,12.45,32.0
SEN032,2026-07-30 01:50:32,2026-07-30,21.5,30.48,83.0
UNKNOWN,2026-01-25 07:29:26,2026-01-25,39.28,18.29,67.0
SEN007,2026-04-20 07:21:13,2026-04-20,28.0,32.5,61.0
SEN004,2026-01-22 12:52:52,2026-01-22,38.89,,91.0
SEN035,2026-03-01 03:59:02,2026-03-01,32.22,49.5,35.0
SEN034,2026-03-17 00:26:20,2026-03-17,31.61,21.0,33.0
SEN022,2026-02-25 22:58:43,2026-02-25,29.6,,34.0
SEN049,2026-03-14 06:10:49,2026-03-14,32.89,13.2,87.0
SEN024,2026-01-08 17:29:16,2026-01-08,34.6,33.0,84.0
UNKNOWN,2026-08-19 16:20:10,2026-08-19,26.72,43.7,31.0
SEN014,2026-02-09 11:16:09,2026-02-09,31.39,46.99,90.0
SEN001,2026-02-19 05:39:57,2026-02-19,20.39,36.1,93.0
SEN016,2026-01-14 13:31:22,2026-01-14,28.11,24.38,93.0
SEN020,2026-02-21 08:33:09,2026-02-21,37.3,,56.0
SEN017,2026-07-31 00:42:00,2026-07-31,20.5,34.1,30.0
SEN042,2026-05-19 00:08:19,2026-05-19,24.7,36.7,39.0
SEN006,2026-03-15 02:02:12,2026-03-15,36.7,,92.0
SEN003,2026-07-05 13:55:00,2026-07-05,17.6,2.1,45.0
UNKNOWN,2026-03-19 00:03:34,2026-03-19,35.72,14.1,
SEN041,2026-06-17 12:04:38,2026-06-17,21.0,35.05,66.0
SEN004,2026-04-13 05:11:00,2026-04-13,15.22,24.6,41.0
SEN019,2026-05-30 15:16:48,2026-05-30,28.0,11.4,62.0
SEN037,2026-07-04 16:12:57,2026-07-04,18.7,14.5,70.0
SEN006,2026-03-18 16:09:57,2026-03-18,16.6,12.6,84.0
SEN034,2026-03-07 16:56:01,2026-03-07,39.7,36.7,46.0
SEN020,2026-07-31 14:37:00,2026-07-31,39.2,29.0,55.0
SEN005,2026-07-12 16:53:24,2026-07-12,39.1,,46.0
SEN018,2026-02-05 03:37:39,2026-02-05,18.78,46.4,64.0
SEN041,2026-08-14 05:55:33,2026-08-14,24.5,49.02,
SEN018,2026-02-28 00:20:23,2026-02-28,29.3,25.5,53.0
SEN008,2026-02-02 23:10:51,2026-02-02,33.11,2.03,59.0
SEN028,2026-07-27 19:40:18,2026-07-27,22.3,,91.0
SEN050,2026-05-03 11:53:47,2026-05-03,31.39,24.64,
SEN041,2026-06-12 20:30:40,2026-06-12,23.5,19.3,37.0
SEN017,2026-04-29 16:33:12,2026-04-29,28.5,39.2,38.0
SEN037,2026-07-04 14:31:24,2026-07-04,31.4,,94.0
UNKNOWN,2026-05-11 14:32:35,2026-05-11,30.6,25.9,56.0
SEN002,2026-05-05 06:55:00,2026-05-05,29.7,48.3,63.0
SEN049,2026-03-07 09:01:59,2026-03-07,29.28,9.1,60.0
SEN028,2026-03-02 02:25:01,2026-03-02,25.6,15.1,54.0
SEN002,2026-06-15 03:21:27,2026-06-15,23.6,10.8,48.0
SEN027,2026-06-28 14:50:28,2026-06-28,17.5,29.0,70.0
SEN005,2026-04-22 14:15:35,2026-04-22,22.1,4.83,
SEN015,2026-03-25 11:16:03,2026-03-25,39.61,4.1,70.0
SEN038,2026-02-15 02:12:43,2026-02-15,22.7,32.1,31.0
SEN031,2026-01-29 09:28:26,2026-01-29,30.7,17.4,68.0
SEN020,2026-06-29 07:15:02,2026-06-29,24.7,0.3,46.0
SEN045,2026-01-24 17:54:12,2026-01-24,16.4,20.3,64.0
SEN025,2026-05-01 14:14:43,2026-05-01,25.39,23.0,41.0
SEN011,2026-04-02 07:26:32,2026-04-02,27.61,33.4,78.0
SEN022,2026-03-08 22:09:34,2026-03-08,33.89,26.6,46.0
SEN044,2026-05-10 16:05:12,2026-05-10,39.89,45.72,41.0
SEN011,2026-01-19 15:19:29,2026-01-19,27.0,24.5,59.0
UNKNOWN,2026-02-21 06:02:30,2026-02-21,26.6,10.8,68.0
SEN043,2026-08-10 05:41:26,2026-08-10,16.2,20.7,75.0
UNKNOWN,2026-07-16 06:39:00,2026-07-16,28.0,26.67,
SEN008,2026-06-13 23:56:16,2026-06-13,23.5,37.85,78.0
SEN035,2026-08-23 16:05:43,2026-08-23,34.4,2.5,57.0
SEN020,2026-06-14 16:54:28,2026-06-14,34.8,16.1,45.0
SEN033,2026-07-16 04:35:29,2026-07-16,36.7,46.6,
SEN001,2026-09-02 20:35:14,2026-09-02,22.5,41.15,72.0
SEN044,2026-02-02 14:29:03,2026-02-02,31.61,6.1,53.0
SEN012,2026-08-04 17:12:15,2026-08-04,26.7,28.8,
SEN035,2026-08-23 13:47:05,2026-08-23,22.89,22.35,68.0
SEN023,2026-02-20 03:10:00,2026-02-20,28.89,26.5,70.0
SEN046,2026-05-17 14:45:15,2026-05-17,27.7,3.4,40.0
SEN034,2026-03-12 08:26:27,2026-03-12,32.5,43.4,86.0
SEN036,2026-01-05 01:42:28,2026-01-05,21.3,5.5,41.0
SEN011,2026-01-08 02:14:08,2026-01-08,21.72,49.6,
SEN009,2026-07-16 15:26:07,2026-07-16,19.0,1.3,72.0
SEN023,2026-08-23 12:37:58,2026-08-23,26.61,34.8,68.0
SEN025,2026-05-02 02:14:52,2026-05-02,34.7,22.1,76.0
SEN040,2026-08-29 16:10:32,2026-08-29,33.0,13.6,79.0
SEN037,2026-06-27 13:37:10,2026-06-27,34.72,1.52,47.0
SEN007,2026-09-03 19:52:52,2026-09-03,35.5,47.9,59.0
SEN036,2026-07-30 11:00:00,2026-07-30,35.0,,67.0
SEN002,2026-09-05 12:59:36,2026-09-05,37.6,3.4,
SEN025,2026-03-25 17:12:25,2026-03-25,30.5,30.23,
SEN033,2026-05-09 22:30:11,2026-05-09,26.4,10.2,54.0
UNKNOWN,2026-06-05 16:50:09,2026-06-05,34.4,20.32,
SEN033,2026-02-09 15:43:12,2026-02-09,29.9,28.6,64.0
SEN042,2026-01-12 03:12:06,2026-01-12,16.9,20.32,84.0
SEN044,2026-06-25 12:43:30,2026-06-25,39.5,3.3,61.0
UNKNOWN,2026-06-21 05:01:35,2026-06-21,29.0,23.11,54.0
SEN040,2026-04-08 07:07:43,2026-04-08,17.7,48.3,46.0
SEN021,2026-05-17 22:51:35,2026-05-17,24.0,39.4,38.0
SEN001,2026-06-19 01:56:00,2026-06-19,37.11,11.68,88.0
SEN030,2026-06-20 14:22:06,2026-06-20,19.9,28.96,77.0
SEN016,2026-01-28 08:38:52,2026-01-28,26.2,15.9,33.0
SEN002,2026-04-17 18:54:16,2026-04-17,25.7,20.32,48.0
SEN034,2026-04-04 00:00:00,2026-04-04,31.72,19.6,39.0
UNKNOWN,2026-04-16 10:55:54,2026-04-16,22.0,29.9,46.0
SEN001,2026-07-20 18:13:47,2026-07-20,34.7,0.0,72.0
SEN004,2026-04-21 10:53:02,2026-04-21,20.6,18.3,52.0
SEN019,2026-07-28 16:24:36,2026-07-28,19.3,4.06,51.0
SEN048,2026-08-19 07:41:58,2026-08-19,20.3,33.9,86.0
SEN018,2026-05-09 03:26:31,2026-05-09,21.9,20.57,77.0
SEN026,2026-08-07 03:37:40,2026-08-07,20.72,16.1,32.0
SEN022,2026-05-25 19:30:42,2026-05-25,33.72,9.0,76.0
SEN019,2026-08-30 14:39:20,2026-08-30,21.22,33.2,67.0
SEN050,2026-07-05 09:29:37,2026-07-05,22.0,39.4,41.0
SEN030,2026-07-24 13:49:52,2026-07-24,19.1,18.0,33.0
SEN002,2026-06-07 03:37:15,2026-06-07,32.9,39.2,56.0
SEN019,2026-02-14 10:04:09,2026-02-14,37.11,28.96,73.0
SEN050,2026-05-05 20:51:04,2026-05-05,22.3,44.6,34.0
SEN021,2026-01-08 16:38:47,2026-01-08,35.6,33.8,37.0
SEN014,2026-05-05 21:55:23,2026-05-05,15.4,27.5,75.0
SEN009,2026-01-14 17:56:21,2026-01-14,30.28,,49.0
SEN009,2026-02-11 05:49:50,2026-02-11,30.28,43.9,70.0
UNKNOWN,2026-02-28 10:57:24,2026-02-28,25.72,13.6,
SEN033,2026-03-22 08:31:38,2026-03-22,39.9,30.7,36.0
SEN024,2026-04-24 07:16:00,2026-04-24,22.0,40.5,62.0
SEN034,2026-03-31 13:50:48,2026-03-31,39.2,48.4,46.0
SEN003,2026-02-01 03:46:00,2026-02-01,37.11,24.9,86.0
SEN011,2026-01-27 19:52:04,2026-01-27,35.11,26.16,36.0
SEN033,2026-01-27 08:14:44,2026-01-27,21.22,3.56,
UNKNOWN,2026-04-11 05:25:31,2026-04-11,36.9,37.0,32.0
SEN030,2026-05-09 17:51:00,2026-05-09,28.0,1.0,91.0
SEN049,2026-04-16 13:39:00,2026-04-16,38.0,5.5,89.0
SEN023,2026-05-21 06:55:14,2026-05-21,34.72,,95.0
SEN002,2026-01-19 09:22:28,2026-01-19,31.4,,72.0
SEN049,2026-08-06 04:10:42,2026-08-06,38.11,45.6,68.0
SEN010,2026-07-07 16:48:36,2026-07-07,36.3,,33.0
SEN026,2026-08-22 07:00:00,2026-08-22,16.5,23.3,93.0
SEN003,2026-07-29 20:53:18,2026-07-29,36.4,41.9,83.0
SEN003,2026-02-03 10:56:47,2026-02-03,32.5,,37.0
SEN038,2026-03-28 01:38:01,2026-03-28,31.72,32.2,72.0
SEN043,2026-02-17 04:52:42,2026-02-17,26.5,0.3,93.0
SEN046,2026-08-11 15:35:39,2026-08-11,32.4,4.7,60.0
SEN002,2026-06-20 13:11:31,2026-06-20,37.5,44.9,62.0
SEN014,2026-09-06 23:00:08,2026-09-06,28.3,22.8,88.0
SEN030,2026-06-13 17:41:00,2026-06-13,20.0,18.2,72.0
SEN009,2026-02-18 07:21:23,2026-02-18,21.4,,59.0
SEN011,2026-07-10 14:07:01,2026-07-10,20.4,26.9,47.0
SEN033,2026-03-28 02:12:26,2026-03-28,26.1,,76.0
SEN034,2026-02-28 08:13:27,2026-02-28,15.22,2.29,83.0
SEN010,2026-01-09 13:26:09,2026-01-09,31.22,20.57,49.0
SEN020,2026-03-22 12:25:24,2026-03-22,23.78,49.8,72.0
SEN036,2026-08-25 16:32:51,2026-08-25,15.7,11.0,32.0
SEN005,2026-09-06 17:29:00,2026-09-06,37.9,11.5,59.0
SEN024,2026-06-18 00:09:01,2026-06-18,17.72,10.0,49.0
SEN044,2026-05-08 17:48:01,2026-05-08,22.1,28.5,55.0
SEN017,2026-02-24 09:30:08,2026-02-24,18.1,17.8,
SEN005,2026-08-16 01:49:13,2026-08-16,35.89,9.5,46.0
SEN011,2026-01-21 10:07:00,2026-01-21,39.89,43.9,83.0
SEN006,2026-06-26 03:39:59,2026-06-26,19.3,22.6,
SEN047,2026-01-03 15:14:19,2026-01-03,31.61,30.99,72.0
SEN025,2026-08-06 15:54:29,2026-08-06,15.7,24.9,70.0
SEN038,2026-02-28 12:38:09,2026-02-28,18.3,4.32,81.0
SEN026,2026-07-28 22:29:31,2026-07-28,25.2,35.1,50.0
SEN001,2026-04-17 16:12:22,2026-04-17,26.0,15.1,90.0
UNKNOWN,2026-05-12 00:18:50,2026-05-12,27.2,5.3,87.0
SEN013,2026-07-27 13:50:23,2026-07-27,28.89,,50.0
SEN004,2026-08-20 21:22:49,2026-08-20,29.6,35.31,30.0
SEN003,2026-06-29 05:25:18,2026-06-29,27.7,,
UNKNOWN,2026-06-04 01:00:00,2026-06-04,21.7,,49.0
SEN025,2026-05-06 03:37:00,2026-05-06,22.0,48.2,91.0
SEN047,2026-07-11 14:14:58,2026-07-11,30.2,10.41,91.0
SEN040,2026-09-09 12:15:40,2026-09-09,24.5,40.7,47.0
SEN033,2026-04-25 03:30:00,2026-04-25,26.4,18.1,
SEN008,2026-03-06 16:10:59,2026-03-06,27.8,41.66,42.0
SEN040,2026-08-31 16:43:02,2026-08-31,28.1,15.9,
SEN049,2026-04-01 02:30:00,2026-04-01,31.5,,79.0
SEN018,2026-07-05 21:50:08,2026-07-05,35.6,29.4,85.0
SEN009,2026-01-29 07:49:48,2026-01-29,21.7,44.7,31.0
UNKNOWN,2026-05-13 01:15:59,2026-05-13,23.5,37.5,81.0
SEN017,2026-03-19 09:08:53,2026-03-19,31.3,,52.0
SEN017,2026-06-27 13:10:09,2026-06-27,39.4,34.1,38.0
SEN029,2026-04-23 08:32:59,2026-04-23,39.4,23.11,81.0
SEN041,2026-03-28 14:28:21,2026-03-28,30.4,14.5,81.0
SEN047,2026-06-21 03:17:52,2026-06-21,15.4,29.2,43.0
SEN027,2026-01-03 13:58:53,2026-01-03,32.7,17.4,44.0
SEN043,2026-04-15 02:28:19,2026-04-15,31.61,47.24,76.0
SEN049,2026-05-05 03:35:36,2026-05-05,15.6,21.1,53.0
SEN013,2026-06-23 11:22:35,2026-06-23,17.78,27.69,32.0
SEN048,2026-08-08 18:07:43,2026-08-08,30.39,39.88,70.0
SEN016,2026-07-02 07:46:42,2026-07-02,22.5,25.4,84.0
SEN009,2026-03-14 14:06:53,2026-03-14,35.0,,69.0
SEN024,2026-06-03 11:03:30,2026-06-03,23.4,37.34,32.0
SEN038,2026-02-17 02:20:16,2026-02-17,30.72,,85.0
SEN031,2026-04-20 12:39:52,2026-04-20,31.0,12.95,79.0
SEN044,2026-08-06 21:57:05,2026-08-06,22.61,41.2,52.0
SEN004,2026-08-23 07:54:21,2026-08-23,18.3,3.4,45.0
SEN004,2026-05-07 05:39:26,2026-05-07,30.89,,43.0
SEN042,2026-07-12 21:36:27,2026-07-12,28.5,17.3,70.0
SEN033,2026-05-25 11:51:38,2026-05-25,32.9,21.6,82.0
SEN030,2026-05-10 11:42:25,2026-05-10,20.4,11.18,53.0
SEN011,2026-04-22 20:37:06,2026-04-22,39.4,,59.0
SEN024,2026-07-01 18:01:31,2026-07-01,33.5,32.7,76.0
SEN030,2026-04-25 07:27:22,2026-04-25,24.8,1.5,73.0
SEN049,2026-01-29 19:27:13,2026-01-29,16.1,38.8,77.0
SEN029,2026-02-21 20:55:40,2026-02-21,39.7,33.78,
SEN037,2026-08-18 16:02:09,2026-08-18,38.5,48.4,48.0
SEN017,2026-07-16 09:44:11,2026-07-16,27.39,43.7,40.0
SEN044,2026-06-13 22:25:30,2026-06-13,33.5,11.7,52.0
SEN014,2026-05-23 08:35:52,2026-05-23,20.4,12.4,52.0
SEN001,2026-05-22 14:38:02,2026-05-22,23.1,45.72,95.0
SEN008,2026-01-21 20:37:54,2026-01-21,18.7,19.1,
SEN035,2026-01-09 01:25:32,2026-01-09,34.5,3.8,39.0
SEN027,2026-04-03 15:22:01,2026-04-03,21.8,3.5,48.0
SEN048,2026-03-11 15:50:36,2026-03-11,30.4,9.65,47.0
SEN036,2026-05-17 18:58:36,2026-05-17,17.4,46.99,71.0
SEN001,2026-02-11 14:58:30,2026-02-11,30.72,33.2,
SEN032,2026-04-17 05:45:41,2026-04-17,28.8,31.9,79.0
SEN026,2026-05-28 22:43:55,2026-05-28,33.39,5.4,47.0
SEN010,2026-05-17 05:23:47,2026-05-17,22.0,20.5,36.0
SEN017,2026-06-17 22:15:07,2026-06-17,24.4,,56.0
SEN020,2026-07-27 10:32:12,2026-07-27,32.3,7.8,78.0
SEN022,2026-03-29 00:00:00,2026-03-29,35.89,10.2,76.0
SEN029,2026-04-04 07:39:51,2026-04-04,18.61,33.4,91.0
SEN016,2026-04-07 00:29:55,2026-04-07,37.61,32.77,77.0
SEN025,2026-07-22 21:35:49,2026-07-22,20.89,17.4,91.0
SEN031,2026-02-12 12:58:50,2026-02-12,35.2,9.4,33.0
SEN042,2026-06-06 03:45:00,2026-06-06,28.28,8.2,51.0
SEN029,2026-01-05 18:02:39,2026-01-05,27.5,46.74,79.0
SEN035,2026-03-03 08:45:17,2026-03-03,24.39,11.4,
SEN038,2026-01-27 07:11:25,2026-01-27,30.61,22.4,46.0
SEN027,2026-01-17 04:24:53,2026-01-17,34.11,45.8,88.0
UNKNOWN,2026-02-01 11:37:20,2026-02-01,36.72,44.9,35.0
SEN020,2026-08-13 01:17:12,2026-08-13,18.39,33.9,65.0
SEN031,2026-07-25 08:47:09,2026-07-25,35.28,5.33,59.0
SEN016,2026-03-22 18:35:21,2026-03-22,18.8,45.97,35.0
SEN005,2026-02-05 18:04:32,2026-02-05,34.8,16.4,82.0
SEN029,2026-05-04 01:57:09,2026-05-04,31.61,37.3,52.0
UNKNOWN,2026-05-02 17:37:00,2026-05-02,33.1,43.7,79.0
SEN043,2026-01-14 09:58:12,2026-01-14,29.4,,
SEN031,2026-05-26 13:35:00,2026-05-26,21.4,,93.0
SEN012,2026-02-01 01:38:27,2026-02-01,33.89,,92.0
SEN015,2026-02-21 17:02:44,2026-02-21,24.1,38.1,91.0
SEN016,2026-02-22 16:06:00,2026-02-22,15.0,18.1,68.0
SEN040,2026-04-19 12:11:44,2026-04-19,37.2,40.64,31.0
SEN029,2026-08-13 18:52:41,2026-08-13,34.0,36.1,56.0
SEN030,2026-03-20 22:49:58,2026-03-20,33.5,38.86,36.0
SEN039,2026-01-31 13:37:34,2026-01-31,31.3,14.99,92.0
SEN033,2026-01-17 16:30:15,2026-01-17,36.11,29.7,71.0
SEN032,2026-07-17 20:12:53,2026-07-17,33.7,6.9,65.0
SEN005,2026-06-15 22:00:12,2026-06-15,28.78,3.6,59.0
SEN023,2026-09-08 13:45:51,2026-09-08,36.9,49.28,46.0
SEN041,2026-02-02 11:29:04,2026-02-02,18.6,42.1,55.0
SEN014,2026-04-06 00:33:46,2026-04-06,34.89,38.3,95.0
SEN008,2026-05-01 23:07:04,2026-05-01,35.22,30.6,77.0
SEN004,2026-04-14 23:37:00,2026-04-14,17.22,2.4,71.0
SEN023,2026-04-21 02:17:49,2026-04-21,33.0,33.27,41.0
SEN028,2026-04-26 15:01:38,2026-04-26,30.5,8.8,85.0
SEN040,2026-03-23 07:44:46,2026-03-23,27.4,,93.0
SEN017,2026-01-11 01:30:21,2026-01-11,21.8,19.3,64.0
SEN012,2026-06-13 22:35:31,2026-06-13,21.72,2.29,36.0
SEN045,2026-04-14 20:26:00,2026-04-14,24.6,37.2,30.0
SEN037,2026-03-31 10:05:08,2026-03-31,19.72,21.1,
SEN039,2026-02-27 07:15:25,2026-02-27,24.89,,69.0
SEN002,2026-02-02 16:49:17,2026-02-02,37.61,2.2,57.0
SEN028,2026-03-03 04:40:31,2026-03-03,24.11,13.1,92.0
SEN010,2026-08-26 23:39:40,2026-08-26,23.2,12.19,88.0
SEN016,2026-05-18 04:50:22,2026-05-18,15.7,28.5,75.0
SEN030,2026-02-15 08:52:03,2026-02-15,15.4,46.7,82.0
SEN034,2026-01-10 13:49:54,2026-01-10,33.5,30.6,36.0
SEN032,2026-02-12 18:01:38,2026-02-12,26.89,44.5,44.0
SEN048,2026-01-07 11:47:23,2026-01-07,25.61,7.62,41.0
SEN026,2026-06-02 23:06:05,2026-06-02,16.6,18.8,53.0
SEN050,2026-07-19 02:15:40,2026-07-19,24.0,16.76,35.0
SEN001,2026-06-25 18:10:41,2026-06-25,35.2,29.7,30.0
SEN049,2026-08-20 16:22:19,2026-08-20,31.3,10.9,37.0
SEN007,2026-07-29 04:14:21,2026-07-29,33.11,27.6,61.0
SEN016,2026-06-01 16:45:22,2026-06-01,31.8,0.0,82.0
SEN030,2026-01-07 13:32:48,2026-01-07,22.28,0.2,49.0
UNKNOWN,2026-03-04 15:13:53,2026-03-04,21.5,9.9,41.0
SEN025,2026-04-14 08:17:43,2026-04-14,16.89,,
SEN012,2026-02-22 07:39:46,2026-02-22,29.3,1.4,
SEN036,2026-05-02 23:36:59,2026-05-02,34.3,10.7,59.0
SEN040,2026-04-04 19:53:47,2026-04-04,30.5,25.4,47.0
SEN049,2026-03-26 07:13:37,2026-03-26,25.28,47.1,40.0
SEN035,2026-03-27 12:20:00,2026-03-27,17.4,34.2,73.0
SEN024,2026-01-29 07:15:02,2026-01-29,39.61,35.81,75.0
SEN016,2026-09-02 23:54:44,2026-09-02,23.9,2.2,81.0
SEN009,2026-02-22 19:43:00,2026-02-22,33.6,0.25,81.0
SEN015,2026-04-02 17:55:47,2026-04-02,24.4,25.2,74.0
SEN005,2026-08-29 14:58:28,2026-08-29,21.4,43.2,82.0
SEN036,2026-08-19 12:30:30,2026-08-19,23.0,41.3,62.0
SEN025,2026-01-02 02:52:16,2026-01-02,25.61,,91.0
SEN047,2026-01-19 05:38:56,2026-01-19,25.3,5.3,
SEN010,2026-08-27 21:10:28,2026-08-27,26.89,,
UNKNOWN,2026-02-10 18:58:23,2026-02-10,28.28,22.8,72.0
SEN030,2026-02-04 00:00:00,2026-02-04,19.7,13.7,48.0
SEN007,2026-02-17 11:48:17,2026-02-17,21.11,2.79,39.0
SEN003,2026-03-18 23:16:15,2026-03-18,17.72,,63.0
SEN038,2026-06-04 02:49:04,2026-06-04,23.9,45.2,
SEN016,2026-04-10 10:04:05,2026-04-10,28.78,44.6,
SEN036,2026-01-25 09:11:23,2026-01-25,18.3,19.05,63.0
SEN009,2026-01-16 03:16:41,2026-01-16,23.6,1.4,30.0
SEN004,2026-05-03 18:50:12,2026-05-03,16.0,37.2,30.0
SEN041,2026-01-04 13:20:45,2026-01-04,30.0,10.6,71.0
SEN047,2026-06-24 12:17:04,2026-06-24,37.1,6.3,43.0
SEN023,2026-03-08 08:18:04,2026-03-08,22.3,17.02,80.0
SEN039,2026-06-23 21:16:04,2026-06-23,35.0,14.8,56.0
SEN007,2026-05-18 08:43:15,2026-05-18,16.5,30.7,56.0
SEN022,2026-07-07 09:37:44,2026-07-07,36.2,44.9,45.0
SEN011,2026-01-16 23:16:16,2026-01-16,38.39,31.0,76.0
SEN038,2026-06-24 08:22:59,2026-06-24,34.8,3.2,85.0
SEN019,2026-08-11 09:23:07,2026-08-11,35.22,21.84,39.0
SEN046,2026-05-09 18:03:41,2026-05-09,18.39,6.8,50.0
SEN015,2026-08-18 00:18:02,2026-08-18,25.39,17.6,45.0
SEN034,2026-06-04 00:53:15,2026-06-04,32.4,9.7,86.0
SEN003,2026-01-09 14:27:36,2026-01-09,30.28,25.1,52.0
SEN007,2026-05-14 21:20:00,2026-05-14,37.1,34.29,47.0
SEN043,2026-07-01 10:27:06,2026-07-01,19.2,14.6,84.0
SEN035,2026-08-17 01:49:09,2026-08-17,37.6,15.5,91.0
SEN049,2026-03-11 19:48:29,2026-03-11,32.5,22.35,95.0
SEN038,2026-04-21 05:29:00,2026-04-21,19.22,28.7,36.0
SEN026,2026-07-23 15:37:18,2026-07-23,34.0,44.6,88.0
SEN035,2026-05-16 04:08:57,2026-05-16,36.4,,30.0
SEN030,2026-02-07 21:18:31,2026-02-07,21.9,41.66,71.0
SEN031,2026-02-10 00:00:00,2026-02-10,22.0,41.2,
SEN043,2026-07-08 00:53:28,2026-07-08,33.39,18.8,48.0
SEN021,2026-08-25 00:00:00,2026-08-25,32.61,31.4,66.0
SEN029,2026-08-15 20:00:00,2026-08-15,36.2,43.4,58.0
SEN010,2026-01-07 14:38:05,2026-01-07,15.5,,54.0
SEN016,2026-06-26 10:05:46,2026-06-26,32.5,47.1,83.0
SEN019,2026-02-01 06:44:14,2026-02-01,16.3,10.67,31.0
SEN050,2026-08-07 01:30:00,2026-08-07,23.3,22.5,92.0
SEN018,2026-06-19 19:34:25,2026-06-19,23.7,11.4,88.0
SEN039,2026-07-13 21:37:50,2026-07-13,34.2,5.2,70.0
SEN035,2026-04-04 15:49:00,2026-04-04,30.6,43.43,36.0
SEN050,2026-02-26 01:16:46,2026-02-26,22.3,,69.0
SEN023,2026-04-12 17:22:21,2026-04-12,26.8,7.4,
SEN030,2026-04-30 23:14:11,2026-04-30,21.11,,50.0
SEN011,2026-04-09 14:25:31,2026-04-09,26.61,13.3,
SEN046,2026-04-13 10:44:14,2026-04-13,22.9,36.8,91.0
SEN011,2026-03-16 21:50:25,2026-03-16,22.9,38.0,55.0
SEN015,2026-02-01 12:19:16,2026-02-01,32.28,24.7,90.0
SEN013,2026-06-13 02:24:45,2026-06-13,25.3,,83.0
SEN031,2026-08-27 11:52:00,2026-08-27,33.4,26.1,34.0
SEN007,2026-03-08 16:01:00,2026-03-08,18.0,7.4,91.0
SEN023,2026-05-13 00:12:16,2026-05-13,29.7,,45.0
SEN005,2026-04-12 01:49:37,2026-04-12,38.11,34.7,49.0
SEN047,2026-06-28 03:33:28,2026-06-28,27.0,47.1,40.0
SEN050,2026-05-03 07:15:25,2026-05-03,24.7,23.5,
SEN001,2026-09-09 18:12:54,2026-09-09,27.7,7.9,52.0
SEN018,2026-04-18 14:19:06,2026-04-18,36.11,7.6,45.0
UNKNOWN,2026-09-03 17:01:43,2026-09-03,37.0,,59.0
SEN032,2026-05-17 00:55:00,2026-05-17,30.11,21.4,83.0
SEN005,2026-02-14 04:53:15,2026-02-14,22.72,39.88,93.0
SEN047,2026-01-01 03:46:59,2026-01-01,31.11,11.7,34.0
SEN043,2026-08-24 11:27:03,2026-08-24,20.0,45.2,43.0
SEN001,2026-05-08 16:12:00,2026-05-08,16.6,21.2,77.0
SEN029,2026-08-19 02:03:41,2026-08-19,37.1,40.89,60.0
SEN043,2026-08-22 15:20:06,2026-08-22,39.39,29.6,60.0
SEN007,2026-08-20 19:07:59,2026-08-20,32.28,8.5,77.0
SEN008,2026-08-06 18:28:34,2026-08-06,31.2,10.8,56.0
SEN021,2026-01-21 06:21:40,2026-01-21,16.72,13.72,42.0
SEN011,2026-06-12 12:53:00,2026-06-12,16.28,39.0,46.0
SEN026,2026-06-20 17:08:18,2026-06-20,32.5,9.2,32.0
SEN043,2026-08-17 17:37:10,2026-08-17,39.5,3.56,53.0
SEN017,2026-06-02 08:46:04,2026-06-02,29.0,,94.0
SEN033,2026-02-12 22:01:04,2026-02-12,18.1,41.7,71.0
SEN034,2026-07-09 01:11:29,2026-07-09,37.72,10.16,75.0
UNKNOWN,2026-08-04 01:09:09,2026-08-04,38.7,24.2,
SEN031,2026-02-28 23:22:11,2026-02-28,35.72,41.9,66.0
SEN027,2026-07-23 20:49:12,2026-07-23,27.4,49.78,57.0
SEN004,2026-06-10 11:41:27,2026-06-10,32.9,10.9,42.0
SEN031,2026-04-18 06:13:12,2026-04-18,30.1,9.4,95.0
SEN017,2026-06-23 01:15:52,2026-06-23,18.22,39.6,35.0
SEN044,2026-07-04 21:59:51,2026-07-04,27.6,21.59,43.0
SEN016,2026-06-19 04:01:27,2026-06-19,17.0,4.32,37.0
SEN013,2026-07-24 23:33:25,2026-07-24,38.0,26.92,66.0
SEN040,2026-07-05 09:04:06,2026-07-05,29.78,36.07,39.0
SEN019,2026-08-05 01:03:24,2026-08-05,31.22,24.7,91.0
SEN013,2026-05-10 11:34:20,2026-05-10,26.6,,38.0
SEN017,2026-08-04 08:31:31,2026-08-04,23.9,43.94,72.0
SEN020,2026-06-19 12:46:58,2026-06-19,19.8,2.6,85.0
SEN047,2026-02-19 16:31:44,2026-02-19,25.5,29.1,58.0
SEN026,2026-06-30 19:59:00,2026-06-30,32.1,2.1,91.0
SEN024,2026-04-12 10:56:10,2026-04-12,21.0,38.5,
SEN026,2026-07-07 03:52:42,2026-07-07,22.2,7.2,69.0
SEN001,2026-07-05 10:15:29,2026-07-05,35.0,,70.0
SEN015,2026-04-22 04:27:11,2026-04-22,33.5,35.56,87.0
SEN016,2026-02-18 11:48:31,2026-02-18,27.5,8.5,
SEN024,2026-09-01 21:55:21,2026-09-01,34.0,34.29,93.0
SEN050,2026-04-30 13:57:36,2026-04-30,39.6,15.2,95.0
SEN027,2026-03-30 19:10:12,2026-03-30,26.0,19.3,44.0
SEN046,2026-09-04 11:01:46,2026-09-04,27.61,10.0,88.0
SEN024,2026-02-27 14:52:18,2026-02-27,21.5,40.3,
SEN027,2026-01-15 08:56:32,2026-01-15,25.5,3.3,58.0
SEN018,2026-05-23 03:00:39,2026-05-23,29.89,39.1,82.0
SEN038,2026-08-07 08:37:39,2026-08-07,16.78,3.4,70.0
SEN041,2026-05-25 06:06:02,2026-05-25,23.5,7.87,89.0
SEN001,2026-07-13 15:16:33,2026-07-13,24.61,26.42,73.0
SEN034,2026-01-06 17:33:00,2026-01-06,36.0,5.1,45.0
SEN004,2026-03-09 14:45:15,2026-03-09,19.1,29.3,59.0
SEN050,2026-08-22 14:47:32,2026-08-22,34.39,2.0,
SEN016,2026-03-14 21:19:05,2026-03-14,22.7,6.35,94.0
SEN014,2026-04-23 03:31:01,2026-04-23,37.2,1.0,
SEN036,2026-08-25 19:42:50,2026-08-25,31.8,35.8,55.0
UNKNOWN,2026-03-07 02:25:57,2026-03-07,31.7,27.9,56.0
SEN004,2026-06-23 05:10:20,2026-06-23,38.0,29.5,69.0
UNKNOWN,2026-05-01 08:05:40,2026-05-01,18.0,3.8,81.0
SEN025,2026-09-04 19:15:00,2026-09-04,26.6,11.3,53.0
SEN034,2026-07-09 05:25:00,2026-07-09,19.6,21.0,94.0
SEN013,2026-05-05 05:54:53,2026-05-05,31.3,32.0,41.0
SEN042,2026-03-19 10:55:24,2026-03-19,29.0,17.9,51.0
SEN030,2026-08-06 02:57:59,2026-08-06,18.4,17.4,38.0
SEN012,2026-07-02 03:07:05,2026-07-02,31.22,,83.0
SEN018,2026-04-11 14:30:04,2026-04-11,24.4,12.0,62.0
SEN016,2026-05-03 16:35:25,2026-05-03,31.72,21.5,83.0
SEN027,2026-07-30 06:42:38,2026-07-30,29.0,17.78,79.0
SEN019,2026-08-16 15:20:46,2026-08-16,29.0,1.1,35.0
SEN040,2026-03-13 11:49:46,2026-03-13,16.78,3.05,66.0
SEN020,2026-01-14 06:19:17,2026-01-14,23.3,9.7,42.0
SEN043,2026-08-04 03:02:48,2026-08-04,18.39,2.8,59.0
SEN035,2026-07-11 08:10:57,2026-07-11,28.8,43.18,
SEN041,2026-03-20 10:03:01,2026-03-20,18.0,36.07,94.0
SEN046,2026-03-16 06:22:00,2026-03-16,22.9,,69.0
SEN044,2026-05-11 21:25:39,2026-05-11,32.61,39.88,61.0
SEN032,2026-01-27 01:06:10,2026-01-27,31.6,16.0,86.0
SEN026,2026-04-18 09:54:25,2026-04-18,24.5,15.1,39.0
UNKNOWN,2026-06-03 23:24:00,2026-06-03,35.4,,81.0
SEN002,2026-02-19 19:16:40,2026-02-19,16.1,32.77,30.0
SEN039,2026-01-26 02:49:45,2026-01-26,34.6,23.6,82.0
SEN040,2026-02-11 22:55:09,2026-02-11,36.39,39.4,50.0
SEN048,2026-08-08 01:01:31,2026-08-08,19.72,31.75,88.0
SEN041,2026-05-26 04:01:10,2026-05-26,16.6,1.9,79.0
SEN029,2026-04-29 15:43:32,2026-04-29,34.61,17.0,87.0
UNKNOWN,2026-06-06 06:04:54,2026-06-06,21.4,13.4,94.0
SEN004,2026-04-23 12:07:38,2026-04-23,37.9,,88.0
SEN017,2026-04-05 12:32:41,2026-04-05,36.89,7.5,45.0
SEN016,2026-07-24 09:45:02,2026-07-24,23.4,6.1,78.0
SEN037,2026-08-16 19:22:14,2026-08-16,37.61,,64.0
SEN008,2026-06-23 01:11:09,2026-06-23,17.2,13.3,70.0
SEN010,2026-04-11 10:59:14,2026-04-11,22.9,9.3,57.0
SEN029,2026-04-20 16:26:09,2026-04-20,23.6,11.3,93.0
SEN003,2026-02-09 17:45:00,2026-02-09,38.3,22.61,84.0
SEN010,2026-02-11 23:56:52,2026-02-11,38.78,4.5,40.0
SEN012,2026-08-16 12:36:55,2026-08-16,18.5,10.6,58.0
SEN024,2026-07-07 05:31:14,2026-07-07,15.5,3.8,71.0
SEN045,2026-07-10 18:53:40,2026-07-10,33.5,27.94,61.0
SEN015,2026-01-07 21:25:30,2026-01-07,21.78,5.1,87.0
SEN015,2026-04-19 04:21:23,2026-04-19,31.72,36.2,55.0
SEN033,2026-02-03 03:23:36,2026-02-03,38.3,19.81,70.0
SEN002,2026-03-27 10:10:57,2026-03-27,32.61,1.2,80.0
SEN011,2026-08-16 13:08:40,2026-08-16,27.0,35.81,32.0
SEN007,2026-04-28 13:35:42,2026-04-28,15.5,,41.0
SEN024,2026-02-20 07:25:31,2026-02-20,19.4,12.5,45.0
SEN006,2026-05-05 02:37:21,2026-05-05,24.61,,93.0
SEN044,2026-01-14 13:57:20,2026-01-14,27.78,27.5,45.0
SEN023,2026-03-04 15:41:31,2026-03-04,31.7,44.7,36.0
SEN038,2026-03-13 07:24:06,2026-03-13,29.0,,72.0
SEN024,2026-08-09 10:43:00,2026-08-09,18.78,16.1,81.0
SEN023,2026-03-18 23:30:33,2026-03-18,29.1,,75.0
SEN046,2026-07-09 13:55:54,2026-07-09,17.7,21.1,83.0
SEN036,2026-03-09 18:49:46,2026-03-09,22.6,15.5,59.0
SEN024,2026-04-18 06:22:57,2026-04-18,17.4,7.8,49.0
SEN049,2026-07-04 21:53:17,2026-07-04,22.78,8.38,81.0
SEN035,2026-03-24 14:13:49,2026-03-24,31.78,39.5,46.0
SEN048,2026-04-05 23:51:08,2026-04-05,39.11,43.9,44.0
SEN032,2026-03-04 07:45:02,2026-03-04,28.1,44.3,33.0
UNKNOWN,2026-03-23 17:49:39,2026-03-23,21.6,35.3,32.0
SEN028,2026-05-31 04:54:51,2026-05-31,19.28,37.6,
SEN029,2026-05-14 06:34:35,2026-05-14,39.1,23.5,59.0
SEN014,2026-03-11 20:37:42,2026-03-11,28.6,45.2,77.0
SEN009,2026-05-08 06:15:14,2026-05-08,26.89,2.8,71.0
SEN003,2026-07-03 04:38:44,2026-07-03,32.8,30.99,
SEN005,2026-02-05 04:03:13,2026-02-05,29.2,7.37,62.0
SEN025,2026-04-11 08:17:04,2026-04-11,20.22,31.5,31.0
SEN004,2026-08-28 00:00:00,2026-08-28,16.8,33.53,34.0
SEN019,2026-05-09 19:35:26,2026-05-09,20.1,28.7,69.0
SEN006,2026-04-15 04:23:53,2026-04-15,20.78,14.73,46.0
SEN023,2026-03-13 22:16:46,2026-03-13,31.5,33.27,54.0
SEN017,2026-02-26 04:15:03,2026-02-26,16.0,21.08,54.0
SEN026,2026-05-09 04:38:37,2026-05-09,16.28,46.6,45.0
SEN009,2026-01-14 02:42:42,2026-01-14,20.61,,85.0
SEN042,2026-01-19 01:29:00,2026-01-19,35.0,0.51,42.0
SEN013,2026-08-22 16:25:42,2026-08-22,23.7,2.2,72.0
SEN031,2026-02-28 20:38:59,2026-02-28,20.78,8.38,93.0
SEN031,2026-04-15 19:56:11,2026-04-15,16.0,8.64,59.0
SEN030,2026-04-04 15:31:51,2026-04-04,20.0,21.3,58.0
SEN043,2026-07-08 23:00:35,2026-07-08,35.7,36.7,61.0
SEN045,2026-06-15 00:02:05,2026-06-15,28.7,36.2,72.0
SEN013,2026-04-02 15:57:03,2026-04-02,38.6,2.5,54.0
SEN048,2026-06-10 20:17:37,2026-06-10,33.1,33.02,62.0
SEN005,2026-01-19 19:41:30,2026-01-19,32.8,4.1,77.0
SEN048,2026-04-18 05:29:10,2026-04-18,30.0,,73.0
SEN033,2026-02-02 19:44:58,2026-02-02,17.5,32.0,
SEN024,2026-07-29 21:19:40,2026-07-29,32.9,30.23,42.0
SEN049,2026-02-20 17:13:25,2026-02-20,18.72,0.4,79.0
SEN018,2026-04-23 02:12:27,2026-04-23,23.11,38.8,94.0
SEN022,2026-07-14 07:42:33,2026-07-14,28.7,29.9,43.0
SEN048,2026-04-30 01:10:09,2026-04-30,17.3,2.7,71.0
SEN016,2026-09-06 12:28:26,2026-09-06,28.1,30.6,45.0
SEN018,2026-01-20 19:48:20,2026-01-20,31.0,,61.0
SEN036,2026-05-14 09:20:46,2026-05-14,16.8,13.1,30.0
SEN041,2026-07-03 23:19:12,2026-07-03,31.3,15.3,86.0
SEN050,2026-08-28 00:52:03,2026-08-28,30.8,17.6,78.0
SEN050,2026-06-05 06:24:45,2026-06-05,15.5,34.7,94.0
SEN037,2026-01-31 19:15:44,2026-01-31,28.2,30.9,87.0
SEN014,2026-09-02 00:06:31,2026-09-02,18.6,,72.0
SEN040,2026-03-27 00:36:32,2026-03-27,19.11,35.31,78.0
SEN034,2026-08-11 15:09:10,2026-08-11,31.2,49.02,56.0
SEN006,2026-06-02 02:57:03,2026-06-02,35.1,,56.0
SEN025,2026-02-05 08:48:13,2026-02-05,34.28,,66.0
SEN018,2026-08-27 16:37:18,2026-08-27,35.39,49.9,92.0
SEN003,2026-06-03 21:12:21,2026-06-03,23.39,,78.0
SEN008,2026-05-27 10:42:05,2026-05-27,22.3,34.9,45.0
UNKNOWN,2026-08-19 20:29:00,2026-08-19,24.8,33.3,49.0
SEN034,2026-02-03 01:39:28,2026-02-03,18.1,35.0,64.0
SEN027,2026-03-11 03:09:50,2026-03-11,38.2,32.4,44.0
SEN019,2026-05-13 07:34:29,2026-05-13,24.2,14.3,60.0
SEN005,2026-06-27 13:25:06,2026-06-27,33.3,,57.0
SEN010,2026-02-13 18:04:56,2026-02-13,23.61,20.32,51.0
SEN049,2026-07-03 00:55:16,2026-07-03,30.9,13.3,66.0
SEN032,2026-07-08 16:43:12,2026-07-08,35.0,45.9,64.0
SEN037,2026-04-17 20:46:27,2026-04-17,33.3,,33.0
SEN037,2026-06-12 04:45:06,2026-06-12,39.28,46.99,50.0
SEN037,2026-07-27 21:32:20,2026-07-27,23.2,,51.0
SEN015,2026-01-16 11:42:51,2026-01-16,32.3,,74.0
SEN017,2026-04-09 05:22:32,2026-04-09,21.4,,62.0
SEN039,2026-06-23 19:58:09,2026-06-23,28.72,10.1,45.0
SEN012,2026-04-03 14:50:41,2026-04-03,36.7,17.2,36.0
SEN012,2026-07-21 20:42:53,2026-07-21,16.28,12.8,81.0
SEN001,2026-02-05 08:00:14,2026-02-05,26.0,,61.0
SEN046,2026-06-27 19:06:56,2026-06-27,20.6,33.9,94.0
SEN006,2026-02-01 11:50:53,2026-02-01,24.5,45.7,51.0
SEN027,2026-08-02 23:58:11,2026-08-02,29.1,31.24,30.0
SEN006,2026-05-14 17:19:56,2026-05-14,29.7,1.27,90.0
SEN048,2026-07-14 14:16:00,2026-07-14,20.78,9.2,63.0
SEN024,2026-03-30 15:11:56,2026-03-30,27.4,29.72,
SEN006,2026-02-18 16:41:11,2026-02-18,18.9,11.1,72.0
SEN034,2026-03-09 21:10:47,2026-03-09,29.9,,74.0
SEN015,2026-03-11 00:00:00,2026-03-11,36.11,41.4,75.0
SEN018,2026-07-01 16:07:36,2026-07-01,22.78,37.7,87.0
UNKNOWN,2026-01-05 09:53:47,2026-01-05,22.6,9.6,64.0
SEN042,2026-07-11 16:59:40,2026-07-11,19.22,11.3,64.0
SEN034,2026-08-26 09:34:03,2026-08-26,34.0,37.1,81.0
SEN028,2026-05-08 06:06:28,2026-05-08,35.28,35.2,78.0
SEN027,2026-08-19 21:11:29,2026-08-19,33.7,,88.0
SEN024,2026-03-01 03:47:56,2026-03-01,33.5,34.0,78.0
SEN008,2026-06-30 14:55:38,2026-06-30,20.0,32.4,46.0
SEN039,2026-03-17 18:04:55,2026-03-17,29.61,7.62,57.0
SEN049,2026-06-07 07:45:59,2026-06-07,17.5,3.6,71.0
SEN038,2026-04-13 14:02:33,2026-04-13,29.22,36.07,
SEN045,2026-08-22 16:53:43,2026-08-22,25.5,45.4,76.0
SEN025,2026-04-08 07:04:43,2026-04-08,26.9,0.6,59.0
SEN048,2026-07-30 07:21:16,2026-07-30,21.7,11.43,57.0
SEN043,2026-03-07 15:15:45,2026-03-07,23.39,16.5,43.0
SEN005,2026-01-26 17:41:57,2026-01-26,29.7,37.1,60.0
SEN005,2026-02-09 02:23:00,2026-02-09,25.0,13.21,65.0
SEN040,2026-08-07 13:59:08,2026-08-07,18.5,14.7,31.0
SEN044,2026-07-27 10:41:05,2026-07-27,18.5,,64.0
SEN022,2026-07-14 18:51:09,2026-07-14,30.1,42.4,72.0
SEN013,2026-06-01 06:55:40,2026-06-01,35.28,0.0,90.0
SEN028,2026-06-09 09:02:31,2026-06-09,26.4,30.2,62.0
SEN004,2026-07-23 08:23:43,2026-07-23,15.0,11.2,94.0
SEN034,2026-06-02 19:04:38,2026-06-02,30.1,18.9,55.0
UNKNOWN,2026-07-09 21:54:23,2026-07-09,27.72,8.6,57.0
SEN027,2026-07-15 23:10:20,2026-07-15,35.72,46.23,
SEN027,2026-03-17 11:32:01,2026-03-17,35.6,11.1,87.0
SEN046,2026-07-16 14:56:08,2026-07-16,35.7,5.8,38.0
SEN012,2026-02-07 23:52:21,2026-02-07,21.78,30.73,65.0
SEN017,2026-04-23 14:21:48,2026-04-23,30.8,38.61,76.0
SEN032,2026-04-05 13:14:58,2026-04-05,15.1,5.5,76.0
SEN017,2026-06-07 23:17:09,2026-06-07,30.4,26.2,88.0
SEN026,2026-03-24 04:05:26,2026-03-24,39.5,30.7,33.0
SEN043,2026-07-16 03:24:07,2026-07-16,16.61,30.48,70.0
SEN028,2026-04-26 17:49:54,2026-04-26,25.6,,91.0
SEN005,2026-04-03 09:34:53,2026-04-03,26.4,22.4,78.0
SEN035,2026-05-02 03:36:27,2026-05-02,20.8,27.3,77.0
SEN008,2026-04-25 22:07:42,2026-04-25,30.3,28.2,82.0
SEN034,2026-01-09 06:57:02,2026-01-09,34.5,,84.0
SEN001,2026-08-29 16:01:39,2026-08-29,24.7,26.67,39.0
UNKNOWN,2026-07-18 17:48:40,2026-07-18,19.22,4.4,46.0
SEN001,2026-05-03 11:42:20,2026-05-03,30.5,,52.0
SEN022,2026-01-12 05:55:40,2026-01-12,29.89,37.1,41.0
SEN049,2026-04-09 08:14:24,2026-04-09,21.6,22.9,55.0
SEN043,2026-01-12 09:49:36,2026-01-12,35.78,43.5,35.0
SEN015,2026-07-28 21:20:04,2026-07-28,26.0,,35.0
SEN024,2026-08-31 01:06:00,2026-08-31,27.5,38.7,
SEN049,2026-02-07 00:00:00,2026-02-07,31.5,2.03,87.0
SEN028,2026-02-25 05:07:34,2026-02-25,38.0,,68.0
SEN014,2026-04-13 19:30:50,2026-04-13,26.0,16.26,
SEN010,2026-09-03 13:09:20,2026-09-03,22.72,,76.0
SEN005,2026-07-30 10:19:38,2026-07-30,17.22,11.5,38.0
UNKNOWN,2026-09-04 16:36:20,2026-09-04,30.39,,47.0
SEN014,2026-05-11 01:02:50,2026-05-11,36.78,2.3,71.0
SEN019,2026-08-19 04:57:13,2026-08-19,15.9,31.6,81.0
SEN019,2026-01-06 18:05:00,2026-01-06,23.6,,54.0
SEN026,2026-07-18 19:41:39,2026-07-18,39.9,36.0,52.0
SEN020,2026-01-02 13:19:34,2026-01-02,25.8,,
SEN025,2026-03-21 09:13:14,2026-03-21,15.3,18.2,70.0
SEN015,2026-04-18 12:56:11,2026-04-18,23.0,8.8,89.0
SEN045,2026-06-17 21:34:28,2026-06-17,37.28,4.32,61.0
SEN033,2026-02-19 01:10:10,2026-02-19,23.5,10.5,72.0
SEN035,2026-05-07 15:49:11,2026-05-07,37.4,45.8,38.0
SEN046,2026-07-07 21:15:49,2026-07-07,35.2,49.3,59.0
SEN050,2026-04-17 08:05:51,2026-04-17,15.89,15.8,52.0
SEN005,2026-06-19 08:55:55,2026-06-19,32.3,4.5,88.0
SEN011,2026-04-29 06:33:50,2026-04-29,15.3,14.9,72.0
SEN021,2026-06-01 21:46:39,2026-06-01,26.78,,83.0
SEN024,2026-02-07 09:48:53,2026-02-07,30.5,1.27,73.0
SEN006,2026-01-05 20:26:29,2026-01-05,37.72,18.2,65.0
SEN025,2026-05-29 14:38:01,2026-05-29,23.1,7.2,44.0
SEN028,2026-08-25 12:18:28,2026-08-25,21.22,2.6,68.0
SEN006,2026-04-25 05:45:43,2026-04-25,27.6,33.27,38.0
SEN026,2026-02-10 20:16:58,2026-02-10,21.2,32.6,88.0
SEN046,2026-07-11 01:25:36,2026-07-11,23.0,25.3,46.0
SEN039,2026-08-12 00:41:35,2026-08-12,20.28,30.8,68.0
SEN039,2026-06-04 09:42:58,2026-06-04,17.3,43.69,84.0
SEN008,2026-04-27 18:28:24,2026-04-27,37.6,11.94,68.0
SEN045,2026-07-24 21:36:07,2026-07-24,23.5,,72.0
SEN027,2026-05-25 03:46:40,2026-05-25,28.61,0.3,93.0
SEN033,2026-07-11 00:17:00,2026-07-11,18.78,25.5,73.0
SEN034,2026-06-16 14:39:25,2026-06-16,35.5,33.6,34.0
UNKNOWN,2026-09-01 03:23:17,2026-09-01,34.6,25.4,71.0
SEN018,2026-03-28 10:02:23,2026-03-28,17.89,35.5,73.0
SEN026,2026-05-31 11:29:01,2026-05-31,21.2,27.4,75.0
SEN029,2026-01-24 03:07:15,2026-01-24,26.5,47.75,
SEN037,2026-05-18 21:08:15,2026-05-18,39.22,6.4,71.0
SEN050,2026-01-24 03:22:14,2026-01-24,34.0,47.4,82.0
SEN034,2026-02-27 02:57:00,2026-02-27,33.39,,65.0
SEN037,2026-03-19 23:17:40,2026-03-19,38.8,5.2,74.0
SEN018,2026-08-28 23:12:25,2026-08-28,25.4,32.3,89.0
SEN028,2026-02-13 04:00:01,2026-02-13,18.7,,46.0
SEN041,2026-09-07 00:53:46,2026-09-07,29.2,,49.0
SEN025,2026-03-06 17:31:51,2026-03-06,39.2,,37.0
SEN050,2026-05-05 05:40:50,2026-05-05,23.0,26.3,73.0
SEN026,2026-04-23 18:52:49,2026-04-23,30.2,18.7,53.0
UNKNOWN,2026-02-05 18:37:42,2026-02-05,36.8,37.4,65.0
SEN030,2026-01-17 05:15:29,2026-01-17,33.0,,64.0
SEN027,2026-04-06 03:45:44,2026-04-06,21.61,28.7,32.0
SEN018,2026-07-20 03:09:58,2026-07-20,33.6,28.9,90.0
SEN044,2026-04-17 23:57:31,2026-04-17,22.7,37.5,89.0
SEN006,2026-07-15 15:05:26,2026-07-15,29.11,,
SEN047,2026-05-24 12:14:42,2026-05-24,38.4,48.1,67.0
SEN022,2026-01-07 16:44:05,2026-01-07,38.39,24.9,76.0
SEN045,2026-06-15 18:47:07,2026-06-15,38.0,10.7,68.0
SEN005,2026-04-13 00:42:51,2026-04-13,26.11,30.23,69.0
SEN011,2026-06-07 12:14:33,2026-06-07,26.8,28.7,80.0
UNKNOWN,2026-08-04 14:05:34,2026-08-04,25.6,,45.0
SEN001,2026-04-17 10:12:00,2026-04-17,17.7,11.0,50.0
UNKNOWN,2026-05-21 02:26:16,2026-05-21,29.61,12.0,74.0
UNKNOWN,2026-08-11 12:40:45,2026-08-11,20.78,,83.0
SEN037,2026-07-05 06:45:59,2026-07-05,34.39,2.3,91.0
SEN007,2026-04-14 03:07:53,2026-04-14,30.5,48.2,33.0
SEN045,2026-07-28 16:24:44,2026-07-28,21.1,,56.0
SEN002,2026-03-25 01:59:00,2026-03-25,25.11,23.3,46.0
SEN041,2026-08-16 21:39:56,2026-08-16,22.5,23.4,66.0
SEN035,2026-05-29 14:29:00,2026-05-29,32.3,0.1,31.0
SEN029,2026-01-02 14:54:21,2026-01-02,22.5,19.7,71.0
SEN001,2026-08-19 00:06:01,2026-08-19,15.1,12.8,81.0
SEN029,2026-01-26 22:17:39,2026-01-26,35.4,42.8,80.0
SEN007,2026-03-28 20:42:11,2026-03-28,22.11,44.2,67.0
SEN049,2026-04-21 11:10:45,2026-04-21,26.5,38.3,68.0
SEN046,2026-04-04 12:57:03,2026-04-04,35.7,21.0,68.0
SEN004,2026-04-24 11:54:37,2026-04-24,20.8,,36.0
SEN008,2026-06-05 06:27:18,2026-06-05,23.1,46.6,
SEN013,2026-06-01 02:31:59,2026-06-01,20.61,17.8,89.0
SEN049,2026-02-01 20:38:03,2026-02-01,21.1,45.21,82.0
SEN025,2026-08-16 20:16:33,2026-08-16,37.2,47.6,42.0
SEN005,2026-07-24 00:18:17,2026-07-24,24.3,0.9,93.0
SEN029,2026-08-20 16:57:02,2026-08-20,25.61,21.8,47.0
SEN047,2026-02-01 06:51:13,2026-02-01,28.9,42.9,32.0
SEN047,2026-03-12 15:45:51,2026-03-12,35.2,8.38,84.0
SEN034,2026-02-04 10:05:45,2026-02-04,27.28,48.5,57.0
SEN044,2026-02-02 16:14:30,2026-02-02,28.2,,
SEN039,2026-02-05 02:05:29,2026-02-05,22.9,20.8,86.0
SEN024,2026-03-29 03:47:37,2026-03-29,20.1,49.3,89.0
SEN004,2026-03-22 12:52:52,2026-03-22,31.2,15.9,55.0
SEN047,2026-03-31 23:15:52,2026-03-31,29.5,30.23,
SEN027,2026-04-02 20:14:26,2026-04-02,30.2,32.7,83.0
SEN003,2026-08-23 09:42:19,2026-08-23,20.6,30.0,38.0
SEN039,2026-03-20 18:49:32,2026-03-20,36.8,43.43,92.0
SEN031,2026-06-07 16:35:29,2026-06-07,22.61,,91.0
SEN050,2026-07-25 00:38:40,2026-07-25,19.3,,95.0
SEN014,2026-06-07 13:26:10,2026-06-07,16.0,41.1,35.0
SEN030,2026-01-31 04:31:07,2026-01-31,17.6,,
SEN042,2026-03-17 22:57:10,2026-03-17,29.9,29.46,80.0
SEN045,2026-09-09 16:29:32,2026-09-09,32.5,0.51,64.0
SEN032,2026-02-16 13:50:00,2026-02-16,15.2,2.03,81.0
SEN036,2026-02-07 23:09:49,2026-02-07,35.0,8.13,66.0
SEN019,2026-07-26 14:45:34,2026-07-26,16.9,35.6,91.0
SEN002,2026-07-25 18:31:10,2026-07-25,23.6,6.0,40.0
SEN003,2026-02-28 21:41:16,2026-02-28,17.61,26.6,92.0
SEN020,2026-04-24 05:41:00,2026-04-24,23.5,10.3,49.0
SEN046,2026-01-06 17:32:32,2026-01-06,25.0,8.7,73.0
SEN005,2026-04-28 08:19:51,2026-04-28,16.7,14.5,38.0
SEN045,2026-05-13 13:28:09,2026-05-13,34.39,1.78,34.0
SEN021,2026-08-12 15:08:42,2026-08-12,38.9,35.6,36.0
SEN001,2026-04-02 15:18:40,2026-04-02,15.4,17.8,82.0
SEN009,2026-08-23 01:32:05,2026-08-23,36.78,37.85,94.0
UNKNOWN,2026-05-04 19:05:00,2026-05-04,16.4,13.97,93.0
UNKNOWN,2026-05-01 23:27:57,2026-05-01,34.6,35.3,86.0
SEN007,2026-06-14 17:47:43,2026-06-14,39.6,16.5,95.0
SEN048,2026-06-08 16:33:00,2026-06-08,16.28,7.6,63.0
SEN021,2026-05-23 05:48:25,2026-05-23,35.11,9.3,48.0
SEN031,2026-07-01 02:56:58,2026-07-01,36.2,0.3,51.0
SEN023,2026-02-08 22:07:27,2026-02-08,23.9,,92.0
SEN016,2026-04-12 17:01:36,2026-04-12,16.8,23.4,48.0
SEN002,2026-03-18 03:17:47,2026-03-18,35.39,29.9,64.0
SEN047,2026-09-06 04:08:03,2026-09-06,17.6,21.59,35.0
SEN021,2026-03-24 12:34:03,2026-03-24,18.8,27.69,53.0
SEN001,2026-07-08 19:26:14,2026-07-08,20.5,28.7,33.0
SEN035,2026-08-20 00:51:17,2026-08-20,15.39,30.1,60.0
SEN018,2026-03-18 11:33:19,2026-03-18,21.22,46.48,
SEN046,2026-05-16 00:13:41,2026-05-16,29.4,,85.0
SEN029,2026-05-09 22:58:51,2026-05-09,28.39,36.32,73.0
SEN035,2026-03-02 18:00:31,2026-03-02,22.89,38.1,36.0
SEN023,2026-05-22 04:07:07,2026-05-22,26.4,14.73,56.0
SEN030,2026-01-15 00:00:00,2026-01-15,23.1,23.9,51.0
SEN012,2026-02-26 07:24:52,2026-02-26,16.4,29.9,
SEN037,2026-02-18 17:56:05,2026-02-18,38.4,5.59,81.0
SEN038,2026-03-24 00:00:00,2026-03-24,32.72,41.15,78.0
SEN050,2026-08-19 19:59:34,2026-08-19,26.5,15.0,71.0
SEN013,2026-02-19 15:00:23,2026-02-19,23.0,,88.0
SEN020,2026-01-30 19:24:54,2026-01-30,30.89,34.6,31.0
SEN047,2026-05-25 09:01:13,2026-05-25,35.61,,
SEN006,2026-08-21 05:04:57,2026-08-21,34.39,31.6,36.0
SEN007,2026-07-18 11:01:40,2026-07-18,25.6,11.6,41.0
SEN041,2026-08-24 08:29:35,2026-08-24,20.5,37.08,69.0
SEN042,2026-06-15 21:16:15,2026-06-15,21.0,43.7,58.0
SEN048,2026-01-16 17:32:48,2026-01-16,25.78,19.8,
SEN027,2026-04-20 01:13:11,2026-04-20,18.7,7.5,66.0
SEN004,2026-05-26 20:21:03,2026-05-26,32.4,45.97,51.0
SEN038,2026-05-06 13:22:09,2026-05-06,35.6,30.23,65.0
SEN038,2026-01-07 03:15:20,2026-01-07,16.8,,88.0
SEN041,2026-06-05 03:07:35,2026-06-05,22.8,4.83,
SEN038,2026-04-22 10:11:26,2026-04-22,27.6,12.7,40.0
SEN040,2026-07-01 21:19:09,2026-07-01,22.2,11.3,91.0
SEN042,2026-08-05 21:06:33,2026-08-05,23.9,19.1,45.0
SEN007,2026-02-23 00:54:13,2026-02-23,34.5,34.6,
SEN007,2026-05-07 02:30:14,2026-05-07,16.2,16.6,51.0
SEN013,2026-08-09 00:50:11,2026-08-09,23.61,16.6,86.0
SEN025,2026-04-29 18:00:08,2026-04-29,33.5,,86.0
SEN049,2026-03-16 11:18:07,2026-03-16,31.0,2.2,67.0
SEN016,2026-07-24 13:37:48,2026-07-24,32.61,3.1,87.0
SEN023,2026-02-14 00:18:57,2026-02-14,38.5,30.7,60.0
SEN043,2026-08-07 04:17:15,2026-08-07,21.6,5.84,72.0
SEN038,2026-04-21 10:37:16,2026-04-21,34.1,47.4,54.0
SEN016,2026-07-27 21:53:34,2026-07-27,24.7,30.73,45.0
SEN050,2026-01-14 14:37:03,2026-01-14,16.0,,45.0
SEN035,2026-04-19 15:23:52,2026-04-19,38.8,,58.0
SEN025,2026-06-15 13:58:17,2026-06-15,17.11,13.46,52.0
SEN010,2026-02-04 11:25:38,2026-02-04,30.78,11.1,58.0
SEN050,2026-06-18 13:58:23,2026-06-18,29.78,8.1,52.0
SEN015,2026-01-24 18:53:10,2026-01-24,17.5,,46.0
SEN014,2026-04-22 19:13:17,2026-04-22,32.4,17.2,90.0
SEN010,2026-04-29 08:50:03,2026-04-29,29.5,17.6,70.0
SEN023,2026-03-25 11:37:57,2026-03-25,33.78,23.88,
SEN014,2026-08-25 15:09:21,2026-08-25,26.9,8.8,77.0
SEN001,2026-09-04 20:30:52,2026-09-04,35.3,49.8,85.0
SEN003,2026-05-08 03:16:45,2026-05-08,21.72,8.4,49.0
UNKNOWN,2026-07-18 08:07:39,2026-07-18,28.9,,89.0
SEN037,2026-02-03 17:29:46,2026-02-03,31.7,15.8,46.0
SEN015,2026-04-19 08:14:11,2026-04-19,16.0,26.4,47.0
SEN016,2026-07-12 04:06:12,2026-07-12,35.39,,67.0
SEN042,2026-02-03 00:07:39,2026-02-03,29.1,21.59,38.0
SEN025,2026-05-31 18:40:26,2026-05-31,29.4,47.75,52.0
SEN009,2026-05-06 01:03:24,2026-05-06,30.22,4.3,91.0
SEN025,2026-07-20 14:25:00,2026-07-20,34.0,,54.0
SEN009,2026-04-11 04:11:54,2026-04-11,24.1,45.1,67.0
SEN009,2026-06-06 07:07:26,2026-06-06,38.9,33.5,64.0
SEN035,2026-08-10 19:01:36,2026-08-10,39.0,41.8,30.0
SEN008,2026-02-26 18:05:28,2026-02-26,16.22,14.99,45.0
SEN009,2026-07-02 16:37:43,2026-07-02,38.89,3.2,55.0
SEN021,2026-05-18 12:31:00,2026-05-18,36.3,47.0,95.0
SEN037,2026-02-07 00:48:12,2026-02-07,36.61,3.56,87.0
SEN025,2026-07-27 00:32:59,2026-07-27,32.1,19.56,82.0
SEN040,2026-06-06 18:49:08,2026-06-06,21.0,26.92,51.0
SEN047,2026-08-30 06:04:09,2026-08-30,25.1,2.2,38.0
SEN026,2026-01-14 21:43:01,2026-01-14,19.9,27.9,
SEN005,2026-05-31 01:38:03,2026-05-31,31.8,41.2,32.0
UNKNOWN,2026-04-05 00:00:00,2026-04-05,35.0,12.1,
SEN016,2026-06-19 17:15:30,2026-06-19,33.11,39.4,36.0
SEN047,2026-08-22 00:00:00,2026-08-22,29.5,,38.0
SEN017,2026-02-09 18:30:57,2026-02-09,31.5,3.3,39.0
SEN010,2026-03-10 04:22:11,2026-03-10,19.78,47.2,74.0
SEN004,2026-05-30 07:53:32,2026-05-30,36.22,38.3,35.0
UNKNOWN,2026-05-17 13:47:11,2026-05-17,37.3,46.3,88.0
SEN050,2026-06-03 08:36:54,2026-06-03,23.6,,89.0
SEN018,2026-04-17 15:20:24,2026-04-17,21.72,30.99,55.0
SEN028,2026-02-21 00:05:40,2026-02-21,38.5,17.3,
UNKNOWN,2026-02-18 03:59:57,2026-02-18,16.5,49.4,
SEN025,2026-08-14 01:21:56,2026-08-14,32.78,1.8,71.0
SEN016,2026-08-28 09:52:10,2026-08-28,31.5,,30.0
SEN024,2026-08-24 09:23:49,2026-08-24,17.11,,
SEN027,2026-04-13 20:53:45,2026-04-13,21.7,11.8,38.0
SEN018,2026-04-07 10:56:14,2026-04-07,31.6,39.7,
SEN002,2026-03-07 20:54:47,2026-03-07,39.22,5.59,69.0
SEN017,2026-05-04 00:59:22,2026-05-04,17.2,43.2,
SEN046,2026-03-28 02:31:03,2026-03-28,17.9,17.2,50.0
SEN031,2026-01-15 21:00:20,2026-01-15,33.0,8.9,81.0
SEN023,2026-02-03 01:38:00,2026-02-03,23.61,13.97,53.0
SEN010,2026-04-10 23:24:02,2026-04-10,38.0,6.86,53.0
SEN027,2026-03-15 03:24:37,2026-03-15,21.6,31.2,51.0
SEN045,2026-07-19 00:27:09,2026-07-19,30.5,23.62,
SEN023,2026-03-17 11:16:57,2026-03-17,26.89,48.8,
SEN044,2026-04-28 12:09:50,2026-04-28,34.4,,78.0
SEN008,2026-09-01 14:55:21,2026-09-01,27.9,16.8,73.0
SEN024,2026-06-06 03:12:37,2026-06-06,28.22,16.1,43.0
SEN002,2026-06-03 10:19:25,2026-06-03,17.5,36.7,
SEN032,2026-08-29 03:29:23,2026-08-29,36.0,10.8,50.0
SEN017,2026-07-08 07:57:27,2026-07-08,38.1,43.18,57.0
SEN034,2026-02-05 22:44:30,2026-02-05,35.5,25.9,81.0
SEN033,2026-02-06 00:21:33,2026-02-06,32.28,7.4,78.0
UNKNOWN,2026-07-13 02:58:54,2026-07-13,27.11,23.4,41.0
SEN003,2026-06-15 18:39:02,2026-06-15,16.8,,61.0
SEN016,2026-05-09 23:27:00,2026-05-09,15.72,6.0,44.0
SEN036,2026-05-05 14:44:52,2026-05-05,18.4,36.1,69.0
SEN044,2026-06-28 01:40:00,2026-06-28,19.28,33.8,
SEN048,2026-02-23 06:24:19,2026-02-23,28.7,13.6,43.0
SEN034,2026-01-09 14:36:50,2026-01-09,34.72,12.5,44.0
SEN032,2026-02-17 16:52:32,2026-02-17,31.7,,42.0
SEN006,2026-07-24 02:18:29,2026-07-24,30.39,1.52,61.0
SEN023,2026-03-12 00:25:11,2026-03-12,37.3,16.3,
SEN003,2026-07-27 20:49:00,2026-07-27,24.22,,42.0
UNKNOWN,2026-03-19 06:15:15,2026-03-19,38.3,31.3,45.0
UNKNOWN,2026-08-07 07:38:33,2026-08-07,36.11,35.6,39.0
SEN027,2026-01-08 01:11:21,2026-01-08,22.78,30.73,85.0
SEN030,2026-03-18 06:11:25,2026-03-18,21.9,29.1,43.0
SEN016,2026-03-24 15:24:40,2026-03-24,17.3,,69.0
SEN042,2026-03-24 07:29:08,2026-03-24,28.7,12.3,57.0
SEN032,2026-01-21 08:45:04,2026-01-21,27.9,9.3,38.0
SEN014,2026-03-14 00:59:15,2026-03-14,26.3,20.2,33.0
UNKNOWN,2026-04-23 13:13:03,2026-04-23,25.4,33.5,42.0
SEN028,2026-01-01 12:32:47,2026-01-01,26.78,34.29,61.0
SEN039,2026-01-08 07:21:49,2026-01-08,30.89,43.4,
UNKNOWN,2026-07-04 12:04:35,2026-07-04,32.22,42.4,71.0
SEN006,2026-01-23 06:23:18,2026-01-23,33.1,,39.0
SEN001,2026-05-28 03:08:17,2026-05-28,25.2,47.5,47.0
SEN018,2026-04-15 01:48:02,2026-04-15,36.9,0.8,36.0
SEN040,2026-01-31 10:34:29,2026-01-31,30.5,13.7,43.0
SEN017,2026-09-05 00:59:49,2026-09-05,23.28,45.0,92.0
SEN005,2026-06-19 22:38:46,2026-06-19,16.11,18.8,74.0
SEN001,2026-07-08 16:47:31,2026-07-08,21.5,34.8,85.0
SEN045,2026-03-02 11:47:28,2026-03-02,26.8,43.8,65.0
SEN031,2026-05-24 06:52:23,2026-05-24,17.61,9.7,59.0
SEN038,2026-01-28 00:28:58,2026-01-28,38.28,2.8,50.0
SEN018,2026-01-29 03:31:40,2026-01-29,17.7,41.8,45.0
SEN001,2026-05-10 11:05:25,2026-05-10,34.8,10.6,
SEN043,2026-03-12 13:06:14,2026-03-12,15.78,4.6,51.0
SEN004,2026-08-11 06:41:41,2026-08-11,22.4,39.5,
SEN029,2026-07-27 20:50:32,2026-07-27,37.7,35.31,75.0
SEN026,2026-05-08 01:26:59,2026-05-08,21.4,29.4,33.0
SEN026,2026-05-29 16:30:14,2026-05-29,21.9,6.6,93.0
SEN042,2026-01-26 12:05:36,2026-01-26,30.1,45.9,40.0
SEN031,2026-03-07 11:44:08,2026-03-07,16.3,44.2,60.0
SEN006,2026-07-16 23:07:35,2026-07-16,20.9,47.9,31.0
SEN014,2026-04-18 00:06:44,2026-04-18,39.9,25.4,64.0
SEN001,2026-03-19 08:08:47,2026-03-19,29.3,,75.0
SEN005,2026-03-13 17:29:23,2026-03-13,18.11,,36.0
SEN041,2026-08-30 05:25:40,2026-08-30,26.22,,54.0
SEN028,2026-05-20 09:43:18,2026-05-20,28.5,26.3,53.0
SEN027,2026-04-25 18:36:51,2026-04-25,27.39,43.43,
SEN042,2026-02-14 06:41:56,2026-02-14,17.11,2.54,87.0
SEN027,2026-04-26 13:22:32,2026-04-26,34.7,7.5,92.0
SEN017,2026-07-26 10:26:09,2026-07-26,39.6,31.4,52.0
SEN045,2026-04-18 22:34:33,2026-04-18,20.5,38.86,41.0
SEN037,2026-05-01 13:36:55,2026-05-01,19.78,35.05,64.0
SEN050,2026-03-10 15:56:22,2026-03-10,19.78,26.0,31.0
SEN029,2026-04-01 07:08:06,2026-04-01,32.5,7.37,59.0
SEN028,2026-08-05 01:44:11,2026-08-05,22.5,7.2,89.0
SEN050,2026-03-18 13:39:51,2026-03-18,29.3,30.7,
SEN030,2026-02-26 02:07:59,2026-02-26,39.3,46.4,47.0
SEN019,2026-04-17 16:57:34,2026-04-17,27.9,43.1,68.0
SEN001,2026-01-21 00:51:14,2026-01-21,15.1,39.5,50.0
SEN040,2026-06-12 18:20:47,2026-06-12,19.89,20.57,41.0
SEN002,2026-07-19 08:36:39,2026-07-19,19.78,27.6,84.0
SEN033,2026-02-12 05:36:14,2026-02-12,36.28,3.2,94.0
UNKNOWN,2026-04-14 23:01:37,2026-04-14,22.5,21.5,83.0
SEN015,2026-05-21 03:37:32,2026-05-21,15.2,42.1,62.0
SEN046,2026-01-02 00:44:53,2026-01-02,25.1,,43.0
SEN037,2026-07-09 00:28:07,2026-07-09,20.3,,59.0
SEN048,2026-07-02 19:23:58,2026-07-02,39.2,25.9,59.0
SEN017,2026-01-21 16:05:40,2026-01-21,25.7,7.2,52.0
SEN043,2026-08-15 12:44:58,2026-08-15,20.3,8.0,64.0
UNKNOWN,2026-05-26 05:21:14,2026-05-26,26.5,22.9,64.0
SEN038,2026-06-21 12:39:16,2026-06-21,15.0,23.62,75.0
SEN001,2026-08-08 08:01:38,2026-08-08,22.7,,59.0
SEN034,2026-01-28 19:29:35,2026-01-28,28.5,38.86,84.0
SEN040,2026-03-07 03:12:35,2026-03-07,24.7,45.47,37.0
SEN044,2026-08-04 02:29:04,2026-08-04,31.78,45.0,49.0
SEN043,2026-01-25 02:22:07,2026-01-25,28.0,,37.0
SEN038,2026-07-16 02:27:57,2026-07-16,22.3,31.4,44.0
SEN040,2026-08-28 08:35:37,2026-08-28,16.9,35.31,53.0
SEN012,2026-08-03 21:30:54,2026-08-03,32.4,,32.0
UNKNOWN,2026-06-29 05:40:17,2026-06-29,34.11,34.9,41.0
SEN011,2026-06-01 15:02:38,2026-06-01,26.28,6.35,
SEN021,2026-02-21 05:55:12,2026-02-21,32.0,12.1,
SEN017,2026-03-28 06:40:22,2026-03-28,26.0,35.81,51.0
SEN033,2026-08-18 00:10:50,2026-08-18,24.2,4.32,75.0
SEN016,2026-04-02 13:55:11,2026-04-02,27.4,25.65,86.0
SEN012,2026-04-18 03:47:56,2026-04-18,38.0,34.6,69.0
SEN007,2026-09-09 10:10:11,2026-09-09,18.5,25.7,72.0
SEN004,2026-07-08 02:08:13,2026-07-08,20.5,22.7,49.0
SEN045,2026-02-20 03:40:51,2026-02-20,17.2,35.0,
SEN050,2026-07-27 05:13:35,2026-07-27,19.0,8.5,50.0
SEN036,2026-03-12 23:35:49,2026-03-12,32.39,45.21,75.0
SEN023,2026-07-01 17:19:33,2026-07-01,16.61,49.3,36.0
SEN025,2026-05-10 21:44:26,2026-05-10,36.78,36.2,79.0
SEN050,2026-02-16 10:04:25,2026-02-16,18.5,3.0,74.0
SEN008,2026-03-21 00:00:00,2026-03-21,34.0,47.5,45.0
SEN024,2026-02-12 02:48:46,2026-02-12,32.2,,63.0
SEN049,2026-01-24 11:01:15,2026-01-24,32.61,9.9,37.0
SEN008,2026-03-25 03:23:11,2026-03-25,29.7,46.5,65.0
SEN035,2026-08-27 17:52:31,2026-08-27,27.8,36.58,86.0
SEN030,2026-08-04 17:07:26,2026-08-04,33.2,20.57,
UNKNOWN,2026-07-06 21:23:29,2026-07-06,35.5,18.2,59.0
SEN020,2026-02-22 11:27:00,2026-02-22,21.0,49.5,33.0
SEN030,2026-06-14 13:38:57,2026-06-14,27.8,,67.0
SEN023,2026-01-12 10:31:38,2026-01-12,15.6,44.2,56.0
SEN043,2026-06-19 02:36:00,2026-06-19,18.0,45.8,
SEN003,2026-08-22 04:36:37,2026-08-22,21.7,,
SEN047,2026-01-10 00:10:04,2026-01-10,28.7,14.99,51.0
SEN036,2026-08-31 23:28:34,2026-08-31,17.7,21.34,49.0
SEN035,2026-08-18 02:37:12,2026-08-18,32.3,29.97,32.0
SEN021,2026-02-15 02:02:20,2026-02-15,21.5,47.7,78.0
SEN049,2026-06-12 07:36:00,2026-06-12,15.3,45.7,56.0
SEN036,2026-03-03 09:10:43,2026-03-03,39.0,29.72,37.0
SEN021,2026-03-05 18:42:09,2026-03-05,22.3,30.99,49.0
SEN037,2026-01-24 22:26:43,2026-01-24,38.9,43.9,54.0
SEN012,2026-07-22 19:57:40,2026-07-22,29.9,1.5,
SEN012,2026-07-26 21:51:53,2026-07-26,29.0,39.7,60.0
SEN030,2026-08-07 03:30:12,2026-08-07,27.9,41.9,
SEN003,2026-06-15 05:48:55,2026-06-15,32.3,33.53,94.0
SEN045,2026-04-28 04:56:00,2026-04-28,33.1,49.4,82.0
SEN043,2026-06-22 15:02:00,2026-06-22,36.6,17.8,76.0
SEN050,2026-03-06 05:11:02,2026-03-06,27.0,45.6,62.0
SEN035,2026-06-20 16:28:31,2026-06-20,21.5,8.4,93.0
SEN003,2026-02-28 16:37:34,2026-02-28,23.11,39.12,94.0
SEN042,2026-06-05 18:10:16,2026-06-05,22.89,36.83,36.0
SEN027,2026-05-27 02:10:43,2026-05-27,22.4,41.6,50.0
SEN022,2026-06-03 02:45:29,2026-06-03,25.2,44.4,39.0
SEN033,2026-05-02 23:59:46,2026-05-02,36.89,46.7,91.0
SEN024,2026-01-08 00:00:00,2026-01-08,25.28,43.2,79.0
SEN012,2026-01-06 11:18:10,2026-01-06,32.72,13.6,64.0
SEN023,2026-05-04 00:00:00,2026-05-04,21.6,26.5,60.0
SEN001,2026-08-11 05:42:39,2026-08-11,16.78,38.4,39.0
SEN041,2026-04-28 16:38:50,2026-04-28,20.6,3.8,66.0
SEN015,2026-04-20 09:31:31,2026-04-20,33.3,31.1,60.0
SEN050,2026-01-19 03:47:00,2026-01-19,33.5,32.1,44.0
SEN034,2026-07-13 05:52:41,2026-07-13,17.2,21.2,33.0
SEN050,2026-06-10 17:50:34,2026-06-10,22.1,,
SEN038,2026-03-30 14:23:57,2026-03-30,16.6,,89.0
SEN029,2026-06-10 07:46:00,2026-06-10,37.61,33.7,86.0
SEN042,2026-08-15 17:07:08,2026-08-15,25.3,,77.0
SEN030,2026-04-25 17:59:16,2026-04-25,37.1,49.28,70.0
SEN049,2026-08-14 08:33:33,2026-08-14,33.6,39.4,55.0
UNKNOWN,2026-09-07 13:54:15,2026-09-07,17.78,33.7,30.0
SEN039,2026-06-28 06:41:12,2026-06-28,29.2,4.1,89.0
SEN001,2026-01-13 02:07:44,2026-01-13,21.2,28.19,85.0
SEN040,2026-05-16 03:08:15,2026-05-16,39.22,9.9,41.0
SEN003,2026-03-22 16:17:00,2026-03-22,36.6,31.5,56.0
SEN046,2026-03-31 11:45:30,2026-03-31,35.39,23.62,85.0
SEN049,2026-05-27 13:53:05,2026-05-27,36.22,3.5,72.0
SEN005,2026-07-25 23:41:12,2026-07-25,16.39,9.14,42.0
SEN023,2026-08-12 17:42:43,2026-08-12,21.39,39.9,44.0
UNKNOWN,2026-01-31 01:31:53,2026-01-31,36.89,27.9,60.0
SEN030,2026-08-06 21:03:11,2026-08-06,19.5,45.47,43.0
SEN048,2026-03-01 16:34:58,2026-03-01,25.1,10.5,35.0
SEN047,2026-08-25 11:22:07,2026-08-25,15.22,18.0,32.0
SEN001,2026-01-25 23:03:21,2026-01-25,21.5,12.4,45.0
SEN024,2026-02-01 09:36:06,2026-02-01,28.6,27.6,33.0
SEN021,2026-05-03 12:20:36,2026-05-03,21.2,41.9,66.0
SEN036,2026-04-16 21:01:10,2026-04-16,25.11,22.2,48.0
SEN050,2026-04-25 17:19:14,2026-04-25,18.8,,90.0
SEN005,2026-03-20 20:39:24,2026-03-20,28.0,,42.0
SEN022,2026-02-12 14:38:47,2026-02-12,22.8,31.8,80.0
SEN048,2026-04-10 18:30:33,2026-04-10,34.2,,55.0
SEN035,2026-09-07 15:51:43,2026-09-07,24.22,41.3,63.0
SEN020,2026-08-04 19:57:42,2026-08-04,32.9,28.2,33.0
SEN017,2026-06-05 00:16:53,2026-06-05,18.9,,
SEN044,2026-08-19 22:52:09,2026-08-19,39.1,8.1,90.0
SEN006,2026-02-01 21:15:53,2026-02-01,16.0,39.7,44.0
SEN018,2026-07-24 10:40:59,2026-07-24,29.6,12.7,87.0
SEN002,2026-02-15 03:28:55,2026-02-15,38.8,36.9,51.0
SEN037,2026-04-03 01:50:58,2026-04-03,33.5,14.1,44.0
SEN036,2026-01-13 13:53:05,2026-01-13,25.89,,
SEN050,2026-01-20 08:12:07,2026-01-20,23.89,5.08,48.0
UNKNOWN,2026-05-04 05:26:35,2026-05-04,17.89,3.3,36.0
SEN033,2026-04-17 11:56:15,2026-04-17,29.0,37.4,35.0
SEN019,2026-07-17 18:24:25,2026-07-17,27.22,14.48,60.0
SEN019,2026-01-31 05:34:47,2026-01-31,18.5,7.62,43.0
SEN013,2026-07-09 06:34:18,2026-07-09,25.9,,67.0
SEN032,2026-03-11 22:49:53,2026-03-11,26.22,9.6,30.0
SEN043,2026-02-23 07:07:14,2026-02-23,19.39,40.5,47.0
SEN003,2026-02-28 09:21:45,2026-02-28,33.28,23.7,89.0
SEN004,2026-07-21 11:05:49,2026-07-21,38.11,11.3,33.0
SEN026,2026-03-03 02:50:21,2026-03-03,25.3,10.9,79.0
SEN041,2026-03-24 05:18:14,2026-03-24,35.2,4.3,49.0
SEN009,2026-08-27 17:31:00,2026-08-27,19.78,35.1,57.0
SEN016,2026-01-25 09:22:55,2026-01-25,20.3,,66.0
SEN012,2026-02-15 09:01:00,2026-02-15,17.5,,53.0
SEN050,2026-03-27 05:54:18,2026-03-27,22.6,20.2,88.0
SEN035,2026-02-11 07:55:08,2026-02-11,27.9,14.4,84.0
SEN005,2026-04-19 20:27:13,2026-04-19,35.8,32.8,35.0
SEN003,2026-02-16 01:16:07,2026-02-16,38.28,29.6,48.0
SEN031,2026-06-24 19:47:03,2026-06-24,17.78,14.99,
SEN045,2026-03-17 16:44:51,2026-03-17,29.11,37.34,30.0
SEN024,2026-06-13 04:24:43,2026-06-13,28.78,23.8,30.0
SEN012,2026-05-08 08:51:22,2026-05-08,28.7,32.26,77.0
SEN050,2026-05-31 07:33:29,2026-05-31,36.0,10.41,94.0
SEN048,2026-08-28 01:35:06,2026-08-28,23.39,23.4,69.0
SEN030,2026-03-08 00:14:14,2026-03-08,24.28,16.7,70.0
SEN005,2026-06-14 03:25:37,2026-06-14,21.5,38.86,80.0
SEN002,2026-06-22 17:07:22,2026-06-22,38.61,17.27,56.0
SEN033,2026-09-06 23:07:55,2026-09-06,24.9,17.8,90.0
SEN002,2026-04-08 21:26:26,2026-04-08,37.78,31.1,39.0
SEN016,2026-04-25 18:37:00,2026-04-25,33.1,22.7,93.0
SEN005,2026-07-07 14:48:51,2026-07-07,29.4,7.62,82.0
SEN007,2026-04-11 21:48:38,2026-04-11,34.9,,
SEN040,2026-04-01 06:52:39,2026-04-01,38.8,2.3,95.0
SEN018,2026-07-31 07:07:28,2026-07-31,31.28,6.5,37.0
SEN009,2026-08-02 14:50:42,2026-08-02,18.4,1.8,87.0
SEN037,2026-09-01 15:29:45,2026-09-01,25.0,19.3,56.0
SEN009,2026-04-07 05:43:03,2026-04-07,18.7,24.38,44.0
SEN010,2026-08-22 22:05:07,2026-08-22,25.2,,
SEN025,2026-08-28 13:06:00,2026-08-28,21.5,29.97,88.0
SEN003,2026-05-04 11:48:00,2026-05-04,26.7,39.4,
SEN014,2026-03-28 17:55:32,2026-03-28,19.8,17.2,74.0
SEN048,2026-02-14 05:44:52,2026-02-14,38.1,20.6,85.0
SEN010,2026-05-29 11:33:07,2026-05-29,17.3,32.26,75.0
UNKNOWN,2026-05-22 04:36:47,2026-05-22,17.7,10.8,66.0
SEN050,2026-03-05 20:16:56,2026-03-05,33.8,35.5,73.0
SEN012,2026-08-12 18:36:21,2026-08-12,24.61,48.5,67.0
SEN038,2026-03-31 18:58:05,2026-03-31,36.3,21.7,37.0
SEN033,2026-06-01 15:28:00,2026-06-01,33.4,15.75,54.0
SEN019,2026-04-02 20:20:59,2026-04-02,18.7,28.7,
SEN035,2026-03-29 03:34:19,2026-03-29,38.61,,54.0
SEN031,2026-02-12 03:00:30,2026-02-12,32.39,24.38,85.0
SEN029,2026-02-10 03:16:57,2026-02-10,17.5,,75.0
SEN003,2026-01-23 01:54:30,2026-01-23,27.3,28.7,
SEN021,2026-05-11 07:45:31,2026-05-11,36.39,29.97,43.0
SEN049,2026-03-06 11:45:09,2026-03-06,22.72,6.6,42.0
UNKNOWN,2026-09-08 09:22:43,2026-09-08,26.4,,52.0
SEN005,2026-03-07 08:11:43,2026-03-07,29.89,39.5,30.0
SEN019,2026-05-10 07:13:31,2026-05-10,19.22,22.1,82.0
SEN009,2026-05-08 20:36:50,2026-05-08,29.5,9.2,47.0
SEN013,2026-09-07 10:55:13,2026-09-07,18.3,9.0,56.0
SEN036,2026-01-05 02:17:19,2026-01-05,35.8,30.3,35.0
SEN029,2026-07-04 03:04:42,2026-07-04,32.2,36.8,83.0
SEN045,2026-01-24 11:08:54,2026-01-24,33.78,24.7,
SEN035,2026-05-20 12:37:55,2026-05-20,35.28,2.79,88.0
SEN031,2026-07-24 18:05:53,2026-07-24,36.89,31.2,95.0
SEN007,2026-04-20 03:22:18,2026-04-20,21.28,,
SEN048,2026-07-12 06:55:11,2026-07-12,36.4,40.3,47.0
SEN022,2026-07-04 10:43:43,2026-07-04,32.9,4.6,66.0
SEN032,2026-06-19 14:06:31,2026-06-19,23.7,,38.0
SEN040,2026-03-31 14:58:29,2026-03-31,23.11,,70.0
SEN022,2026-03-07 00:53:54,2026-03-07,31.4,23.6,
SEN027,2026-01-27 20:42:40,2026-01-27,39.5,,34.0
SEN029,2026-02-24 14:51:40,2026-02-24,22.2,21.8,60.0
SEN050,2026-03-08 05:50:35,2026-03-08,29.9,0.8,30.0
SEN034,2026-06-19 00:20:20,2026-06-19,17.78,42.0,47.0
UNKNOWN,2026-02-03 15:30:20,2026-02-03,19.1,39.4,59.0
SEN022,2026-03-27 22:46:33,2026-03-27,30.28,,54.0
SEN047,2026-02-11 04:45:21,2026-02-11,23.7,48.8,89.0
SEN033,2026-05-02 09:04:50,2026-05-02,40.0,32.2,61.0
SEN030,2026-07-20 08:09:48,2026-07-20,28.0,48.77,90.0
SEN030,2026-01-08 02:52:34,2026-01-08,39.0,3.5,89.0
SEN017,2026-02-27 02:11:15,2026-02-27,28.72,25.1,87.0
SEN015,2026-06-10 10:59:09,2026-06-10,18.9,10.92,
SEN037,2026-02-12 14:31:53,2026-02-12,24.7,17.7,54.0
SEN029,2026-01-21 18:44:56,2026-01-21,26.3,33.2,
SEN042,2026-02-18 07:03:00,2026-02-18,15.9,40.7,90.0
SEN008,2026-04-24 18:40:54,2026-04-24,18.11,5.5,95.0
SEN018,2026-07-26 23:51:24,2026-07-26,25.61,12.8,79.0
SEN045,2026-03-20 12:24:06,2026-03-20,17.22,12.19,47.0
SEN035,2026-08-09 20:57:21,2026-08-09,29.2,27.69,46.0
SEN019,2026-04-24 00:12:30,2026-04-24,31.2,36.83,71.0
SEN030,2026-08-03 00:00:00,2026-08-03,26.6,40.89,
UNKNOWN,2026-06-18 03:08:47,2026-06-18,15.8,18.0,38.0
SEN033,2026-05-27 16:59:26,2026-05-27,19.7,,82.0
SEN011,2026-03-29 08:52:08,2026-03-29,29.4,24.9,88.0
SEN016,2026-07-27 00:00:00,2026-07-27,28.89,6.1,44.0
SEN036,2026-05-21 17:34:59,2026-05-21,29.11,39.8,66.0
SEN040,2026-01-30 13:54:38,2026-01-30,32.8,35.1,33.0
SEN001,2026-08-05 10:36:47,2026-08-05,31.61,1.6,
SEN040,2026-08-07 09:05:48,2026-08-07,36.8,3.7,38.0
UNKNOWN,2026-06-19 08:35:07,2026-06-19,25.11,13.21,33.0
SEN012,2026-03-30 23:35:37,2026-03-30,36.9,37.7,60.0
SEN005,2026-08-28 20:19:00,2026-08-28,20.22,24.89,86.0
SEN021,2026-08-28 20:25:32,2026-08-28,35.9,3.3,
SEN022,2026-03-30 10:56:06,2026-03-30,31.1,38.35,58.0
SEN035,2026-01-01 11:26:16,2026-01-01,28.8,14.9,31.0
SEN033,2026-03-15 23:33:40,2026-03-15,15.22,35.05,93.0
SEN044,2026-05-28 08:00:16,2026-05-28,27.5,26.7,54.0
SEN050,2026-04-26 15:31:06,2026-04-26,33.72,25.6,77.0
SEN046,2026-08-21 02:24:55,2026-08-21,31.1,34.1,35.0
SEN017,2026-06-21 23:05:40,2026-06-21,28.5,5.08,41.0
SEN024,2026-08-15 15:12:09,2026-08-15,22.11,39.4,60.0
SEN007,2026-08-02 12:56:08,2026-08-02,22.9,42.93,80.0
SEN003,2026-03-23 18:54:00,2026-03-23,32.22,31.5,54.0
SEN021,2026-01-25 09:44:51,2026-01-25,29.72,33.7,71.0
SEN012,2026-02-02 01:49:51,2026-02-02,35.5,21.4,64.0
SEN030,2026-05-04 23:24:08,2026-05-04,15.72,17.27,32.0
SEN045,2026-08-26 04:09:31,2026-08-26,17.4,31.9,33.0
SEN014,2026-05-27 13:13:10,2026-05-27,25.28,49.53,93.0
SEN034,2026-07-10 16:24:31,2026-07-10,28.5,38.9,50.0
SEN025,2026-06-12 13:22:35,2026-06-12,16.7,31.3,73.0
SEN033,2026-03-04 21:31:34,2026-03-04,26.4,15.75,30.0
SEN027,2026-06-10 13:06:13,2026-06-10,38.9,,57.0
SEN032,2026-03-31 23:43:41,2026-03-31,39.11,48.51,57.0
SEN045,2026-02-28 05:46:56,2026-02-28,20.0,25.5,
SEN020,2026-08-12 22:36:18,2026-08-12,31.2,11.43,34.0
SEN009,2026-04-01 22:37:43,2026-04-01,37.4,28.7,40.0
UNKNOWN,2026-01-11 05:07:59,2026-01-11,18.61,,49.0
SEN014,2026-01-07 19:14:51,2026-01-07,36.3,22.35,48.0
SEN022,2026-06-23 01:13:02,2026-06-23,27.89,16.51,41.0
SEN015,2026-03-15 15:38:07,2026-03-15,26.39,,71.0
SEN040,2026-07-02 01:41:00,2026-07-02,37.4,41.2,85.0
SEN017,2026-04-07 09:50:38,2026-04-07,33.3,18.2,35.0
SEN020,2026-08-12 18:52:46,2026-08-12,27.22,46.0,82.0
SEN004,2026-01-02 23:09:49,2026-01-02,15.5,45.9,45.0
SEN027,2026-01-06 18:14:15,2026-01-06,15.1,2.2,41.0
SEN020,2026-01-21 18:42:06,2026-01-21,33.5,26.42,30.0
SEN049,2026-02-12 23:03:00,2026-02-12,26.89,22.7,71.0
SEN012,2026-06-30 01:00:08,2026-06-30,29.0,45.97,34.0
SEN045,2026-09-08 07:12:46,2026-09-08,37.7,14.3,93.0
SEN007,2026-07-31 02:19:00,2026-07-31,22.7,37.9,
UNKNOWN,2026-08-03 20:18:25,2026-08-03,22.28,21.4,51.0
SEN010,2026-08-23 02:28:39,2026-08-23,36.6,24.9,64.0
SEN036,2026-01-06 15:04:00,2026-01-06,26.8,43.69,
SEN022,2026-07-20 22:53:33,2026-07-20,27.8,44.1,82.0
UNKNOWN,2026-05-16 07:33:40,2026-05-16,24.5,44.8,50.0
SEN048,2026-03-28 18:12:12,2026-03-28,30.89,14.48,80.0
SEN023,2026-03-11 21:47:11,2026-03-11,29.28,13.0,59.0
SEN023,2026-03-08 03:18:02,2026-03-08,25.89,4.3,48.0
SEN030,2026-05-26 05:48:00,2026-05-26,16.9,43.0,42.0
SEN003,2026-08-08 01:54:19,2026-08-08,35.11,3.6,49.0
SEN043,2026-06-26 20:43:50,2026-06-26,23.72,26.1,81.0
SEN013,2026-05-11 09:00:00,2026-05-11,35.5,6.1,82.0
SEN009,2026-02-05 05:55:04,2026-02-05,37.0,37.3,30.0
SEN050,2026-06-03 02:11:35,2026-06-03,29.6,33.1,83.0
SEN037,2026-06-21 23:47:40,2026-06-21,24.9,45.21,71.0
SEN046,2026-07-04 19:33:29,2026-07-04,38.22,3.56,42.0
SEN015,2026-08-18 01:12:44,2026-08-18,22.1,11.18,59.0
SEN018,2026-07-24 04:24:51,2026-07-24,19.39,5.8,32.0
SEN050,2026-07-20 06:07:43,2026-07-20,18.4,32.2,71.0
SEN006,2026-08-04 06:36:25,2026-08-04,18.2,,49.0
SEN036,2026-04-05 01:50:15,2026-04-05,20.3,17.0,88.0
SEN042,2026-06-01 16:03:33,2026-06-01,20.5,11.6,64.0
SEN047,2026-02-02 19:02:02,2026-02-02,20.28,47.9,61.0
SEN038,2026-07-26 09:15:02,2026-07-26,18.5,21.34,83.0
SEN039,2026-07-15 10:30:51,2026-07-15,19.5,3.3,77.0
SEN007,2026-07-10 00:17:55,2026-07-10,19.78,21.9,48.0
SEN013,2026-05-07 22:26:57,2026-05-07,35.1,3.81,54.0
SEN030,2026-03-27 12:52:55,2026-03-27,17.2,19.3,33.0
SEN007,2026-07-16 23:29:17,2026-07-16,18.28,,72.0
SEN034,2026-04-05 00:00:00,2026-04-05,27.61,17.2,
SEN036,2026-01-31 01:46:26,2026-01-31,27.78,27.1,58.0
SEN003,2026-08-21 06:05:42,2026-08-21,38.7,45.72,34.0
SEN048,2026-07-24 06:00:38,2026-07-24,31.5,31.5,89.0
SEN003,2026-08-11 21:33:27,2026-08-11,34.0,3.4,92.0
SEN043,2026-09-01 04:09:48,2026-09-01,19.72,40.9,88.0
SEN033,2026-03-01 03:43:37,2026-03-01,33.28,19.3,51.0
SEN010,2026-07-07 14:22:46,2026-07-07,37.1,47.1,85.0
SEN019,2026-02-17 13:13:11,2026-02-17,36.5,,56.0
SEN032,2026-04-26 19:26:38,2026-04-26,37.78,18.7,31.0
SEN041,2026-09-03 16:20:50,2026-09-03,21.28,2.7,30.0
SEN038,2026-07-23 22:39:20,2026-07-23,29.4,,
SEN045,2026-06-28 17:09:55,2026-06-28,17.78,1.7,77.0
SEN002,2026-05-06 12:41:01,2026-05-06,29.22,6.1,84.0
SEN046,2026-06-20 22:12:00,2026-06-20,22.72,,87.0
UNKNOWN,2026-01-09 00:27:18,2026-01-09,28.1,,42.0
SEN017,2026-01-25 23:50:53,2026-01-25,16.0,6.1,38.0
SEN008,2026-04-17 03:08:51,2026-04-17,27.2,30.99,58.0
SEN023,2026-06-11 21:16:00,2026-06-11,18.78,22.6,46.0
UNKNOWN,2026-06-09 07:43:06,2026-06-09,27.9,11.6,84.0
SEN014,2026-08-14 19:49:35,2026-08-14,36.28,0.1,74.0
SEN034,2026-06-14 12:20:24,2026-06-14,21.5,,
SEN022,2026-08-04 02:11:13,2026-08-04,30.0,13.5,76.0
SEN028,2026-01-10 00:09:44,2026-01-10,36.5,,67.0
SEN004,2026-08-27 03:23:13,2026-08-27,39.0,,77.0
SEN004,2026-02-28 04:27:14,2026-02-28,17.5,19.56,
SEN027,2026-02-25 07:18:51,2026-02-25,32.9,7.37,
SEN005,2026-08-27 20:25:15,2026-08-27,19.89,19.2,
SEN015,2026-06-25 13:00:58,2026-06-25,23.7,35.6,41.0
SEN006,2026-02-09 23:28:00,2026-02-09,31.72,,83.0
SEN008,2026-01-10 22:47:44,2026-01-10,38.1,22.1,84.0
SEN025,2026-01-22 11:32:00,2026-01-22,19.2,,33.0
SEN037,2026-01-08 22:19:29,2026-01-08,35.89,8.0,62.0
SEN044,2026-04-22 05:45:08,2026-04-22,24.61,16.2,70.0
SEN017,2026-07-26 10:16:27,2026-07-26,38.4,23.8,32.0
SEN007,2026-03-10 11:52:13,2026-03-10,25.39,9.91,84.0
SEN035,2026-04-14 03:32:36,2026-04-14,39.39,30.73,86.0
SEN016,2026-02-23 22:57:36,2026-02-23,37.5,44.7,94.0
SEN002,2026-06-25 11:10:54,2026-06-25,26.89,15.5,67.0
SEN001,2026-05-11 09:46:46,2026-05-11,27.2,40.0,93.0
SEN047,2026-07-02 09:50:12,2026-07-02,24.2,45.97,41.0
SEN042,2026-01-24 22:52:10,2026-01-24,30.22,48.6,44.0
SEN023,2026-08-01 03:49:02,2026-08-01,20.5,22.1,62.0
SEN039,2026-07-09 14:21:03,2026-07-09,35.72,25.65,69.0
SEN033,2026-08-05 14:45:10,2026-08-05,31.2,48.7,44.0
SEN023,2026-04-25 13:13:16,2026-04-25,37.5,38.8,63.0
SEN016,2026-01-03 20:32:25,2026-01-03,22.8,6.7,61.0
SEN027,2026-02-22 13:31:42,2026-02-22,36.2,8.0,71.0
SEN005,2026-08-06 15:05:55,2026-08-06,20.89,12.6,70.0
SEN044,2026-01-28 16:48:37,2026-01-28,36.0,26.6,64.0
SEN013,2026-07-22 23:19:16,2026-07-22,32.28,19.9,82.0
SEN004,2026-05-09 22:27:01,2026-05-09,21.1,48.77,
SEN009,2026-06-08 20:20:47,2026-06-08,29.0,28.96,74.0
SEN010,2026-07-20 05:15:42,2026-07-20,31.9,24.4,83.0
SEN050,2026-03-23 13:35:56,2026-03-23,27.78,47.0,54.0
SEN016,2026-06-29 19:26:59,2026-06-29,17.5,30.5,38.0
SEN005,2026-09-07 19:34:00,2026-09-07,26.5,,72.0
SEN036,2026-08-18 10:16:31,2026-08-18,15.72,40.39,62.0
UNKNOWN,2026-07-14 04:42:33,2026-07-14,28.5,36.7,88.0
SEN049,2026-09-05 12:09:35,2026-09-05,24.28,17.9,94.0
SEN039,2026-01-07 21:56:00,2026-01-07,23.22,22.9,70.0
SEN047,2026-01-02 22:34:59,2026-01-02,32.2,24.13,94.0
SEN034,2026-03-08 02:54:36,2026-03-08,39.1,28.0,57.0
SEN010,2026-08-23 23:33:15,2026-08-23,19.8,48.0,44.0
SEN036,2026-08-22 10:30:10,2026-08-22,32.5,21.34,
SEN006,2026-03-19 09:46:22,2026-03-19,15.11,24.3,68.0
SEN041,2026-05-15 23:16:53,2026-05-15,33.2,36.07,
UNKNOWN,2026-08-29 18:18:12,2026-08-29,19.4,47.4,91.0
SEN033,2026-05-09 15:32:21,2026-05-09,22.6,14.0,83.0
SEN040,2026-02-21 15:28:03,2026-02-21,30.9,35.31,93.0
SEN015,2026-06-03 10:10:09,2026-06-03,34.9,2.9,88.0
SEN014,2026-08-14 10:39:46,2026-08-14,17.5,0.9,
SEN008,2026-05-30 18:57:23,2026-05-30,36.28,36.4,33.0
SEN031,2026-02-07 02:58:26,2026-02-07,38.22,14.99,46.0
SEN018,2026-08-19 10:58:19,2026-08-19,37.5,3.2,89.0
SEN047,2026-02-14 12:00:51,2026-02-14,29.0,24.6,70.0
SEN002,2026-01-25 00:00:00,2026-01-25,22.1,6.6,86.0
SEN014,2026-04-07 17:34:48,2026-04-07,33.3,12.4,49.0
SEN001,2026-05-25 13:08:22,2026-05-25,24.78,44.0,79.0
SEN043,2026-06-28 22:39:00,2026-06-28,35.1,27.7,44.0
SEN045,2026-06-29 09:37:05,2026-06-29,22.0,11.68,43.0
SEN039,2026-08-19 03:39:02,2026-08-19,36.1,41.9,43.0
SEN038,2026-04-13 11:15:08,2026-04-13,30.9,44.2,48.0
SEN035,2026-05-14 17:13:06,2026-05-14,36.8,16.6,41.0
SEN014,2026-03-20 16:39:00,2026-03-20,17.0,0.2,33.0
SEN005,2026-08-02 21:11:13,2026-08-02,25.78,,53.0
SEN004,2026-06-26 13:30:57,2026-06-26,17.6,,38.0
SEN045,2026-03-09 12:59:35,2026-03-09,25.61,32.3,50.0
SEN005,2026-02-03 16:40:00,2026-02-03,30.9,43.0,
SEN038,2026-03-19 00:36:19,2026-03-19,23.4,39.7,84.0
SEN049,2026-03-25 23:12:19,2026-03-25,30.72,33.02,
SEN037,2026-03-31 04:00:53,2026-03-31,31.1,7.7,60.0
SEN012,2026-03-30 20:19:56,2026-03-30,17.4,33.78,87.0
SEN035,2026-06-07 18:15:07,2026-06-07,21.6,8.5,93.0
SEN018,2026-05-28 04:25:00,2026-05-28,34.39,13.72,81.0
SEN039,2026-08-15 07:32:19,2026-08-15,17.5,38.1,84.0
SEN012,2026-05-08 18:33:41,2026-05-08,37.3,12.4,71.0
SEN033,2026-08-05 09:28:37,2026-08-05,35.11,,95.0
SEN012,2026-01-04 11:53:00,2026-01-04,29.4,29.2,74.0
SEN013,2026-07-15 16:55:05,2026-07-15,33.78,,52.0
SEN031,2026-08-13 17:26:26,2026-08-13,23.2,35.9,84.0
SEN032,2026-03-27 04:24:52,2026-03-27,22.1,43.18,76.0
SEN026,2026-02-12 03:36:00,2026-02-12,35.3,48.51,32.0
SEN045,2026-04-14 01:42:21,2026-04-14,20.7,10.1,47.0
SEN032,2026-04-22 18:50:09,2026-04-22,20.5,30.1,
SEN024,2026-06-03 10:55:24,2026-06-03,21.9,17.27,95.0
SEN047,2026-02-15 13:51:27,2026-02-15,15.5,28.3,84.0
SEN029,2026-05-14 12:53:57,2026-05-14,31.39,,66.0
SEN004,2026-08-05 06:28:56,2026-08-05,23.9,16.9,51.0
SEN017,2026-02-05 07:01:43,2026-02-05,25.7,15.3,92.0
SEN032,2026-06-30 00:00:00,2026-06-30,22.4,32.2,60.0
SEN047,2026-06-11 07:28:00,2026-06-11,39.11,42.2,36.0
SEN025,2026-02-15 09:59:42,2026-02-15,32.39,4.3,42.0
SEN031,2026-01-01 16:48:52,2026-01-01,27.1,,82.0
SEN020,2026-06-05 02:22:55,2026-06-05,32.6,8.4,80.0
SEN034,2026-04-02 13:24:22,2026-04-02,30.1,,57.0
SEN041,2026-01-13 10:36:38,2026-01-13,16.7,31.5,86.0
SEN013,2026-04-02 05:17:19,2026-04-02,15.28,8.0,82.0
SEN009,2026-03-05 15:01:54,2026-03-05,15.8,,57.0
SEN050,2026-06-25 09:49:38,2026-06-25,21.3,37.2,73.0
SEN017,2026-09-09 17:40:09,2026-09-09,32.1,38.3,93.0
SEN025,2026-07-24 14:50:49,2026-07-24,26.0,13.3,50.0
SEN046,2026-04-08 04:14:32,2026-04-08,26.4,0.2,59.0
SEN015,2026-09-08 00:00:00,2026-09-08,30.5,48.77,95.0
SEN034,2026-03-06 01:33:00,2026-03-06,20.4,38.8,46.0
SEN025,2026-06-22 16:56:41,2026-06-22,21.8,11.18,79.0
SEN004,2026-01-22 12:53:26,2026-01-22,17.3,12.1,
UNKNOWN,2026-05-13 12:22:11,2026-05-13,29.8,15.49,
SEN020,2026-05-02 19:36:51,2026-05-02,37.39,14.0,81.0
SEN017,2026-08-21 08:05:00,2026-08-21,15.3,8.3,95.0
SEN047,2026-03-12 03:09:16,2026-03-12,22.61,27.8,85.0
SEN009,2026-05-08 10:30:37,2026-05-08,16.8,19.8,88.0
SEN039,2026-04-27 22:23:44,2026-04-27,22.11,21.1,81.0
SEN027,2026-08-14 21:35:27,2026-08-14,15.7,,62.0
SEN027,2026-07-05 20:43:35,2026-07-05,15.7,42.6,88.0
SEN012,2026-09-01 08:26:33,2026-09-01,17.8,11.2,
SEN037,2026-02-15 13:14:54,2026-02-15,35.2,22.61,86.0
SEN023,2026-07-26 17:25:13,2026-07-26,30.3,7.37,94.0
SEN044,2026-06-27 00:58:02,2026-06-27,27.11,21.3,92.0
SEN012,2026-03-16 02:06:57,2026-03-16,31.3,,67.0
SEN007,2026-04-09 02:29:27,2026-04-09,31.61,,64.0
SEN017,2026-01-28 19:30:03,2026-01-28,22.0,30.99,39.0
SEN022,2026-07-12 21:36:41,2026-07-12,30.78,,33.0
SEN024,2026-06-24 06:51:16,2026-06-24,32.39,41.91,52.0
SEN007,2026-09-07 01:38:05,2026-09-07,34.8,7.6,57.0
SEN044,2026-02-02 11:32:57,2026-02-02,32.28,29.46,77.0
SEN005,2026-03-04 07:17:57,2026-03-04,38.3,15.6,30.0
SEN042,2026-01-20 22:26:10,2026-01-20,23.4,7.7,
SEN031,2026-05-18 16:13:37,2026-05-18,16.6,48.6,87.0
SEN050,2026-01-28 10:08:00,2026-01-28,37.7,45.4,32.0
SEN029,2026-07-30 00:00:00,2026-07-30,25.0,38.3,95.0
SEN010,2026-09-08 00:29:12,2026-09-08,25.6,,76.0
SEN049,2026-08-14 05:28:26,2026-08-14,21.1,31.9,
SEN027,2026-09-01 15:09:03,2026-09-01,21.9,,61.0
SEN006,2026-02-21 20:17:10,2026-02-21,25.6,,75.0
SEN037,2026-02-27 08:47:38,2026-02-27,15.78,34.1,
SEN026,2026-03-08 16:32:05,2026-03-08,34.2,28.5,42.0
SEN042,2026-04-12 04:48:24,2026-04-12,38.5,38.6,44.0
SEN044,2026-04-14 11:53:16,2026-04-14,32.0,30.0,81.0
SEN018,2026-02-21 17:53:34,2026-02-21,28.61,21.08,45.0
SEN017,2026-03-13 01:07:13,2026-03-13,28.28,,82.0
SEN010,2026-04-24 06:34:26,2026-04-24,22.39,,74.0
SEN041,2026-08-29 08:46:49,2026-08-29,29.5,,48.0
SEN030,2026-08-28 08:45:37,2026-08-28,26.4,18.1,70.0
SEN008,2026-06-25 04:39:39,2026-06-25,27.3,36.4,58.0
UNKNOWN,2026-02-23 09:17:34,2026-02-23,25.4,18.0,
SEN030,2026-02-19 23:31:27,2026-02-19,35.4,14.48,64.0
SEN041,2026-07-07 16:53:39,2026-07-07,15.9,28.7,84.0
UNKNOWN,2026-06-04 06:52:08,2026-06-04,18.6,25.5,70.0
SEN008,2026-08-28 12:46:25,2026-08-28,20.0,7.87,46.0
SEN006,2026-07-27 11:19:44,2026-07-27,33.2,19.8,61.0
SEN032,2026-07-09 09:51:00,2026-07-09,34.28,18.8,81.0
SEN015,2026-08-17 10:16:55,2026-08-17,29.2,12.2,42.0
UNKNOWN,2026-08-26 10:56:52,2026-08-26,26.28,21.3,91.0
SEN039,2026-04-21 14:16:51,2026-04-21,18.7,24.2,36.0
SEN034,2026-03-27 17:26:10,2026-03-27,16.7,25.91,89.0
SEN025,2026-06-08 13:43:48,2026-06-08,21.1,37.59,79.0
SEN028,2026-03-21 21:41:39,2026-03-21,33.89,,87.0
SEN050,2026-04-12 14:36:35,2026-04-12,37.0,19.7,72.0
SEN027,2026-04-14 15:47:28,2026-04-14,31.8,30.6,53.0
UNKNOWN,2026-04-26 02:07:47,2026-04-26,17.39,44.96,76.0
SEN011,2026-01-07 09:05:54,2026-01-07,17.6,38.61,49.0
SEN038,2026-01-28 18:17:52,2026-01-28,29.8,7.0,84.0
SEN046,2026-01-05 05:44:09,2026-01-05,38.9,47.7,70.0
UNKNOWN,2026-04-17 02:56:25,2026-04-17,38.22,41.91,83.0
SEN030,2026-07-28 02:52:36,2026-07-28,20.2,20.5,31.0
SEN032,2026-07-24 00:00:00,2026-07-24,18.1,13.6,65.0
SEN019,2026-04-28 07:30:18,2026-04-28,16.89,22.1,
SEN043,2026-05-10 17:22:00,2026-05-10,18.7,8.2,34.0
SEN028,2026-07-06 17:34:01,2026-07-06,17.0,1.52,47.0
SEN033,2026-08-22 21:09:33,2026-08-22,34.6,23.8,46.0
SEN009,2026-08-21 21:05:33,2026-08-21,18.61,41.2,86.0
SEN013,2026-04-03 16:17:48,2026-04-03,15.5,29.0,72.0
SEN005,2026-03-12 05:18:00,2026-03-12,21.39,40.8,36.0
SEN024,2026-07-27 22:36:48,2026-07-27,32.11,8.89,82.0
UNKNOWN,2026-04-03 19:56:34,2026-04-03,26.3,,43.0
UNKNOWN,2026-05-12 18:02:11,2026-05-12,24.1,41.2,45.0
SEN018,2026-03-18 02:13:08,2026-03-18,22.39,34.5,89.0
SEN022,2026-01-05 14:28:05,2026-01-05,20.5,31.9,57.0
SEN019,2026-03-24 18:02:08,2026-03-24,39.7,11.9,83.0
SEN038,2026-06-04 10:31:47,2026-06-04,18.3,30.99,34.0
SEN037,2026-04-03 09:09:54,2026-04-03,17.5,24.3,62.0
SEN034,2026-01-09 17:53:25,2026-01-09,38.11,,52.0
SEN048,2026-06-28 06:11:28,2026-06-28,29.0,31.24,68.0
SEN033,2026-03-03 09:46:02,2026-03-03,35.7,21.2,82.0
SEN036,2026-06-14 07:38:57,2026-06-14,17.89,2.4,72.0
SEN002,2026-08-26 01:13:16,2026-08-26,25.28,,90.0
SEN042,2026-08-02 02:15:39,2026-08-02,16.0,28.0,32.0
SEN001,2026-02-19 23:14:25,2026-02-19,39.8,15.4,36.0
SEN040,2026-05-29 20:38:49,2026-05-29,32.3,13.8,78.0
SEN031,2026-08-02 21:33:00,2026-08-02,31.2,32.0,44.0
SEN047,2026-02-01 03:55:00,2026-02-01,38.2,22.86,90.0
SEN035,2026-03-14 19:19:17,2026-03-14,21.72,5.5,76.0
SEN022,2026-06-04 18:56:22,2026-06-04,28.2,3.4,68.0
SEN008,2026-08-20 18:12:02,2026-08-20,39.22,37.9,
SEN048,2026-03-04 21:41:18,2026-03-04,39.28,,88.0
SEN024,2026-07-03 19:00:17,2026-07-03,25.39,38.5,56.0
SEN010,2026-07-12 08:28:48,2026-07-12,34.2,25.9,85.0
SEN019,2026-04-18 01:05:13,2026-04-18,30.3,20.8,50.0
SEN004,2026-01-14 05:45:28,2026-01-14,27.78,17.0,53.0
SEN040,2026-08-21 04:35:18,2026-08-21,29.0,2.8,59.0
SEN021,2026-08-23 12:51:55,2026-08-23,24.4,31.8,63.0
SEN048,2026-08-19 06:21:28,2026-08-19,18.7,16.5,77.0
SEN041,2026-01-27 20:21:00,2026-01-27,16.9,36.5,82.0
SEN039,2026-06-21 23:56:37,2026-06-21,22.11,46.2,68.0
UNKNOWN,2026-08-08 23:18:00,2026-08-08,17.0,1.52,30.0
SEN003,2026-03-15 14:38:25,2026-03-15,27.2,12.6,87.0
SEN012,2026-07-30 05:52:03,2026-07-30,39.78,40.13,80.0
SEN043,2026-07-11 16:51:11,2026-07-11,32.5,,51.0
SEN037,2026-06-10 20:28:20,2026-06-10,23.61,30.48,60.0
SEN040,2026-08-03 02:16:06,2026-08-03,20.0,9.65,71.0
SEN036,2026-02-12 22:01:25,2026-02-12,36.72,12.45,90.0
SEN004,2026-04-13 11:04:34,2026-04-13,32.8,5.0,56.0
SEN033,2026-03-08 17:55:26,2026-03-08,15.4,49.6,69.0
SEN042,2026-02-10 20:45:47,2026-02-10,29.9,31.3,88.0
SEN002,2026-05-29 03:27:52,2026-05-29,25.22,6.2,63.0
SEN049,2026-03-16 00:23:12,2026-03-16,38.28,19.3,75.0
SEN005,2026-07-30 22:37:34,2026-07-30,29.39,8.38,43.0
SEN044,2026-01-25 22:41:08,2026-01-25,24.9,11.8,64.0
SEN039,2026-01-24 17:50:00,2026-01-24,22.9,34.2,65.0
SEN010,2026-05-16 00:57:26,2026-05-16,19.28,37.9,
SEN034,2026-09-06 20:06:31,2026-09-06,19.78,13.97,
SEN015,2026-06-29 06:23:49,2026-06-29,25.5,25.9,47.0
SEN009,2026-05-31 04:20:55,2026-05-31,15.78,47.2,57.0
SEN026,2026-05-22 19:43:36,2026-05-22,27.9,0.7,76.0
SEN027,2026-01-17 04:37:20,2026-01-17,33.39,28.7,71.0
SEN031,2026-08-20 10:51:57,2026-08-20,32.4,37.08,92.0
SEN003,2026-01-01 23:02:16,2026-01-01,22.6,15.1,42.0
SEN044,2026-02-04 01:43:31,2026-02-04,16.3,23.2,77.0
SEN029,2026-07-06 08:18:48,2026-07-06,37.61,7.0,40.0
SEN024,2026-08-21 19:39:47,2026-08-21,34.7,,
SEN008,2026-01-31 00:46:24,2026-01-31,38.0,18.54,
SEN024,2026-04-15 19:36:00,2026-04-15,19.6,8.8,33.0
SEN014,2026-06-17 21:40:15,2026-06-17,33.6,36.3,33.0
SEN042,2026-03-25 22:27:03,2026-03-25,24.1,15.0,82.0
SEN029,2026-08-22 18:37:08,2026-08-22,24.89,38.9,35.0
SEN024,2026-04-23 09:51:05,2026-04-23,17.7,7.87,58.0
SEN019,2026-08-21 22:36:17,2026-08-21,35.72,10.16,47.0
SEN047,2026-03-09 07:19:14,2026-03-09,33.6,24.1,42.0
SEN044,2026-06-19 22:08:00,2026-06-19,16.2,27.94,90.0
SEN030,2026-08-01 20:15:39,2026-08-01,26.78,43.3,
SEN020,2026-05-30 22:13:52,2026-05-30,37.1,27.2,76.0
SEN026,2026-06-07 02:46:34,2026-06-07,20.5,19.6,42.0
UNKNOWN,2026-05-06 01:50:53,2026-05-06,19.1,,71.0
SEN001,2026-04-13 12:07:50,2026-04-13,27.28,18.5,36.0
SEN004,2026-02-28 11:39:40,2026-02-28,34.61,14.4,55.0
SEN032,2026-03-01 23:14:51,2026-03-01,30.3,5.59,77.0
SEN009,2026-06-09 02:07:49,2026-06-09,15.0,4.4,72.0
SEN006,2026-01-13 04:11:57,2026-01-13,21.78,31.4,
SEN016,2026-02-10 07:07:59,2026-02-10,23.9,5.59,91.0
SEN015,2026-08-24 16:26:09,2026-08-24,19.2,36.07,37.0
SEN008,2026-04-16 10:46:05,2026-04-16,38.28,45.4,32.0
SEN044,2026-08-04 09:00:50,2026-08-04,21.78,,75.0
SEN038,2026-02-22 21:21:29,2026-02-22,19.39,42.6,77.0
SEN039,2026-05-02 00:10:26,2026-05-02,28.8,25.1,
SEN007,2026-09-06 01:29:54,2026-09-06,38.72,27.0,32.0
SEN027,2026-08-11 15:58:16,2026-08-11,33.0,18.7,59.0
SEN049,2026-04-20 13:29:53,2026-04-20,31.4,24.3,87.0
SEN032,2026-08-29 16:09:23,2026-08-29,36.5,32.3,59.0
SEN019,2026-03-08 08:13:34,2026-03-08,33.61,41.8,52.0
SEN001,2026-05-23 00:41:27,2026-05-23,29.5,0.6,84.0
UNKNOWN,2026-02-11 18:36:19,2026-02-11,36.22,,77.0
SEN030,2026-02-23 05:23:33,2026-02-23,19.22,27.9,53.0
SEN020,2026-01-13 17:14:14,2026-01-13,26.0,45.47,79.0
SEN027,2026-08-22 20:58:00,2026-08-22,22.8,5.84,62.0
SEN041,2026-08-11 12:18:21,2026-08-11,39.3,29.5,54.0
SEN003,2026-06-18 18:27:14,2026-06-18,31.8,45.21,75.0
SEN043,2026-06-17 08:18:35,2026-06-17,31.1,11.1,57.0
SEN003,2026-07-27 12:44:21,2026-07-27,20.4,45.3,71.0
SEN030,2026-06-20 17:28:37,2026-06-20,32.6,,51.0
SEN009,2026-08-07 10:03:27,2026-08-07,29.28,42.7,76.0
SEN007,2026-01-22 21:43:13,2026-01-22,22.1,40.39,60.0
SEN050,2026-07-31 09:42:19,2026-07-31,39.6,11.9,84.0
SEN049,2026-01-14 07:45:31,2026-01-14,26.89,3.0,43.0
SEN001,2026-04-26 23:45:43,2026-04-26,35.3,24.38,85.0
SEN021,2026-08-09 09:02:56,2026-08-09,30.6,7.87,83.0
SEN006,2026-08-18 05:50:05,2026-08-18,16.72,12.0,46.0
SEN005,2026-05-15 17:26:01,2026-05-15,36.3,49.7,39.0
SEN018,2026-03-23 00:20:15,2026-03-23,23.5,7.0,73.0
SEN046,2026-07-23 04:38:42,2026-07-23,21.72,,75.0
SEN007,2026-08-18 05:20:00,2026-08-18,23.6,27.7,39.0
UNKNOWN,2026-08-01 18:28:30,2026-08-01,25.0,44.2,30.0
SEN001,2026-02-07 03:38:48,2026-02-07,19.0,,79.0
SEN020,2026-01-09 11:30:02,2026-01-09,37.3,16.9,31.0
SEN050,2026-08-07 23:20:57,2026-08-07,17.9,6.6,81.0
SEN004,2026-08-04 17:21:34,2026-08-04,24.9,12.0,41.0
SEN022,2026-08-08 21:13:31,2026-08-08,39.7,18.03,
SEN038,2026-02-18 07:47:10,2026-02-18,29.0,27.1,92.0
SEN016,2026-03-23 03:00:59,2026-03-23,16.78,,
SEN038,2026-04-03 07:55:27,2026-04-03,34.39,0.6,71.0
SEN044,2026-06-03 09:02:52,2026-06-03,29.5,23.8,90.0
SEN019,2026-03-23 01:26:47,2026-03-23,16.6,38.2,61.0
SEN004,2026-01-29 13:42:05,2026-01-29,35.9,40.39,55.0
SEN007,2026-03-25 17:54:44,2026-03-25,38.1,41.2,74.0
SEN031,2026-02-22 12:41:35,2026-02-22,20.28,11.68,77.0
SEN027,2026-03-28 14:37:50,2026-03-28,34.89,,56.0
SEN001,2026-03-15 19:30:31,2026-03-15,23.1,38.61,39.0
SEN046,2026-04-16 16:34:40,2026-04-16,37.7,16.0,60.0
SEN024,2026-05-06 05:46:38,2026-05-06,15.3,47.1,86.0
SEN043,2026-07-13 14:41:19,2026-07-13,37.39,47.6,72.0
SEN027,2026-06-24 06:54:14,2026-06-24,26.39,9.3,34.0
UNKNOWN,2026-04-08 01:56:50,2026-04-08,33.5,11.18,49.0
SEN023,2026-04-01 20:26:14,2026-04-01,15.2,45.6,
SEN048,2026-05-05 11:01:16,2026-05-05,22.3,7.7,57.0
SEN030,2026-02-13 04:37:52,2026-02-13,23.6,23.62,34.0
SEN029,2026-04-05 17:56:49,2026-04-05,35.1,38.86,48.0
SEN033,2026-08-27 12:35:13,2026-08-27,32.6,3.7,38.0
SEN050,2026-09-09 06:53:34,2026-09-09,29.1,15.7,90.0
SEN003,2026-09-04 13:54:46,2026-09-04,34.7,36.3,89.0
SEN043,2026-06-11 01:54:25,2026-06-11,32.9,2.6,57.0
SEN050,2026-08-21 01:58:01,2026-08-21,19.2,46.3,57.0
SEN017,2026-07-24 20:28:44,2026-07-24,35.2,36.3,44.0
SEN049,2026-05-24 16:45:33,2026-05-24,36.1,,59.0
SEN003,2026-06-14 09:05:39,2026-06-14,20.4,,43.0
SEN041,2026-01-24 07:35:46,2026-01-24,38.0,27.18,88.0
SEN013,2026-08-30 21:16:22,2026-08-30,37.72,44.1,42.0
SEN048,2026-04-06 23:39:44,2026-04-06,31.61,49.2,84.0
SEN005,2026-08-25 07:28:00,2026-08-25,39.8,24.0,68.0
SEN038,2026-08-31 07:05:35,2026-08-31,29.5,,31.0
SEN048,2026-06-09 05:13:08,2026-06-09,37.72,40.6,38.0
SEN009,2026-05-30 23:49:03,2026-05-30,37.2,17.6,94.0
SEN023,2026-05-05 06:45:25,2026-05-05,37.89,6.6,
SEN037,2026-03-05 11:05:33,2026-03-05,17.3,47.9,
UNKNOWN,2026-06-07 01:03:57,2026-06-07,33.9,29.8,74.0
SEN026,2026-05-14 20:31:52,2026-05-14,24.11,15.2,41.0
SEN022,2026-01-31 23:24:30,2026-01-31,21.89,,60.0
SEN023,2026-07-19 04:21:00,2026-07-19,17.1,38.9,64.0
SEN010,2026-07-25 22:00:30,2026-07-25,27.78,36.1,42.0
SEN016,2026-01-10 18:56:13,2026-01-10,29.5,12.45,43.0
SEN050,2026-03-17 20:58:53,2026-03-17,34.2,8.13,67.0
SEN049,2026-09-06 13:46:57,2026-09-06,37.0,4.2,61.0
SEN016,2026-03-27 13:20:00,2026-03-27,39.0,16.2,53.0
SEN008,2026-05-05 23:47:43,2026-05-05,20.39,16.76,80.0
SEN045,2026-07-09 21:45:09,2026-07-09,21.5,,87.0
SEN029,2026-02-24 03:14:29,2026-02-24,18.78,0.1,77.0
SEN030,2026-02-17 21:34:48,2026-02-17,21.0,,
SEN014,2026-04-27 11:45:25,2026-04-27,23.28,,70.0
SEN044,2026-06-14 04:54:55,2026-06-14,35.61,7.6,53.0
SEN002,2026-02-16 13:46:27,2026-02-16,34.6,49.28,90.0
SEN013,2026-02-03 05:58:38,2026-02-03,33.4,10.3,91.0
SEN032,2026-01-21 14:23:27,2026-01-21,17.28,12.0,49.0
SEN004,2026-01-09 20:37:04,2026-01-09,17.1,35.1,61.0
SEN017,2026-04-28 14:15:46,2026-04-28,26.1,19.6,74.0
SEN044,2026-01-26 21:11:18,2026-01-26,35.4,9.0,82.0
SEN024,2026-04-10 12:41:37,2026-04-10,20.2,19.8,
SEN014,2026-01-11 18:40:15,2026-01-11,31.0,36.3,56.0
SEN047,2026-01-27 16:53:16,2026-01-27,19.22,,
SEN049,2026-06-21 07:43:17,2026-06-21,22.6,26.5,52.0
SEN027,2026-04-08 15:05:23,2026-04-08,21.1,43.8,46.0
SEN039,2026-01-20 22:27:33,2026-01-20,22.39,,94.0
SEN042,2026-06-02 02:29:20,2026-06-02,27.8,44.6,34.0
SEN025,2026-07-17 12:33:12,2026-07-17,26.89,9.1,85.0
SEN006,2026-01-24 15:21:55,2026-01-24,30.22,34.1,94.0
SEN008,2026-04-04 15:57:44,2026-04-04,27.0,32.77,55.0
SEN001,2026-03-07 04:38:45,2026-03-07,36.39,48.01,45.0
SEN011,2026-04-25 12:48:24,2026-04-25,32.61,17.6,40.0
SEN038,2026-02-06 21:56:56,2026-02-06,29.78,16.26,65.0
SEN029,2026-08-03 22:02:27,2026-08-03,32.72,5.33,52.0
SEN021,2026-07-18 03:30:45,2026-07-18,18.8,33.6,37.0
SEN025,2026-04-15 02:00:24,2026-04-15,39.7,48.01,62.0
UNKNOWN,2026-03-05 13:25:06,2026-03-05,26.0,10.0,92.0
SEN044,2026-04-26 12:31:11,2026-04-26,26.0,39.0,76.0
SEN047,2026-04-10 17:53:00,2026-04-10,19.78,4.3,78.0
SEN024,2026-07-22 21:54:29,2026-07-22,17.5,32.4,69.0
SEN003,2026-01-27 19:53:26,2026-01-27,32.1,24.8,55.0
SEN010,2026-08-12 03:02:11,2026-08-12,29.9,41.9,77.0
SEN035,2026-03-28 00:04:20,2026-03-28,26.0,37.2,32.0
SEN003,2026-08-29 02:54:27,2026-08-29,25.9,43.9,
SEN013,2026-06-14 07:16:36,2026-06-14,39.2,44.3,56.0
SEN002,2026-09-05 17:10:57,2026-09-05,35.4,17.53,88.0
SEN015,2026-01-26 06:31:19,2026-01-26,15.6,,85.0
SEN027,2026-02-05 12:30:30,2026-02-05,38.22,5.2,66.0
SEN047,2026-05-02 15:14:00,2026-05-02,21.5,48.9,90.0
SEN025,2026-07-09 15:18:07,2026-07-09,34.2,,75.0
SEN049,2026-08-01 22:40:27,2026-08-01,35.8,1.8,76.0
SEN029,2026-08-15 02:25:03,2026-08-15,28.2,48.9,83.0
SEN002,2026-01-12 22:59:37,2026-01-12,17.7,19.5,35.0
SEN004,2026-05-03 08:45:42,2026-05-03,39.0,21.08,34.0
SEN043,2026-05-28 15:29:40,2026-05-28,33.4,18.03,88.0
SEN050,2026-03-23 07:10:11,2026-03-23,32.4,25.8,83.0
SEN002,2026-01-20 22:15:06,2026-01-20,35.22,29.97,56.0
SEN035,2026-01-16 04:56:45,2026-01-16,36.11,7.8,60.0
SEN027,2026-08-12 12:47:50,2026-08-12,34.72,47.24,48.0
SEN008,2026-08-02 22:58:00,2026-08-02,37.7,8.1,61.0
SEN006,2026-01-24 18:02:05,2026-01-24,38.9,25.1,
UNKNOWN,2026-03-11 11:40:18,2026-03-11,30.78,8.13,80.0
SEN006,2026-02-21 11:18:00,2026-02-21,21.22,5.7,53.0
SEN044,2026-06-03 13:19:40,2026-06-03,22.7,,57.0
SEN037,2026-05-24 23:01:48,2026-05-24,16.4,,65.0
SEN044,2026-02-20 22:07:45,2026-02-20,19.22,47.75,46.0
SEN016,2026-04-08 05:39:34,2026-04-08,16.4,8.9,35.0
SEN005,2026-04-03 14:49:14,2026-04-03,32.6,32.0,77.0
UNKNOWN,2026-05-31 21:04:38,2026-05-31,34.9,,69.0
SEN028,2026-01-03 05:54:19,2026-01-03,15.8,22.8,85.0
SEN029,2026-05-04 16:11:49,2026-05-04,17.3,,95.0
SEN008,2026-01-04 23:10:12,2026-01-04,32.0,43.0,71.0
SEN009,2026-02-11 00:50:51,2026-02-11,35.0,21.4,39.0
SEN041,2026-03-10 04:56:19,2026-03-10,16.9,,35.0
SEN008,2026-03-02 23:53:31,2026-03-02,37.8,8.5,49.0
SEN027,2026-07-08 23:17:30,2026-07-08,21.1,3.6,42.0
SEN007,2026-06-07 07:25:21,2026-06-07,31.11,43.8,47.0
SEN040,2026-07-10 08:20:41,2026-07-10,32.78,,52.0
SEN035,2026-06-22 06:59:44,2026-06-22,17.72,,92.0
SEN014,2026-06-01 15:17:10,2026-06-01,29.72,5.0,87.0
SEN048,2026-06-13 13:15:08,2026-06-13,37.6,16.3,55.0
SEN006,2026-06-17 14:49:31,2026-06-17,35.28,15.4,54.0
SEN015,2026-02-17 01:41:31,2026-02-17,15.8,32.3,58.0
SEN050,2026-02-02 12:43:12,2026-02-02,32.6,12.8,95.0
SEN050,2026-08-04 06:39:38,2026-08-04,18.3,20.32,76.0
SEN031,2026-07-20 01:47:22,2026-07-20,34.7,6.6,48.0
SEN015,2026-07-21 15:09:51,2026-07-21,37.2,45.6,31.0
SEN050,2026-08-28 09:01:44,2026-08-28,37.9,44.1,42.0
SEN004,2026-06-20 19:14:08,2026-06-20,36.7,,75.0
SEN002,2026-01-03 07:12:00,2026-01-03,39.0,4.5,79.0
SEN030,2026-03-24 04:37:06,2026-03-24,20.11,34.8,35.0
SEN021,2026-04-11 05:29:38,2026-04-11,39.1,4.83,87.0
SEN022,2026-02-09 08:55:01,2026-02-09,23.0,45.3,32.0
SEN022,2026-07-09 21:59:57,2026-07-09,21.28,2.5,32.0
SEN046,2026-08-04 02:55:40,2026-08-04,29.39,35.05,44.0
SEN006,2026-05-30 22:40:11,2026-05-30,38.61,,
SEN025,2026-07-03 03:58:36,2026-07-03,26.5,11.68,84.0
SEN032,2026-03-02 16:02:33,2026-03-02,20.5,27.4,80.0
SEN009,2026-02-07 10:13:12,2026-02-07,25.5,39.9,35.0
SEN014,2026-03-10 21:11:45,2026-03-10,24.1,43.94,81.0
SEN007,2026-09-07 03:54:15,2026-09-07,36.0,26.6,90.0
SEN003,2026-05-16 00:26:04,2026-05-16,39.9,49.4,95.0
SEN021,2026-05-31 05:44:00,2026-05-31,38.4,4.3,68.0
SEN035,2026-07-28 02:01:00,2026-07-28,24.2,24.89,79.0
SEN008,2026-04-20 03:44:39,2026-04-20,36.22,40.7,85.0
SEN036,2026-07-30 14:47:41,2026-07-30,20.28,18.6,81.0
SEN046,2026-01-07 15:21:33,2026-01-07,37.22,29.72,64.0
SEN031,2026-09-08 21:44:38,2026-09-08,32.4,19.3,65.0
SEN040,2026-06-10 08:04:59,2026-06-10,31.0,28.4,43.0
SEN011,2026-04-11 03:34:31,2026-04-11,25.1,,84.0
SEN044,2026-03-16 20:30:37,2026-03-16,38.22,,41.0
SEN040,2026-05-22 13:40:18,2026-05-22,37.4,49.4,88.0
SEN049,2026-01-05 10:14:29,2026-01-05,28.1,6.1,31.0
SEN006,2026-05-03 01:27:05,2026-05-03,29.5,8.9,89.0
SEN037,2026-01-11 03:29:11,2026-01-11,24.4,,51.0
SEN034,2026-06-11 23:41:27,2026-06-11,15.8,20.4,85.0
SEN032,2026-02-27 04:41:43,2026-02-27,26.0,46.5,45.0
SEN002,2026-05-08 21:47:16,2026-05-08,23.0,,47.0
SEN040,2026-07-20 18:27:19,2026-07-20,25.5,3.6,77.0
SEN048,2026-01-21 02:08:00,2026-01-21,31.9,49.6,61.0
SEN016,2026-04-14 04:40:08,2026-04-14,35.5,19.9,31.0
SEN018,2026-08-19 16:43:17,2026-08-19,16.22,35.56,
SEN046,2026-04-11 19:52:09,2026-04-11,27.9,29.97,93.0
SEN026,2026-02-11 21:26:52,2026-02-11,28.22,40.8,45.0
SEN025,2026-04-19 07:31:48,2026-04-19,37.4,24.3,30.0
SEN029,2026-03-17 18:54:13,2026-03-17,24.89,2.29,
SEN025,2026-07-04 00:33:34,2026-07-04,32.8,46.74,81.0
SEN041,2026-02-04 20:08:34,2026-02-04,22.0,1.6,
SEN006,2026-02-05 01:44:36,2026-02-05,39.78,7.6,50.0
SEN024,2026-08-18 10:32:31,2026-08-18,21.2,46.99,72.0
SEN003,2026-03-17 23:25:50,2026-03-17,31.0,13.72,
SEN042,2026-08-13 19:40:52,2026-08-13,37.11,13.8,88.0
SEN017,2026-08-07 20:51:03,2026-08-07,38.5,2.79,63.0
SEN016,2026-08-19 17:45:00,2026-08-19,32.61,31.5,68.0
SEN007,2026-05-23 00:00:00,2026-05-23,19.22,34.5,63.0
SEN032,2026-08-01 02:10:52,2026-08-01,35.61,31.2,55.0
SEN007,2026-01-18 02:19:10,2026-01-18,23.0,27.6,37.0
SEN025,2026-03-20 23:41:28,2026-03-20,36.39,13.8,93.0
SEN032,2026-05-14 15:26:02,2026-05-14,15.28,,
SEN026,2026-08-14 10:05:01,2026-08-14,17.0,46.8,31.0
UNKNOWN,2026-04-25 02:43:19,2026-04-25,38.2,20.32,87.0
SEN016,2026-02-12 12:24:18,2026-02-12,28.2,14.5,89.0
SEN041,2026-02-27 07:43:58,2026-02-27,20.61,24.5,93.0
SEN035,2026-08-22 23:45:09,2026-08-22,28.2,38.4,83.0
SEN038,2026-04-10 06:42:27,2026-04-10,19.22,11.0,90.0
SEN048,2026-06-27 06:55:19,2026-06-27,36.1,,47.0
SEN021,2026-07-15 04:47:53,2026-07-15,20.78,19.6,
SEN048,2026-08-07 08:47:38,2026-08-07,15.61,,81.0
SEN027,2026-02-10 02:33:18,2026-02-10,38.4,45.2,56.0
SEN023,2026-05-29 11:55:08,2026-05-29,24.9,19.4,71.0
SEN026,2026-05-02 14:50:21,2026-05-02,31.4,38.1,47.0
SEN035,2026-06-01 11:13:19,2026-06-01,27.0,23.37,71.0
SEN002,2026-08-17 05:04:04,2026-08-17,28.39,7.11,76.0
SEN029,2026-02-05 16:51:38,2026-02-05,31.72,48.5,38.0
SEN011,2026-08-15 15:09:09,2026-08-15,35.9,47.75,80.0
SEN006,2026-06-09 02:09:02,2026-06-09,17.6,25.8,91.0
SEN005,2026-08-28 08:34:29,2026-08-28,39.39,17.7,55.0
SEN020,2026-08-30 03:43:23,2026-08-30,33.2,43.69,88.0
SEN040,2026-01-02 14:17:55,2026-01-02,31.78,35.81,65.0
SEN009,2026-06-20 07:49:26,2026-06-20,23.0,41.4,70.0
SEN008,2026-05-20 18:37:57,2026-05-20,22.8,11.5,40.0
SEN012,2026-02-03 03:36:29,2026-02-03,30.78,6.1,36.0
SEN038,2026-01-11 12:27:26,2026-01-11,28.3,18.9,77.0
SEN008,2026-02-11 11:34:45,2026-02-11,19.0,33.4,57.0
SEN030,2026-09-09 13:58:27,2026-09-09,32.5,,43.0
SEN020,2026-01-26 10:30:09,2026-01-26,24.7,37.34,
SEN046,2026-03-05 00:00:00,2026-03-05,19.9,45.6,52.0
SEN009,2026-02-10 17:36:30,2026-02-10,18.7,3.05,48.0
SEN021,2026-06-30 08:55:28,2026-06-30,38.61,,78.0
SEN037,2026-03-03 02:08:00,2026-03-03,23.8,,37.0
SEN022,2026-08-04 12:57:51,2026-08-04,37.6,41.4,59.0
SEN042,2026-05-28 01:24:17,2026-05-28,24.39,35.31,82.0
SEN045,2026-02-28 20:40:25,2026-02-28,33.1,,38.0
SEN025,2026-02-08 03:58:03,2026-02-08,33.6,23.4,36.0
SEN038,2026-03-31 23:20:10,2026-03-31,35.0,1.02,37.0
SEN018,2026-04-29 13:07:18,2026-04-29,26.78,20.1,84.0
SEN021,2026-08-19 10:19:17,2026-08-19,18.8,15.4,51.0
SEN004,2026-03-12 08:35:58,2026-03-12,21.2,5.1,66.0
SEN023,2026-07-09 02:51:17,2026-07-09,17.8,20.0,67.0
SEN011,2026-06-19 06:36:01,2026-06-19,23.5,6.4,63.0
SEN026,2026-08-08 00:00:00,2026-08-08,39.89,9.4,79.0
SEN001,2026-06-20 02:49:12,2026-06-20,18.1,47.0,
SEN007,2026-04-04 15:01:25,2026-04-04,34.3,47.8,80.0
SEN006,2026-04-03 13:04:35,2026-04-03,31.3,,52.0
SEN006,2026-08-07 15:56:57,2026-08-07,20.0,,75.0
SEN010,2026-03-10 04:21:00,2026-03-10,16.4,0.0,41.0
SEN023,2026-04-30 09:51:35,2026-04-30,27.4,0.9,93.0
SEN009,2026-02-08 13:49:23,2026-02-08,30.8,39.62,89.0
SEN025,2026-02-12 20:22:19,2026-02-12,19.9,,84.0
SEN044,2026-08-06 17:57:50,2026-08-06,31.9,,52.0
SEN049,2026-09-08 14:43:58,2026-09-08,24.4,42.67,37.0
SEN046,2026-07-17 20:47:44,2026-07-17,22.9,47.5,42.0
SEN011,2026-02-17 11:50:07,2026-02-17,34.78,5.33,
SEN008,2026-06-27 13:02:57,2026-06-27,16.9,38.7,73.0
SEN014,2026-01-25 00:45:00,2026-01-25,25.9,7.0,69.0
SEN047,2026-06-08 16:39:47,2026-06-08,27.5,8.4,38.0
SEN038,2026-05-03 03:32:00,2026-05-03,31.5,36.9,46.0
SEN050,2026-01-17 21:01:55,2026-01-17,32.0,4.7,55.0
SEN029,2026-08-14 22:04:15,2026-08-14,37.7,49.28,63.0
SEN048,2026-06-18 03:34:56,2026-06-18,39.22,49.9,72.0
SEN042,2026-01-08 20:33:27,2026-01-08,26.4,9.65,68.0
SEN049,2026-08-28 02:11:00,2026-08-28,29.61,39.8,32.0
SEN045,2026-08-06 07:54:37,2026-08-06,15.22,18.8,75.0
SEN033,2026-01-01 05:20:42,2026-01-01,16.9,3.56,35.0
SEN047,2026-07-20 20:54:01,2026-07-20,31.7,3.2,57.0
SEN022,2026-01-13 10:04:56,2026-01-13,36.4,15.49,84.0
SEN014,2026-03-22 21:04:09,2026-03-22,19.4,26.6,77.0
SEN050,2026-01-15 01:12:00,2026-01-15,26.39,15.3,66.0
SEN014,2026-04-04 11:02:12,2026-04-04,16.0,1.9,33.0
SEN015,2026-03-04 23:37:06,2026-03-04,17.1,17.4,55.0
SEN045,2026-04-25 19:50:52,2026-04-25,26.1,14.1,92.0
SEN031,2026-06-03 19:34:24,2026-06-03,38.5,21.2,84.0
SEN025,2026-02-20 14:03:15,2026-02-20,17.89,49.9,72.0
SEN020,2026-04-03 19:04:34,2026-04-03,37.9,46.74,49.0
SEN036,2026-06-24 10:29:32,2026-06-24,23.1,1.3,79.0
SEN030,2026-05-03 19:35:40,2026-05-03,21.6,31.0,92.0
SEN004,2026-05-28 23:34:30,2026-05-28,26.6,30.6,53.0
SEN049,2026-04-03 00:00:00,2026-04-03,31.7,24.9,85.0
SEN032,2026-01-16 09:58:56,2026-01-16,26.28,43.2,56.0
SEN014,2026-06-01 15:54:36,2026-06-01,33.1,43.6,34.0
SEN033,2026-08-11 18:15:29,2026-08-11,18.1,45.0,33.0
SEN041,2026-09-02 02:41:25,2026-09-02,29.5,45.72,78.0
SEN009,2026-07-02 13:48:06,2026-07-02,34.4,9.0,64.0
SEN032,2026-06-18 14:19:27,2026-06-18,18.89,,46.0
SEN013,2026-08-19 10:01:06,2026-08-19,28.0,33.27,32.0
SEN011,2026-01-17 23:56:22,2026-01-17,17.3,28.0,93.0
SEN036,2026-07-23 08:22:23,2026-07-23,22.1,4.9,82.0
UNKNOWN,2026-07-22 12:11:32,2026-07-22,29.78,44.1,64.0
SEN017,2026-06-18 18:27:51,2026-06-18,16.3,23.3,
SEN030,2026-01-31 14:40:59,2026-01-31,27.5,,63.0
SEN012,2026-01-26 00:00:00,2026-01-26,24.61,,35.0
SEN047,2026-07-05 15:57:37,2026-07-05,39.4,,60.0
SEN021,2026-03-24 14:44:11,2026-03-24,15.72,21.4,45.0
SEN039,2026-03-11 03:26:36,2026-03-11,35.3,20.3,53.0
SEN018,2026-08-24 04:52:49,2026-08-24,15.4,1.9,63.0
SEN002,2026-07-15 12:56:53,2026-07-15,31.9,13.2,76.0
SEN025,2026-06-26 23:18:33,2026-06-26,30.22,34.7,51.0
SEN014,2026-02-01 02:25:00,2026-02-01,19.0,37.7,66.0
SEN027,2026-06-04 18:28:55,2026-06-04,28.0,41.66,45.0
SEN026,2026-08-11 08:20:57,2026-08-11,29.0,15.49,89.0
SEN031,2026-04-11 06:46:47,2026-04-11,38.8,15.6,72.0
SEN028,2026-03-06 14:34:49,2026-03-06,36.1,19.2,31.0
SEN001,2026-08-01 08:58:10,2026-08-01,21.4,4.83,
SEN019,2026-04-17 21:25:49,2026-04-17,30.2,11.0,
SEN001,2026-09-09 11:05:22,2026-09-09,34.9,,59.0
UNKNOWN,2026-07-31 22:06:51,2026-07-31,26.1,10.3,36.0
SEN040,2026-08-14 20:14:19,2026-08-14,39.1,,
SEN025,2026-06-23 19:23:08,2026-06-23,29.9,43.7,72.0
SEN018,2026-02-06 22:45:00,2026-02-06,23.8,,41.0
SEN037,2026-03-10 16:32:00,2026-03-10,31.9,37.3,72.0
SEN032,2026-07-14 15:02:07,2026-07-14,28.0,44.2,47.0
SEN028,2026-04-20 20:06:31,2026-04-20,15.72,15.9,52.0
SEN013,2026-04-20 15:09:08,2026-04-20,30.11,24.6,
SEN013,2026-02-15 04:07:56,2026-02-15,21.0,48.77,81.0
SEN038,2026-05-16 21:45:23,2026-05-16,16.7,,34.0
SEN007,2026-06-20 05:11:56,2026-06-20,37.4,23.9,41.0
SEN041,2026-02-28 20:47:12,2026-02-28,31.78,44.2,44.0
SEN022,2026-08-24 15:29:57,2026-08-24,22.3,17.8,40.0
SEN036,2026-03-08 09:58:21,2026-03-08,29.3,,
SEN019,2026-04-17 10:04:56,2026-04-17,29.8,44.1,73.0
SEN009,2026-05-01 11:25:39,2026-05-01,38.78,2.79,38.0
SEN037,2026-02-08 01:06:11,2026-02-08,39.7,23.2,36.0
SEN020,2026-01-11 23:27:44,2026-01-11,27.7,46.0,60.0
SEN007,2026-03-13 08:41:47,2026-03-13,28.61,48.2,61.0
SEN023,2026-01-19 15:19:34,2026-01-19,18.22,44.1,79.0
SEN037,2026-06-29 23:17:53,2026-06-29,20.11,41.5,33.0
SEN028,2026-05-08 06:14:00,2026-05-08,33.8,37.8,75.0
SEN046,2026-07-03 18:17:11,2026-07-03,28.4,7.3,30.0
SEN013,2026-03-22 00:13:53,2026-03-22,32.6,36.0,95.0
SEN046,2026-03-03 08:37:45,2026-03-03,15.5,30.48,32.0
SEN022,2026-08-07 00:35:27,2026-08-07,36.8,37.4,82.0
SEN020,2026-04-26 09:18:09,2026-04-26,19.1,17.78,94.0
SEN045,2026-08-13 09:57:30,2026-08-13,25.1,7.62,67.0
SEN004,2026-08-04 20:12:58,2026-08-04,39.6,5.9,57.0
SEN050,2026-03-18 12:14:45,2026-03-18,22.7,13.7,75.0
SEN011,2026-01-24 06:56:05,2026-01-24,32.4,,
SEN027,2026-07-25 01:19:24,2026-07-25,19.1,19.7,61.0
UNKNOWN,2026-07-03 18:04:29,2026-07-03,34.5,17.1,85.0
SEN021,2026-09-06 12:19:00,2026-09-06,24.5,,68.0
SEN045,2026-02-02 07:58:49,2026-02-02,27.72,12.2,34.0
SEN046,2026-03-09 18:46:30,2026-03-09,26.3,,57.0
SEN034,2026-05-15 15:51:02,2026-05-15,31.6,12.5,48.0
SEN041,2026-03-14 19:15:36,2026-03-14,28.6,40.3,47.0
SEN024,2026-03-04 02:38:32,2026-03-04,30.7,,30.0
SEN001,2026-01-25 16:54:34,2026-01-25,29.28,19.9,33.0
SEN024,2026-08-18 15:54:17,2026-08-18,36.22,15.4,31.0
SEN039,2026-05-12 16:39:27,2026-05-12,25.1,34.8,33.0
SEN040,2026-06-18 23:03:09,2026-06-18,38.22,48.2,57.0
SEN026,2026-02-21 17:50:17,2026-02-21,16.39,,86.0
SEN008,2026-06-18 20:00:18,2026-06-18,30.5,25.6,90.0
SEN004,2026-03-16 18:59:10,2026-03-16,24.8,15.5,81.0
SEN022,2026-06-13 17:47:14,2026-06-13,19.72,24.1,66.0
SEN037,2026-08-09 00:49:49,2026-08-09,37.22,16.26,33.0
SEN038,2026-03-03 12:39:57,2026-03-03,24.5,36.1,75.0
SEN030,2026-03-01 11:44:37,2026-03-01,36.4,,77.0
SEN025,2026-08-20 11:48:41,2026-08-20,36.9,,46.0
SEN044,2026-06-07 22:01:10,2026-06-07,30.11,8.0,93.0
SEN027,2026-07-18 08:03:47,2026-07-18,22.39,9.91,50.0
SEN043,2026-08-11 21:50:13,2026-08-11,39.39,46.7,31.0
SEN037,2026-06-20 10:51:55,2026-06-20,30.9,37.85,67.0
SEN010,2026-07-27 09:40:32,2026-07-27,31.8,3.3,57.0
SEN016,2026-02-17 02:04:00,2026-02-17,24.28,41.8,43.0
SEN023,2026-04-19 22:32:28,2026-04-19,15.28,36.5,35.0
SEN005,2026-09-07 07:14:58,2026-09-07,37.5,30.8,
SEN026,2026-01-03 00:17:33,2026-01-03,21.22,26.16,80.0
SEN027,2026-08-17 04:37:29,2026-08-17,38.0,,58.0
SEN010,2026-03-23 11:06:42,2026-03-23,25.8,10.67,92.0
SEN014,2026-06-30 05:30:19,2026-06-30,22.2,40.5,82.0
SEN023,2026-09-01 05:56:35,2026-09-01,39.9,39.5,72.0
SEN031,2026-02-14 06:44:19,2026-02-14,26.5,21.2,66.0
SEN010,2026-08-14 23:52:00,2026-08-14,25.3,12.7,52.0
SEN048,2026-03-26 06:06:27,2026-03-26,24.3,13.0,62.0
SEN021,2026-07-17 16:10:59,2026-07-17,33.39,27.94,55.0
SEN021,2026-07-10 03:14:40,2026-07-10,34.2,45.72,78.0
SEN020,2026-07-17 17:14:02,2026-07-17,36.4,32.77,
SEN048,2026-06-30 19:00:02,2026-06-30,17.2,30.5,81.0
SEN015,2026-03-17 15:30:00,2026-03-17,26.0,44.3,36.0
SEN048,2026-02-09 18:17:59,2026-02-09,17.2,34.3,90.0
SEN002,2026-05-26 06:54:28,2026-05-26,35.28,25.6,49.0
SEN048,2026-01-28 08:37:48,2026-01-28,16.9,24.3,76.0
UNKNOWN,2026-09-07 02:41:21,2026-09-07,24.6,32.5,43.0
SEN032,2026-06-07 12:34:45,2026-06-07,15.8,34.7,43.0
SEN032,2026-02-18 07:44:58,2026-02-18,32.78,,58.0
SEN034,2026-07-18 23:55:29,2026-07-18,24.5,18.7,63.0
SEN042,2026-03-01 13:55:05,2026-03-01,38.5,3.81,43.0
SEN033,2026-05-27 07:21:06,2026-05-27,24.8,41.4,54.0
SEN011,2026-02-23 12:38:42,2026-02-23,32.5,24.5,67.0
SEN017,2026-05-04 14:39:16,2026-05-04,29.3,47.5,85.0
SEN023,2026-03-19 10:00:27,2026-03-19,35.8,11.5,45.0
SEN017,2026-01-20 17:53:36,2026-01-20,25.22,47.4,83.0
SEN050,2026-02-10 18:45:33,2026-02-10,27.3,7.6,54.0
SEN007,2026-01-17 00:19:52,2026-01-17,31.39,14.3,91.0
SEN001,2026-01-12 00:47:28,2026-01-12,37.28,21.2,63.0
SEN018,2026-02-25 03:06:51,2026-02-25,19.2,,76.0
SEN040,2026-01-06 21:31:10,2026-01-06,38.0,18.7,69.0
SEN028,2026-06-21 18:56:30,2026-06-21,15.61,33.3,
SEN021,2026-01-31 02:04:38,2026-01-31,23.2,11.18,47.0
SEN001,2026-03-14 06:41:00,2026-03-14,28.5,27.6,87.0
SEN009,2026-04-13 04:15:53,2026-04-13,31.9,20.5,33.0
SEN013,2026-06-21 04:57:42,2026-06-21,26.39,11.4,41.0
SEN009,2026-03-16 06:18:51,2026-03-16,25.39,42.5,31.0
SEN047,2026-05-14 05:28:22,2026-05-14,27.0,38.6,78.0
SEN030,2026-01-02 17:20:31,2026-01-02,31.28,14.9,68.0
SEN018,2026-09-03 08:18:07,2026-09-03,30.1,39.9,58.0
SEN013,2026-01-27 15:51:33,2026-01-27,32.89,7.11,94.0
SEN006,2026-05-12 15:04:44,2026-05-12,35.22,,
SEN003,2026-08-07 14:14:16,2026-08-07,39.5,16.6,
SEN048,2026-05-01 07:21:24,2026-05-01,25.28,38.9,67.0
SEN009,2026-06-27 20:14:32,2026-06-27,28.9,20.6,87.0
SEN018,2026-03-17 10:10:06,2026-03-17,17.9,,73.0
SEN018,2026-01-29 17:48:20,2026-01-29,38.72,29.46,69.0
SEN038,2026-08-01 07:48:10,2026-08-01,19.4,13.5,53.0
SEN040,2026-03-17 01:51:39,2026-03-17,20.22,13.46,86.0
SEN030,2026-02-17 03:32:46,2026-02-17,21.9,20.32,71.0
SEN020,2026-03-22 05:47:11,2026-03-22,37.78,,45.0
SEN039,2026-07-09 17:11:18,2026-07-09,15.9,,88.0
SEN014,2026-04-07 02:25:37,2026-04-07,24.5,24.8,93.0
SEN037,2026-01-23 15:14:10,2026-01-23,30.9,,64.0
SEN011,2026-03-28 09:39:02,2026-03-28,36.5,20.4,40.0
SEN013,2026-05-14 14:33:36,2026-05-14,21.5,4.0,88.0
SEN029,2026-02-21 22:00:25,2026-02-21,34.5,43.7,73.0
SEN008,2026-02-19 13:11:50,2026-02-19,32.8,30.48,82.0
SEN011,2026-06-19 13:04:14,2026-06-19,32.0,,89.0
UNKNOWN,2026-02-28 10:21:02,2026-02-28,35.9,49.28,87.0
SEN037,2026-01-07 01:11:50,2026-01-07,31.7,20.7,49.0
SEN020,2026-06-05 17:32:30,2026-06-05,20.72,,43.0
SEN001,2026-05-01 03:22:40,2026-05-01,26.39,45.47,80.0
SEN029,2026-01-10 10:09:31,2026-01-10,22.9,2.4,51.0
SEN028,2026-04-08 04:08:58,2026-04-08,25.0,47.3,89.0
SEN035,2026-06-08 11:40:05,2026-06-08,28.8,46.5,55.0
SEN034,2026-01-15 09:26:53,2026-01-15,23.5,28.5,94.0
SEN026,2026-04-24 10:59:20,2026-04-24,23.0,44.5,83.0
SEN023,2026-03-15 01:07:54,2026-03-15,17.0,9.2,80.0
SEN016,2026-04-09 21:03:45,2026-04-09,38.1,20.8,52.0
SEN010,2026-04-10 13:45:55,2026-04-10,36.5,6.5,86.0
SEN011,2026-07-28 08:27:17,2026-07-28,20.3,2.29,
SEN040,2026-08-21 07:41:12,2026-08-21,32.89,20.3,
SEN008,2026-03-19 02:17:00,2026-03-19,23.78,9.9,75.0
SEN027,2026-01-03 22:37:05,2026-01-03,18.28,16.6,81.0
SEN044,2026-02-15 02:13:49,2026-02-15,32.7,45.7,
SEN041,2026-02-23 19:51:46,2026-02-23,34.0,9.8,49.0
SEN048,2026-07-15 18:26:14,2026-07-15,24.4,28.3,48.0
SEN036,2026-03-24 08:29:06,2026-03-24,36.4,33.53,52.0
SEN049,2026-07-23 21:53:35,2026-07-23,20.61,15.8,87.0
SEN009,2026-02-17 14:35:23,2026-02-17,18.0,9.1,86.0
SEN027,2026-05-24 14:55:48,2026-05-24,27.7,,39.0
SEN047,2026-05-02 11:01:38,2026-05-02,29.2,14.9,67.0
SEN035,2026-06-08 18:43:46,2026-06-08,32.8,24.13,91.0
SEN044,2026-01-31 07:35:44,2026-01-31,29.72,6.9,
SEN039,2026-04-05 10:00:48,2026-04-05,25.11,,58.0
SEN031,2026-06-22 17:14:20,2026-06-22,23.2,5.1,91.0
SEN009,2026-05-13 13:56:32,2026-05-13,18.22,39.1,95.0
UNKNOWN,2026-06-10 04:16:29,2026-06-10,19.6,30.99,90.0
SEN019,2026-07-28 01:40:23,2026-07-28,35.3,0.3,65.0
SEN040,2026-05-20 00:00:00,2026-05-20,33.22,43.2,55.0
SEN004,2026-01-15 08:13:13,2026-01-15,32.3,,94.0
SEN020,2026-06-09 02:04:57,2026-06-09,37.0,1.2,60.0
SEN034,2026-01-15 14:52:32,2026-01-15,31.3,5.5,33.0
SEN024,2026-01-26 16:26:30,2026-01-26,38.1,19.5,41.0
SEN015,2026-07-31 06:49:21,2026-07-31,21.72,21.8,70.0
SEN014,2026-07-29 07:25:27,2026-07-29,33.0,47.3,34.0
SEN030,2026-03-06 21:29:32,2026-03-06,36.61,19.5,76.0
SEN040,2026-07-08 13:03:23,2026-07-08,16.5,14.2,50.0
SEN012,2026-04-18 03:06:09,2026-04-18,28.2,23.11,79.0
SEN011,2026-01-16 16:37:14,2026-01-16,29.7,,45.0
SEN016,2026-02-04 16:56:00,2026-02-04,29.22,,88.0
SEN028,2026-02-21 20:45:22,2026-02-21,19.2,6.4,43.0
SEN008,2026-08-06 02:33:12,2026-08-06,17.9,35.4,81.0
SEN015,2026-09-03 17:01:38,2026-09-03,37.7,49.6,38.0
SEN025,2026-08-21 08:31:49,2026-08-21,36.4,47.6,66.0
SEN023,2026-07-25 06:16:00,2026-07-25,21.1,16.7,93.0
SEN032,2026-08-12 16:00:20,2026-08-12,17.8,32.4,50.0
SEN005,2026-02-15 23:33:33,2026-02-15,23.61,32.9,30.0
SEN019,2026-04-16 05:41:11,2026-04-16,34.39,37.2,78.0
SEN021,2026-02-09 00:02:32,2026-02-09,32.6,46.48,51.0
SEN042,2026-01-03 16:24:10,2026-01-03,20.3,43.4,92.0
SEN011,2026-08-22 20:43:23,2026-08-22,18.0,,76.0
SEN033,2026-04-10 02:27:05,2026-04-10,29.0,18.8,
SEN002,2026-02-18 16:58:02,2026-02-18,39.78,5.4,38.0
SEN029,2026-03-19 03:17:07,2026-03-19,37.2,46.48,48.0
SEN045,2026-06-28 17:41:38,2026-06-28,39.6,33.4,74.0
SEN044,2026-06-29 01:00:04,2026-06-29,31.1,5.9,51.0
SEN042,2026-07-26 14:31:31,2026-07-26,34.9,12.9,37.0
SEN025,2026-07-19 13:58:05,2026-07-19,27.5,,32.0
SEN039,2026-03-01 13:55:00,2026-03-01,18.2,35.1,34.0
SEN050,2026-06-19 04:15:18,2026-06-19,30.1,19.05,59.0
SEN027,2026-03-27 23:59:03,2026-03-27,18.11,40.89,68.0
UNKNOWN,2026-01-17 09:15:17,2026-01-17,29.28,45.8,76.0
SEN017,2026-05-28 16:48:16,2026-05-28,23.9,23.7,
SEN049,2026-08-25 22:58:36,2026-08-25,21.5,35.05,39.0
SEN011,2026-07-10 13:55:43,2026-07-10,21.22,48.1,90.0
SEN013,2026-06-16 21:35:01,2026-06-16,39.6,,35.0
SEN027,2026-05-01 14:30:00,2026-05-01,17.22,,38.0
SEN027,2026-05-06 12:04:10,2026-05-06,26.28,40.89,54.0
SEN026,2026-01-29 07:58:19,2026-01-29,34.3,6.7,76.0
SEN013,2026-04-28 19:37:18,2026-04-28,29.78,1.02,76.0
SEN046,2026-04-20 21:01:10,2026-04-20,38.5,12.2,68.0
SEN007,2026-04-16 02:39:55,2026-04-16,22.7,43.7,42.0
SEN003,2026-06-10 13:13:01,2026-06-10,23.9,35.81,79.0
SEN027,2026-05-28 19:40:16,2026-05-28,36.1,48.3,46.0
UNKNOWN,2026-03-22 16:55:21,2026-03-22,20.4,13.46,36.0
UNKNOWN,2026-03-08 04:37:37,2026-03-08,34.28,2.4,
UNKNOWN,2026-01-19 02:09:54,2026-01-19,33.28,17.6,
SEN007,2026-03-27 04:51:21,2026-03-27,26.28,12.4,57.0
SEN023,2026-05-29 21:37:15,2026-05-29,35.28,47.9,79.0
UNKNOWN,2026-06-06 22:07:01,2026-06-06,40.0,19.3,85.0
SEN050,2026-07-06 19:34:39,2026-07-06,35.3,0.51,42.0
SEN050,2026-09-07 23:11:00,2026-09-07,24.0,28.96,
SEN014,2026-04-02 11:19:02,2026-04-02,35.0,25.4,92.0
SEN038,2026-05-10 02:17:00,2026-05-10,32.5,28.5,37.0
SEN036,2026-05-15 21:33:58,2026-05-15,19.61,41.91,37.0
SEN018,2026-02-16 12:35:32,2026-02-16,18.22,,60.0
SEN050,2026-05-22 18:43:06,2026-05-22,35.9,34.9,
SEN018,2026-05-03 19:58:03,2026-05-03,30.6,30.5,50.0
SEN004,2026-06-28 06:49:56,2026-06-28,37.5,4.6,55.0
UNKNOWN,2026-05-19 15:18:28,2026-05-19,31.1,37.6,94.0
SEN041,2026-01-01 16:13:00,2026-01-01,35.0,8.89,89.0
SEN019,2026-03-28 17:46:13,2026-03-28,16.8,19.7,71.0
SEN018,2026-03-01 03:08:52,2026-03-01,16.3,,65.0
SEN004,2026-07-23 08:21:10,2026-07-23,35.5,26.5,31.0
SEN001,2026-02-10 14:31:17,2026-02-10,21.61,,62.0
SEN025,2026-02-26 04:48:06,2026-02-26,32.78,47.6,36.0
SEN006,2026-06-23 05:30:29,2026-06-23,34.22,4.6,56.0
SEN029,2026-06-03 02:27:37,2026-06-03,28.0,11.18,34.0
SEN003,2026-03-10 07:41:05,2026-03-10,23.4,40.4,78.0
SEN012,2026-01-23 19:30:19,2026-01-23,20.11,38.3,
SEN013,2026-01-16 01:47:58,2026-01-16,26.5,45.7,53.0
SEN007,2026-03-16 12:29:14,2026-03-16,31.1,41.2,81.0
SEN004,2026-01-02 23:45:10,2026-01-02,20.3,23.88,
SEN028,2026-05-16 16:54:50,2026-05-16,30.7,0.51,71.0
SEN045,2026-08-08 21:08:21,2026-08-08,19.3,47.5,90.0
SEN049,2026-06-26 21:26:00,2026-06-26,17.0,,
SEN037,2026-03-02 07:19:11,2026-03-02,39.7,47.2,62.0
SEN011,2026-05-31 07:12:47,2026-05-31,20.28,17.1,79.0
SEN031,2026-04-27 11:19:37,2026-04-27,20.8,14.1,
SEN002,2026-07-05 01:18:40,2026-07-05,21.9,45.21,49.0
SEN015,2026-07-08 06:23:19,2026-07-08,37.4,45.1,94.0
SEN046,2026-04-08 01:53:36,2026-04-08,19.9,0.5,79.0
SEN035,2026-04-05 22:43:00,2026-04-05,15.6,,76.0
SEN041,2026-06-24 19:19:52,2026-06-24,34.1,14.6,81.0
SEN011,2026-06-20 19:29:19,2026-06-20,38.7,0.3,41.0
SEN010,2026-05-09 20:48:05,2026-05-09,34.0,21.8,89.0
SEN003,2026-06-25 00:24:03,2026-06-25,32.4,37.59,64.0
SEN046,2026-04-09 00:23:38,2026-04-09,28.5,16.0,35.0
SEN010,2026-03-13 06:24:17,2026-03-13,37.5,,33.0
SEN022,2026-06-15 07:34:02,2026-06-15,27.89,31.2,49.0
SEN005,2026-03-08 15:51:54,2026-03-08,31.4,,65.0
SEN005,2026-04-02 20:34:33,2026-04-02,17.0,32.5,89.0
SEN027,2026-03-17 15:22:43,2026-03-17,27.7,7.62,44.0
SEN006,2026-02-16 22:50:37,2026-02-16,25.9,,57.0
SEN003,2026-04-28 09:57:24,2026-04-28,31.0,7.5,59.0
SEN037,2026-09-07 08:30:07,2026-09-07,20.28,49.8,55.0
SEN009,2026-08-18 12:47:35,2026-08-18,34.6,4.9,66.0
SEN032,2026-06-14 14:50:11,2026-06-14,15.7,8.8,54.0
SEN008,2026-08-05 23:22:02,2026-08-05,22.2,20.2,45.0
SEN050,2026-03-05 04:12:15,2026-03-05,36.2,24.4,79.0
SEN041,2026-05-19 06:15:01,2026-05-19,39.0,38.35,81.0
SEN020,2026-06-14 13:37:00,2026-06-14,16.8,19.05,91.0
SEN013,2026-09-09 20:44:00,2026-09-09,22.61,17.2,79.0
SEN023,2026-09-08 23:04:32,2026-09-08,17.3,29.2,41.0
UNKNOWN,2026-02-10 06:48:42,2026-02-10,22.72,34.4,37.0
SEN013,2026-07-01 05:51:59,2026-07-01,16.72,3.5,42.0
SEN019,2026-01-26 22:56:35,2026-01-26,17.61,19.05,47.0
SEN006,2026-06-26 13:21:07,2026-06-26,27.1,24.89,92.0
SEN002,2026-04-29 19:00:53,2026-04-29,15.39,,48.0
SEN045,2026-05-11 07:56:00,2026-05-11,37.61,8.6,
SEN023,2026-03-22 05:30:42,2026-03-22,35.5,45.1,95.0
SEN039,2026-07-17 13:47:49,2026-07-17,33.5,30.99,36.0
SEN016,2026-09-05 07:37:00,2026-09-05,16.5,,43.0
SEN012,2026-09-07 23:42:41,2026-09-07,30.11,10.41,49.0
SEN029,2026-05-11 16:55:04,2026-05-11,37.7,48.26,39.0
SEN013,2026-01-06 11:31:00,2026-01-06,29.9,13.8,66.0
SEN016,2026-04-17 05:02:53,2026-04-17,22.3,41.91,
SEN026,2026-02-03 23:42:08,2026-02-03,26.4,40.4,61.0
UNKNOWN,2026-02-24 07:20:36,2026-02-24,39.2,9.8,42.0
SEN029,2026-09-01 06:55:59,2026-09-01,31.2,43.0,
SEN013,2026-02-02 23:19:45,2026-02-02,31.78,12.19,70.0
SEN024,2026-07-03 10:06:30,2026-07-03,17.3,48.6,90.0
SEN026,2026-07-28 12:58:55,2026-07-28,34.8,,74.0
SEN041,2026-07-28 10:30:44,2026-07-28,18.7,43.2,67.0
SEN042,2026-08-24 23:18:37,2026-08-24,28.8,38.7,50.0
SEN003,2026-01-13 21:59:34,2026-01-13,22.0,36.7,84.0
SEN003,2026-04-02 20:48:29,2026-04-02,38.5,12.3,79.0
SEN012,2026-02-05 02:50:00,2026-02-05,25.11,,61.0
SEN010,2026-09-01 06:15:33,2026-09-01,33.8,8.5,67.0
SEN020,2026-01-09 04:07:39,2026-01-09,37.2,4.8,83.0
SEN016,2026-06-07 13:30:54,2026-06-07,27.5,38.7,86.0
SEN010,2026-06-04 21:22:42,2026-06-04,37.11,38.9,34.0
SEN013,2026-02-10 23:18:02,2026-02-10,29.9,16.9,57.0
SEN040,2026-07-06 09:03:54,2026-07-06,21.72,44.5,78.0
SEN021,2026-07-31 16:25:40,2026-07-31,18.9,33.2,60.0
SEN012,2026-06-06 03:37:16,2026-06-06,20.8,25.5,53.0
SEN014,2026-06-13 12:15:46,2026-06-13,36.9,48.7,67.0
UNKNOWN,2026-07-27 22:53:45,2026-07-27,15.2,26.0,
SEN022,2026-04-06 13:40:47,2026-04-06,39.4,9.8,69.0
SEN023,2026-02-22 09:38:44,2026-02-22,20.2,14.9,79.0
SEN019,2026-05-20 00:43:37,2026-05-20,24.3,,58.0
SEN030,2026-06-16 23:21:15,2026-06-16,21.5,13.6,94.0
SEN015,2026-01-22 00:05:53,2026-01-22,38.72,30.1,31.0
SEN020,2026-03-07 19:14:20,2026-03-07,29.0,46.7,95.0
SEN049,2026-05-03 23:00:24,2026-05-03,34.6,,71.0
SEN002,2026-03-04 04:10:19,2026-03-04,16.3,,85.0
SEN029,2026-07-01 13:21:45,2026-07-01,30.1,33.53,44.0
SEN010,2026-03-14 02:40:07,2026-03-14,25.7,21.8,50.0
UNKNOWN,2026-01-17 12:47:06,2026-01-17,26.6,7.87,56.0
SEN050,2026-07-05 09:28:48,2026-07-05,18.72,,89.0
SEN006,2026-04-23 19:17:56,2026-04-23,20.9,3.7,61.0
SEN048,2026-06-26 00:00:00,2026-06-26,18.22,43.7,
SEN048,2026-03-04 23:42:14,2026-03-04,35.5,24.13,49.0
SEN005,2026-01-18 09:14:21,2026-01-18,29.6,14.73,63.0
SEN009,2026-06-29 01:49:41,2026-06-29,39.9,28.45,49.0
SEN048,2026-01-24 16:17:02,2026-01-24,15.61,42.0,47.0
SEN005,2026-04-04 14:06:53,2026-04-04,34.7,3.5,
SEN048,2026-01-30 20:54:13,2026-01-30,27.0,38.61,48.0
SEN032,2026-02-11 15:17:30,2026-02-11,20.0,9.8,81.0
SEN041,2026-08-17 17:50:41,2026-08-17,18.61,,71.0
UNKNOWN,2026-01-30 00:00:00,2026-01-30,20.22,44.4,76.0
SEN046,2026-07-17 13:22:24,2026-07-17,15.8,41.9,81.0
SEN008,2026-03-26 01:50:07,2026-03-26,39.89,31.7,
SEN040,2026-04-04 11:19:03,2026-04-04,29.9,20.2,77.0
SEN005,2026-07-16 15:58:21,2026-07-16,38.39,16.2,38.0
SEN035,2026-02-03 18:38:19,2026-02-03,20.78,34.54,84.0
SEN033,2026-07-18 05:41:55,2026-07-18,38.0,43.69,78.0
SEN012,2026-04-07 03:25:20,2026-04-07,17.6,32.7,
SEN020,2026-02-13 21:00:39,2026-02-13,34.22,39.0,43.0
SEN003,2026-04-15 00:41:07,2026-04-15,17.28,39.2,76.0
SEN012,2026-02-18 07:59:59,2026-02-18,39.0,29.72,52.0
SEN017,2026-07-12 02:47:16,2026-07-12,39.89,7.8,87.0
SEN031,2026-06-12 14:30:27,2026-06-12,26.4,46.6,67.0
SEN042,2026-08-23 22:08:24,2026-08-23,25.8,20.5,85.0
SEN015,2026-07-16 14:00:50,2026-07-16,36.4,46.0,60.0
SEN042,2026-07-19 19:27:46,2026-07-19,27.8,0.8,50.0
SEN016,2026-01-10 19:01:00,2026-01-10,31.22,40.1,75.0
UNKNOWN,2026-05-09 02:24:38,2026-05-09,34.5,15.8,
SEN006,2026-07-11 07:57:54,2026-07-11,15.28,8.89,80.0
UNKNOWN,2026-02-28 21:50:41,2026-02-28,17.8,22.0,
SEN006,2026-04-27 15:55:20,2026-04-27,27.28,,55.0
SEN008,2026-02-17 20:34:25,2026-02-17,22.6,,78.0
SEN028,2026-03-27 22:25:41,2026-03-27,32.89,6.2,36.0
SEN032,2026-02-05 01:35:54,2026-02-05,16.7,,78.0
SEN005,2026-07-31 19:10:20,2026-07-31,38.5,8.89,72.0
SEN011,2026-06-22 07:51:50,2026-06-22,16.8,,92.0
SEN011,2026-02-08 00:50:20,2026-02-08,28.4,42.8,56.0
SEN021,2026-01-07 08:37:00,2026-01-07,21.0,4.9,44.0
SEN011,2026-04-21 13:27:00,2026-04-21,27.6,4.0,
SEN003,2026-02-03 10:06:02,2026-02-03,30.1,25.0,40.0
SEN038,2026-05-17 04:20:59,2026-05-17,28.7,33.8,55.0
SEN046,2026-06-01 04:21:15,2026-06-01,30.22,,32.0
SEN011,2026-09-03 23:44:01,2026-09-03,30.4,13.97,37.0
SEN027,2026-06-25 04:51:00,2026-06-25,29.3,,91.0
SEN045,2026-05-17 03:06:17,2026-05-17,28.9,22.5,55.0
SEN005,2026-01-31 18:43:31,2026-01-31,32.4,11.8,30.0
SEN026,2026-03-20 23:39:23,2026-03-20,22.5,45.97,46.0
SEN013,2026-05-20 01:41:08,2026-05-20,31.9,13.21,63.0
SEN045,2026-04-15 22:42:04,2026-04-15,29.0,6.8,91.0
SEN030,2026-08-24 00:00:00,2026-08-24,30.6,37.0,42.0
SEN010,2026-09-02 06:46:07,2026-09-02,17.9,41.91,33.0
SEN040,2026-02-01 17:11:15,2026-02-01,38.0,36.8,51.0
SEN002,2026-07-05 07:51:13,2026-07-05,23.89,,82.0
SEN035,2026-08-10 16:34:43,2026-08-10,17.0,41.0,45.0
SEN002,2026-08-10 02:34:58,2026-08-10,18.11,,81.0
SEN011,2026-01-28 14:34:07,2026-01-28,36.5,16.8,64.0
SEN037,2026-02-15 16:51:23,2026-02-15,21.39,4.7,69.0
SEN026,2026-09-04 20:31:05,2026-09-04,27.7,47.5,73.0
SEN013,2026-05-01 13:55:35,2026-05-01,31.6,26.7,76.0
SEN046,2026-01-03 15:24:36,2026-01-03,33.28,37.0,88.0
SEN022,2026-04-27 00:43:05,2026-04-27,20.5,33.53,55.0
SEN007,2026-01-06 11:47:51,2026-01-06,35.22,36.1,65.0
SEN040,2026-08-24 15:41:00,2026-08-24,16.28,,57.0
SEN004,2026-01-23 12:02:03,2026-01-23,31.0,24.64,85.0
SEN010,2026-03-26 16:57:00,2026-03-26,34.2,20.4,66.0
SEN015,2026-05-21 07:42:46,2026-05-21,31.8,21.59,85.0
SEN009,2026-05-01 16:41:41,2026-05-01,23.0,,
SEN036,2026-05-02 05:56:18,2026-05-02,35.9,,89.0
SEN005,2026-03-21 11:50:20,2026-03-21,32.78,0.0,49.0
SEN028,2026-07-06 20:00:34,2026-07-06,18.0,6.1,53.0
SEN044,2026-08-02 05:40:49,2026-08-02,16.9,36.58,77.0
SEN026,2026-08-29 13:59:14,2026-08-29,31.0,30.6,53.0
SEN042,2026-04-04 09:27:30,2026-04-04,23.2,20.5,51.0
SEN002,2026-02-25 22:07:35,2026-02-25,30.9,9.14,73.0
SEN006,2026-07-01 04:57:54,2026-07-01,32.0,25.5,62.0
SEN007,2026-03-25 01:16:31,2026-03-25,20.5,29.46,68.0
SEN006,2026-07-27 22:37:30,2026-07-27,25.22,34.8,36.0
SEN032,2026-05-28 03:27:32,2026-05-28,29.22,23.11,67.0
SEN005,2026-02-06 17:57:01,2026-02-06,17.61,37.1,39.0
UNKNOWN,2026-06-19 15:13:37,2026-06-19,23.0,4.83,
SEN049,2026-01-17 22:42:50,2026-01-17,37.89,45.97,39.0
SEN008,2026-05-10 13:00:00,2026-05-10,19.3,41.0,95.0
SEN014,2026-06-06 17:52:53,2026-06-06,21.28,32.0,65.0
SEN048,2026-04-06 11:16:20,2026-04-06,24.72,42.67,95.0
SEN019,2026-08-19 21:22:25,2026-08-19,33.2,6.7,85.0
SEN049,2026-05-22 02:42:01,2026-05-22,15.89,20.57,79.0
SEN008,2026-04-22 21:15:19,2026-04-22,28.3,20.4,81.0
SEN039,2026-04-19 16:42:27,2026-04-19,16.7,8.38,
SEN046,2026-08-09 21:23:58,2026-08-09,22.5,24.89,42.0
SEN010,2026-06-11 17:57:57,2026-06-11,23.61,34.5,
UNKNOWN,2026-06-24 10:20:54,2026-06-24,39.9,26.2,91.0
SEN016,2026-05-29 13:00:21,2026-05-29,17.72,45.8,83.0
SEN041,2026-03-18 05:50:11,2026-03-18,18.9,24.5,35.0
SEN025,2026-07-11 05:44:27,2026-07-11,24.3,38.4,37.0
SEN040,2026-07-18 11:16:36,2026-07-18,17.2,8.13,93.0
SEN042,2026-08-18 14:52:26,2026-08-18,38.9,4.6,45.0
SEN014,2026-07-06 12:06:31,2026-07-06,30.8,25.7,49.0
SEN049,2026-08-07 13:18:38,2026-08-07,37.39,16.4,52.0
SEN024,2026-01-20 06:52:11,2026-01-20,28.3,45.72,90.0
SEN038,2026-06-21 02:04:24,2026-06-21,35.4,3.1,76.0
SEN005,2026-02-15 04:24:38,2026-02-15,20.2,40.3,
SEN008,2026-04-14 11:44:21,2026-04-14,36.8,43.43,33.0
SEN014,2026-02-07 05:26:19,2026-02-07,26.4,3.3,31.0
SEN022,2026-07-27 08:17:27,2026-07-27,32.2,47.5,53.0
SEN023,2026-02-26 05:11:12,2026-02-26,38.3,36.0,91.0
SEN015,2026-03-07 04:29:02,2026-03-07,21.2,,40.0
SEN007,2026-08-23 09:09:03,2026-08-23,34.5,7.37,92.0
SEN030,2026-06-08 03:31:35,2026-06-08,21.28,46.99,
SEN010,2026-02-10 17:52:00,2026-02-10,22.22,0.7,88.0
SEN019,2026-02-01 04:06:20,2026-02-01,37.2,,84.0
SEN042,2026-09-02 05:46:53,2026-09-02,27.22,44.5,62.0
SEN028,2026-01-30 05:04:46,2026-01-30,35.3,5.08,82.0
SEN028,2026-06-14 17:47:56,2026-06-14,27.22,7.3,53.0
SEN038,2026-03-13 11:26:22,2026-03-13,34.39,2.9,
SEN023,2026-04-11 23:48:48,2026-04-11,20.72,27.9,42.0
SEN039,2026-01-25 13:16:00,2026-01-25,16.4,1.8,53.0
SEN038,2026-08-09 10:24:28,2026-08-09,36.2,,41.0
SEN039,2026-03-28 21:39:43,2026-03-28,22.22,11.3,36.0
SEN028,2026-01-25 00:19:42,2026-01-25,17.5,3.6,48.0
SEN036,2026-02-06 08:26:34,2026-02-06,20.72,48.51,79.0
SEN030,2026-07-02 23:55:00,2026-07-02,18.2,45.8,35.0
SEN016,2026-01-06 16:18:48,2026-01-06,37.39,,58.0
SEN002,2026-01-15 05:15:39,2026-01-15,29.4,,90.0
SEN013,2026-07-22 19:25:35,2026-07-22,28.5,2.6,30.0
UNKNOWN,2026-04-11 14:44:08,2026-04-11,38.0,25.1,
UNKNOWN,2026-05-24 18:31:39,2026-05-24,35.89,25.7,70.0
SEN025,2026-06-24 17:41:04,2026-06-24,35.72,9.65,42.0
SEN022,2026-05-17 18:04:47,2026-05-17,15.72,45.0,51.0
SEN033,2026-04-25 14:17:28,2026-04-25,33.89,25.4,94.0
SEN047,2026-04-30 00:56:33,2026-04-30,20.4,13.0,57.0
SEN032,2026-01-02 21:27:15,2026-01-02,16.8,41.7,82.0
SEN040,2026-01-11 14:30:45,2026-01-11,35.72,,92.0
SEN039,2026-01-03 12:08:10,2026-01-03,26.6,22.6,57.0
SEN023,2026-07-03 22:52:27,2026-07-03,20.28,7.5,38.0
SEN032,2026-04-22 06:08:22,2026-04-22,36.6,45.3,40.0
SEN038,2026-02-12 19:54:00,2026-02-12,25.3,22.7,61.0
SEN005,2026-03-17 13:30:50,2026-03-17,18.4,11.2,80.0
SEN028,2026-03-10 13:23:49,2026-03-10,27.7,19.8,58.0
SEN026,2026-05-28 16:23:00,2026-05-28,36.2,25.4,61.0
SEN007,2026-08-06 01:00:52,2026-08-06,20.8,,64.0
SEN007,2026-04-29 05:45:27,2026-04-29,27.6,,53.0
SEN009,2026-02-06 04:11:10,2026-02-06,20.5,48.51,54.0
SEN001,2026-05-29 11:33:27,2026-05-29,31.11,0.51,61.0
SEN013,2026-04-26 10:25:50,2026-04-26,37.4,47.3,44.0
SEN007,2026-05-23 14:52:16,2026-05-23,38.22,,91.0
SEN015,2026-03-28 21:14:36,2026-03-28,26.8,11.3,47.0
SEN022,2026-06-29 18:51:14,2026-06-29,27.9,0.51,32.0
SEN020,2026-02-21 13:01:26,2026-02-21,22.11,,56.0
SEN019,2026-01-05 15:53:04,2026-01-05,21.39,7.1,57.0
SEN030,2026-06-03 12:19:55,2026-06-03,36.0,0.0,65.0
SEN027,2026-07-26 14:20:22,2026-07-26,24.0,47.5,44.0
SEN001,2026-08-11 16:50:45,2026-08-11,22.1,40.3,68.0
SEN008,2026-07-05 14:30:05,2026-07-05,29.2,15.3,92.0
SEN027,2026-03-15 15:37:10,2026-03-15,23.3,33.0,40.0
SEN033,2026-03-06 12:53:25,2026-03-06,20.3,46.0,76.0
SEN018,2026-08-10 23:07:56,2026-08-10,17.5,26.0,83.0
SEN029,2026-03-14 02:32:41,2026-03-14,24.1,45.97,33.0
SEN046,2026-07-16 00:55:51,2026-07-16,26.4,7.8,82.0
SEN017,2026-08-13 10:34:10,2026-08-13,18.22,15.49,34.0
SEN048,2026-01-02 04:03:47,2026-01-02,19.5,,63.0
SEN018,2026-06-16 20:53:05,2026-06-16,18.2,,
SEN027,2026-07-16 14:52:54,2026-07-16,22.4,4.1,61.0
UNKNOWN,2026-08-02 03:55:05,2026-08-02,28.8,4.4,58.0
SEN016,2026-02-10 14:54:29,2026-02-10,24.0,36.6,79.0
SEN025,2026-08-29 20:13:30,2026-08-29,16.9,15.9,62.0
SEN041,2026-08-16 17:26:45,2026-08-16,37.0,17.27,32.0
SEN029,2026-01-31 07:27:30,2026-01-31,23.0,39.7,70.0
SEN040,2026-06-09 08:59:04,2026-06-09,32.9,19.4,85.0
SEN046,2026-07-11 10:36:56,2026-07-11,38.89,47.3,47.0
SEN046,2026-03-10 20:35:09,2026-03-10,36.3,32.51,82.0
SEN014,2026-03-02 18:08:23,2026-03-02,31.3,1.0,71.0
SEN024,2026-03-15 01:17:00,2026-03-15,32.0,22.4,38.0
SEN034,2026-09-01 08:01:53,2026-09-01,30.5,5.8,45.0
SEN043,2026-06-18 13:49:55,2026-06-18,36.1,45.2,66.0
SEN041,2026-04-07 21:09:52,2026-04-07,29.61,1.0,78.0
SEN043,2026-06-19 12:22:04,2026-06-19,18.28,,86.0
SEN050,2026-06-06 04:39:26,2026-06-06,24.22,22.86,
SEN009,2026-09-09 07:35:45,2026-09-09,15.5,45.97,66.0
SEN036,2026-05-04 11:30:53,2026-05-04,37.28,27.3,92.0
SEN010,2026-03-20 09:52:33,2026-03-20,33.22,21.7,36.0
SEN031,2026-08-24 00:41:19,2026-08-24,36.0,17.7,30.0
SEN037,2026-05-04 18:34:17,2026-05-04,16.39,,78.0
SEN040,2026-02-14 19:14:08,2026-02-14,24.72,31.24,42.0
SEN024,2026-09-04 14:40:30,2026-09-04,26.22,4.5,74.0
SEN044,2026-02-05 17:37:38,2026-02-05,37.11,1.2,70.0
SEN032,2026-07-17 05:14:27,2026-07-17,24.39,27.69,
SEN027,2026-03-06 04:58:42,2026-03-06,25.3,29.3,69.0
SEN025,2026-01-23 12:25:06,2026-01-23,39.11,34.8,47.0
SEN050,2026-03-02 08:01:54,2026-03-02,22.2,12.19,95.0
SEN025,2026-08-17 02:53:47,2026-08-17,18.9,1.27,62.0
SEN034,2026-07-03 13:12:52,2026-07-03,15.89,45.21,58.0
SEN031,2026-08-25 06:04:36,2026-08-25,31.7,45.8,40.0
SEN029,2026-08-14 09:24:14,2026-08-14,22.7,,84.0
SEN033,2026-08-30 19:14:57,2026-08-30,20.2,,46.0
SEN039,2026-08-20 21:43:39,2026-08-20,36.2,41.1,52.0
SEN022,2026-03-19 08:46:51,2026-03-19,26.22,,90.0
SEN018,2026-08-02 00:02:05,2026-08-02,28.1,36.07,47.0
SEN007,2026-08-30 01:30:37,2026-08-30,28.9,11.18,
SEN023,2026-07-08 15:12:28,2026-07-08,24.6,25.2,74.0
SEN030,2026-01-07 21:46:26,2026-01-07,33.78,9.6,57.0
SEN007,2026-05-09 00:14:28,2026-05-09,23.28,32.4,39.0
SEN017,2026-08-04 05:48:00,2026-08-04,21.0,,
SEN002,2026-03-30 19:07:47,2026-03-30,23.11,15.0,86.0
SEN018,2026-08-17 22:37:07,2026-08-17,28.5,38.7,47.0
SEN007,2026-01-17 04:00:21,2026-01-17,36.0,33.78,34.0
UNKNOWN,2026-01-20 23:02:09,2026-01-20,27.61,30.7,60.0
SEN023,2026-01-03 10:14:38,2026-01-03,25.1,26.6,40.0
SEN020,2026-07-31 00:45:46,2026-07-31,22.61,8.3,45.0
SEN041,2026-08-08 21:19:37,2026-08-08,38.3,44.3,89.0
UNKNOWN,2026-01-19 00:30:49,2026-01-19,28.4,15.8,72.0
SEN029,2026-07-11 19:41:12,2026-07-11,38.39,20.2,48.0
SEN029,2026-07-09 20:13:48,2026-07-09,19.0,42.93,54.0
SEN001,2026-07-23 19:16:39,2026-07-23,16.28,41.1,46.0
SEN009,2026-03-11 08:43:23,2026-03-11,29.1,42.5,69.0
SEN019,2026-08-30 16:13:38,2026-08-30,24.1,13.21,59.0
SEN017,2026-03-31 03:44:50,2026-03-31,18.3,23.11,36.0
SEN029,2026-01-22 18:18:18,2026-01-22,32.0,21.84,83.0
SEN024,2026-03-05 05:52:29,2026-03-05,32.4,31.5,81.0
SEN008,2026-08-26 01:12:27,2026-08-26,25.4,,58.0
SEN031,2026-05-24 04:47:14,2026-05-24,30.5,17.8,54.0
SEN010,2026-06-11 17:39:58,2026-06-11,30.2,,65.0
SEN042,2026-06-30 03:50:46,2026-06-30,39.8,4.0,61.0
SEN040,2026-02-26 10:58:04,2026-02-26,19.39,48.0,83.0
SEN030,2026-07-04 06:54:28,2026-07-04,39.4,2.29,41.0
SEN032,2026-01-29 23:16:32,2026-01-29,19.0,45.97,
SEN022,2026-05-14 13:48:41,2026-05-14,33.0,7.9,70.0
SEN038,2026-01-11 09:17:04,2026-01-11,21.4,13.8,81.0
SEN011,2026-01-08 00:00:00,2026-01-08,35.4,16.7,53.0
SEN024,2026-03-08 01:12:17,2026-03-08,18.6,18.8,31.0
SEN044,2026-04-30 04:44:00,2026-04-30,26.6,,65.0
SEN002,2026-05-23 19:34:09,2026-05-23,18.5,34.3,88.0
SEN047,2026-02-25 10:10:36,2026-02-25,32.11,12.0,80.0
SEN009,2026-04-03 06:52:04,2026-04-03,28.9,13.97,
SEN032,2026-03-09 06:08:17,2026-03-09,26.39,49.1,63.0
SEN037,2026-05-18 00:00:00,2026-05-18,19.78,29.97,76.0
SEN011,2026-07-17 10:53:05,2026-07-17,19.9,19.6,70.0
SEN041,2026-07-04 11:36:17,2026-07-04,32.5,7.37,46.0
SEN028,2026-07-09 00:00:00,2026-07-09,17.4,49.28,
SEN047,2026-07-12 18:38:07,2026-07-12,20.8,32.3,90.0
SEN029,2026-03-26 00:07:46,2026-03-26,32.9,11.94,50.0
SEN018,2026-01-20 02:29:38,2026-01-20,18.5,14.9,40.0
SEN003,2026-05-12 14:02:34,2026-05-12,24.4,21.1,64.0
SEN012,2026-02-24 17:47:28,2026-02-24,33.1,,43.0
SEN049,2026-03-07 17:41:15,2026-03-07,23.5,44.6,83.0
SEN004,2026-09-08 12:44:35,2026-09-08,28.72,46.6,
UNKNOWN,2026-01-20 20:48:22,2026-01-20,33.4,9.14,86.0
SEN047,2026-04-26 00:00:00,2026-04-26,31.72,27.5,50.0
SEN020,2026-06-06 00:58:33,2026-06-06,37.28,4.5,77.0
SEN014,2026-06-07 13:23:45,2026-06-07,34.1,37.08,
SEN029,2026-09-01 00:26:34,2026-09-01,30.9,35.7,88.0
SEN010,2026-06-24 10:07:00,2026-06-24,32.3,26.1,80.0
SEN006,2026-01-26 04:27:49,2026-01-26,37.9,22.35,71.0
SEN009,2026-07-28 14:49:51,2026-07-28,15.72,29.7,61.0
SEN050,2026-02-03 15:27:35,2026-02-03,33.7,38.0,69.0
SEN030,2026-03-28 19:34:15,2026-03-28,31.89,8.9,80.0
SEN009,2026-02-23 21:56:07,2026-02-23,25.2,17.1,80.0
UNKNOWN,2026-08-14 00:49:00,2026-08-14,35.11,0.1,67.0
SEN015,2026-02-02 18:10:01,2026-02-02,27.9,7.11,51.0
UNKNOWN,2026-02-02 22:07:36,2026-02-02,25.5,12.8,39.0
SEN030,2026-04-23 07:44:30,2026-04-23,37.9,9.5,90.0
SEN025,2026-01-03 04:48:42,2026-01-03,22.78,5.8,64.0
SEN031,2026-05-11 20:45:37,2026-05-11,35.0,40.9,77.0
SEN005,2026-01-12 23:35:00,2026-01-12,28.89,49.28,45.0
SEN019,2026-09-09 00:00:00,2026-09-09,25.0,12.19,30.0
SEN037,2026-07-13 19:02:08,2026-07-13,18.72,,72.0
SEN004,2026-05-08 10:27:39,2026-05-08,38.72,19.8,40.0
SEN012,2026-08-12 03:05:14,2026-08-12,32.5,22.3,
SEN029,2026-07-02 13:00:48,2026-07-02,26.6,,71.0
SEN001,2026-08-21 16:20:44,2026-08-21,17.11,46.3,52.0
SEN040,2026-04-26 11:09:04,2026-04-26,21.4,46.0,75.0
SEN015,2026-02-12 00:15:46,2026-02-12,20.39,18.29,32.0
SEN049,2026-04-12 09:45:24,2026-04-12,26.9,17.02,78.0
SEN026,2026-04-26 19:28:28,2026-04-26,21.6,18.8,80.0
SEN027,2026-08-07 07:56:08,2026-08-07,25.6,45.21,30.0
SEN035,2026-02-13 07:14:21,2026-02-13,38.6,12.7,46.0
SEN008,2026-02-08 09:09:10,2026-02-08,20.7,40.7,
SEN039,2026-06-18 10:33:59,2026-06-18,25.4,43.0,55.0
SEN031,2026-01-05 04:47:12,2026-01-05,31.9,26.92,54.0
SEN010,2026-08-02 17:52:15,2026-08-02,35.11,,88.0
SEN024,2026-03-03 02:28:49,2026-03-03,32.4,26.4,32.0
SEN004,2026-06-15 23:09:37,2026-06-15,22.22,41.91,36.0
SEN005,2026-01-25 03:52:00,2026-01-25,32.61,23.88,
SEN030,2026-02-15 17:24:10,2026-02-15,25.3,21.3,84.0
SEN009,2026-09-04 06:49:07,2026-09-04,19.6,25.3,
SEN004,2026-07-22 21:48:36,2026-07-22,20.1,,41.0
SEN008,2026-08-19 00:00:00,2026-08-19,29.9,42.3,
SEN011,2026-08-22 08:05:29,2026-08-22,27.4,4.9,41.0
SEN011,2026-04-03 09:35:00,2026-04-03,23.1,23.88,77.0
SEN007,2026-05-27 15:23:57,2026-05-27,16.1,26.7,74.0
SEN029,2026-02-04 12:34:42,2026-02-04,32.7,38.0,48.0
SEN017,2026-01-10 11:23:16,2026-01-10,26.28,32.2,95.0
SEN034,2026-01-06 07:42:30,2026-01-06,33.2,28.5,31.0
SEN038,2026-02-12 09:42:15,2026-02-12,24.5,4.5,70.0
SEN027,2026-07-14 09:31:58,2026-07-14,29.61,35.3,92.0
SEN029,2026-02-16 02:54:23,2026-02-16,31.0,40.7,89.0
SEN030,2026-08-28 04:28:17,2026-08-28,25.2,,33.0
SEN038,2026-04-30 03:59:00,2026-04-30,24.39,42.1,
UNKNOWN,2026-01-06 11:21:57,2026-01-06,22.3,26.1,92.0
SEN027,2026-06-01 11:55:42,2026-06-01,38.6,14.1,93.0
SEN008,2026-02-09 12:07:32,2026-02-09,24.0,18.2,86.0
SEN048,2026-01-28 10:31:28,2026-01-28,20.72,0.51,74.0
SEN001,2026-07-05 05:17:40,2026-07-05,35.0,40.0,36.0
SEN017,2026-01-19 08:00:56,2026-01-19,38.8,17.4,44.0
SEN045,2026-05-01 04:54:40,2026-05-01,17.2,26.42,72.0
SEN017,2026-01-04 15:58:21,2026-01-04,35.22,24.64,57.0
SEN005,2026-03-28 03:20:08,2026-03-28,32.3,,
SEN029,2026-01-31 08:52:07,2026-01-31,18.11,20.07,39.0
SEN022,2026-07-21 00:00:00,2026-07-21,35.9,44.9,
UNKNOWN,2026-04-07 08:30:28,2026-04-07,23.6,20.2,30.0
SEN005,2026-04-29 00:00:00,2026-04-29,28.9,14.8,71.0
SEN010,2026-05-12 09:47:52,2026-05-12,31.9,28.5,33.0
SEN047,2026-05-21 21:35:56,2026-05-21,18.72,38.2,86.0
SEN024,2026-06-28 09:12:02,2026-06-28,28.7,,92.0
SEN041,2026-08-14 17:03:21,2026-08-14,37.28,22.5,50.0
SEN015,2026-02-28 04:13:00,2026-02-28,39.7,8.38,40.0
SEN040,2026-02-23 12:44:59,2026-02-23,17.78,14.5,45.0
UNKNOWN,2026-09-04 15:07:02,2026-09-04,35.5,1.8,76.0
SEN029,2026-01-29 10:39:35,2026-01-29,33.61,41.4,
SEN045,2026-04-27 04:10:35,2026-04-27,17.39,5.08,33.0
SEN013,2026-03-01 00:12:22,2026-03-01,26.89,31.9,74.0
SEN030,2026-06-24 22:44:44,2026-06-24,17.4,39.8,54.0
SEN022,2026-03-03 03:31:04,2026-03-03,37.2,20.4,67.0
SEN005,2026-07-06 01:13:34,2026-07-06,36.3,20.2,
SEN046,2026-01-03 20:48:25,2026-01-03,22.5,,64.0
SEN018,2026-01-09 01:37:56,2026-01-09,30.6,21.8,74.0
SEN049,2026-06-02 06:13:48,2026-06-02,20.5,38.3,66.0
SEN026,2026-07-24 05:43:50,2026-07-24,32.78,46.8,43.0
SEN027,2026-06-08 05:52:32,2026-06-08,20.9,0.2,93.0
SEN030,2026-02-20 07:07:29,2026-02-20,34.5,40.13,87.0
SEN035,2026-03-10 19:14:21,2026-03-10,39.2,8.64,90.0
SEN023,2026-08-05 15:20:31,2026-08-05,21.1,35.3,57.0
SEN007,2026-01-07 14:23:03,2026-01-07,30.72,34.3,
SEN034,2026-04-04 02:19:30,2026-04-04,26.4,5.3,55.0
SEN003,2026-06-24 09:33:29,2026-06-24,25.3,14.4,86.0
SEN021,2026-03-25 18:03:02,2026-03-25,36.6,29.3,88.0
UNKNOWN,2026-03-30 09:49:00,2026-03-30,20.7,28.3,48.0
SEN019,2026-05-01 10:14:28,2026-05-01,37.7,19.1,66.0
SEN012,2026-09-06 12:40:19,2026-09-06,25.1,13.0,68.0
SEN035,2026-03-11 22:30:47,2026-03-11,23.89,33.6,61.0
SEN008,2026-05-25 01:51:24,2026-05-25,27.5,44.6,40.0
SEN040,2026-08-06 15:48:03,2026-08-06,15.2,,85.0
SEN025,2026-06-15 12:44:51,2026-06-15,15.9,10.5,
SEN048,2026-05-27 21:22:36,2026-05-27,19.0,,77.0
SEN030,2026-08-01 00:05:47,2026-08-01,34.22,39.8,41.0
SEN009,2026-07-24 18:09:22,2026-07-24,18.72,37.08,69.0
SEN019,2026-06-06 21:09:50,2026-06-06,22.5,,42.0
SEN039,2026-07-22 06:56:24,2026-07-22,25.0,35.56,50.0
SEN035,2026-02-10 02:59:23,2026-02-10,32.5,20.9,86.0
SEN002,2026-08-15 23:41:48,2026-08-15,26.0,43.7,58.0
SEN039,2026-02-05 02:06:51,2026-02-05,33.5,0.9,53.0
SEN026,2026-03-29 16:32:02,2026-03-29,39.7,29.21,70.0
SEN020,2026-03-24 18:51:35,2026-03-24,27.5,18.2,
SEN019,2026-01-25 20:54:51,2026-01-25,34.8,48.51,90.0
SEN023,2026-08-29 19:00:44,2026-08-29,30.0,3.9,52.0
SEN005,2026-05-13 12:08:23,2026-05-13,37.0,22.9,64.0
SEN036,2026-05-18 00:38:28,2026-05-18,29.8,,43.0
SEN010,2026-03-29 08:56:47,2026-03-29,22.2,14.22,75.0
UNKNOWN,2026-01-05 14:20:05,2026-01-05,38.72,43.43,64.0
SEN048,2026-03-20 10:52:27,2026-03-20,36.3,29.4,84.0
SEN039,2026-05-25 18:27:58,2026-05-25,15.8,42.7,51.0
SEN019,2026-04-09 00:15:30,2026-04-09,22.72,,61.0
SEN010,2026-01-30 21:35:38,2026-01-30,31.2,,74.0
SEN042,2026-07-14 19:45:35,2026-07-14,23.28,,
SEN026,2026-01-12 17:54:32,2026-01-12,34.0,27.69,
SEN025,2026-05-26 18:47:09,2026-05-26,20.22,16.0,35.0
SEN040,2026-02-23 02:04:42,2026-02-23,29.11,27.5,86.0
SEN037,2026-04-25 13:40:08,2026-04-25,26.7,30.73,45.0
SEN027,2026-06-15 12:40:47,2026-06-15,20.9,,81.0
SEN001,2026-05-20 02:36:20,2026-05-20,37.4,43.8,52.0
SEN010,2026-03-20 20:25:16,2026-03-20,31.28,33.5,
SEN043,2026-02-07 01:35:20,2026-02-07,31.6,7.62,32.0
SEN023,2026-06-08 11:24:06,2026-06-08,31.2,,76.0
SEN014,2026-05-11 05:43:54,2026-05-11,15.22,8.6,49.0
SEN033,2026-01-09 18:13:13,2026-01-09,26.5,12.3,78.0
SEN003,2026-05-18 11:10:18,2026-05-18,27.5,29.72,80.0
SEN045,2026-04-03 11:52:35,2026-04-03,31.3,41.0,61.0
SEN014,2026-02-09 06:09:18,2026-02-09,25.28,8.5,40.0
SEN018,2026-04-08 07:24:06,2026-04-08,37.5,42.7,61.0
SEN004,2026-02-26 15:45:36,2026-02-26,16.28,18.6,59.0
SEN017,2026-08-31 07:37:01,2026-08-31,22.2,9.5,50.0
SEN006,2026-02-27 19:48:26,2026-02-27,20.5,23.5,
SEN046,2026-02-23 20:45:06,2026-02-23,38.72,31.9,35.0
SEN047,2026-01-06 11:24:52,2026-01-06,33.8,14.8,39.0
SEN049,2026-08-16 19:23:16,2026-08-16,32.11,8.89,
SEN018,2026-02-21 14:00:22,2026-02-21,22.3,32.7,80.0
SEN032,2026-04-19 20:23:21,2026-04-19,28.1,,38.0
SEN017,2026-08-14 14:38:53,2026-08-14,15.9,27.4,35.0
SEN026,2026-03-24 20:06:00,2026-03-24,32.0,39.12,79.0
SEN007,2026-08-31 17:39:26,2026-08-31,26.0,46.8,78.0
SEN010,2026-03-24 18:58:28,2026-03-24,22.89,10.9,76.0
SEN006,2026-02-04 05:27:00,2026-02-04,31.22,15.1,
SEN035,2026-01-07 18:41:39,2026-01-07,37.7,,
SEN035,2026-04-17 19:51:24,2026-04-17,35.5,5.9,77.0
SEN008,2026-06-03 23:36:03,2026-06-03,23.22,45.21,94.0
SEN029,2026-02-19 19:42:00,2026-02-19,27.89,40.7,60.0
SEN017,2026-05-17 21:28:07,2026-05-17,37.5,21.4,38.0
SEN010,2026-02-20 01:11:47,2026-02-20,31.7,,87.0
SEN004,2026-06-27 20:59:14,2026-06-27,25.5,25.6,87.0
SEN015,2026-03-02 01:17:38,2026-03-02,18.22,6.9,89.0
SEN010,2026-02-06 19:44:41,2026-02-06,32.6,1.2,38.0
SEN021,2026-03-29 17:34:47,2026-03-29,24.28,37.0,65.0
SEN016,2026-08-05 12:29:35,2026-08-05,21.89,32.51,47.0
SEN026,2026-08-27 08:06:49,2026-08-27,19.11,28.2,84.0
SEN017,2026-08-31 01:52:37,2026-08-31,22.28,49.1,52.0
SEN021,2026-04-14 20:15:24,2026-04-14,15.3,20.07,70.0
SEN048,2026-03-28 17:30:16,2026-03-28,15.1,11.2,82.0
SEN038,2026-08-29 05:04:48,2026-08-29,30.89,0.1,39.0
SEN029,2026-03-27 13:27:11,2026-03-27,25.0,33.9,
UNKNOWN,2026-04-26 10:22:27,2026-04-26,38.89,3.7,
SEN001,2026-03-11 20:51:24,2026-03-11,20.0,34.29,62.0
SEN007,2026-03-07 00:42:59,2026-03-07,22.22,47.0,50.0
SEN005,2026-05-27 18:33:18,2026-05-27,17.8,26.16,76.0
SEN026,2026-07-12 12:18:10,2026-07-12,27.8,19.5,61.0
SEN037,2026-03-15 19:28:36,2026-03-15,33.11,33.4,
SEN043,2026-06-02 21:53:35,2026-06-02,36.6,43.4,
SEN027,2026-04-21 23:36:48,2026-04-21,30.78,25.2,45.0
SEN005,2026-01-31 06:31:51,2026-01-31,18.39,,65.0
SEN047,2026-07-11 07:11:13,2026-07-11,38.5,,43.0
SEN012,2026-05-15 18:46:35,2026-05-15,30.6,1.8,77.0
SEN002,2026-07-19 23:22:09,2026-07-19,21.1,47.75,39.0
SEN020,2026-04-04 04:51:09,2026-04-04,21.4,34.3,46.0
SEN014,2026-02-08 23:41:06,2026-02-08,27.28,45.21,34.0
SEN045,2026-05-06 01:23:54,2026-05-06,21.5,40.39,62.0
SEN007,2026-04-15 04:26:24,2026-04-15,17.39,5.59,39.0
SEN018,2026-02-28 20:37:23,2026-02-28,35.5,16.4,31.0
SEN026,2026-05-08 14:13:25,2026-05-08,19.78,2.29,35.0
SEN007,2026-02-14 00:49:56,2026-02-14,23.61,28.7,58.0
SEN037,2026-03-22 08:24:04,2026-03-22,16.2,3.7,94.0
SEN033,2026-04-04 15:14:04,2026-04-04,25.61,22.86,82.0
SEN039,2026-05-12 10:02:01,2026-05-12,35.7,6.4,67.0
SEN022,2026-01-11 14:14:29,2026-01-11,35.72,37.5,48.0
SEN041,2026-07-30 01:55:03,2026-07-30,27.22,20.5,87.0
SEN036,2026-04-18 10:11:46,2026-04-18,29.61,31.75,
SEN046,2026-06-19 19:48:17,2026-06-19,23.4,8.38,37.0
SEN017,2026-06-16 16:55:27,2026-06-16,18.0,20.5,66.0
SEN041,2026-03-10 23:08:57,2026-03-10,26.1,9.5,87.0
SEN034,2026-07-23 03:31:27,2026-07-23,25.39,19.4,93.0
SEN041,2026-04-10 15:02:38,2026-04-10,28.5,19.4,91.0
SEN011,2026-03-27 17:29:32,2026-03-27,28.0,13.21,60.0
SEN007,2026-07-16 07:38:11,2026-07-16,30.5,,
SEN019,2026-01-07 08:00:56,2026-01-07,15.1,29.21,65.0
SEN014,2026-06-21 08:21:36,2026-06-21,26.72,11.7,70.0
SEN009,2026-02-18 03:03:46,2026-02-18,27.61,44.5,39.0
SEN019,2026-08-28 05:34:18,2026-08-28,25.1,40.39,89.0
SEN045,2026-07-22 10:37:29,2026-07-22,33.6,1.9,73.0
SEN027,2026-04-24 00:10:15,2026-04-24,28.78,28.3,68.0
SEN029,2026-01-15 02:42:14,2026-01-15,35.6,25.0,59.0
SEN002,2026-03-02 03:45:01,2026-03-02,30.78,33.78,84.0
SEN030,2026-05-28 10:05:51,2026-05-28,21.1,43.6,86.0
SEN016,2026-07-08 00:17:44,2026-07-08,18.28,33.0,67.0
SEN014,2026-02-16 18:49:00,2026-02-16,26.89,48.01,62.0
SEN014,2026-04-01 22:05:12,2026-04-01,27.2,,62.0
SEN033,2026-07-19 08:25:45,2026-07-19,38.11,24.6,83.0
SEN006,2026-05-21 14:23:50,2026-05-21,34.7,46.5,77.0
SEN014,2026-02-10 19:33:43,2026-02-10,19.89,,49.0
SEN049,2026-01-26 10:06:09,2026-01-26,25.7,9.1,71.0
SEN006,2026-02-04 13:55:00,2026-02-04,36.5,29.1,40.0
SEN047,2026-01-09 00:34:48,2026-01-09,27.22,22.3,
SEN005,2026-04-23 16:10:26,2026-04-23,20.39,26.42,34.0
SEN035,2026-02-02 03:35:40,2026-02-02,40.0,18.0,91.0
UNKNOWN,2026-02-16 04:29:46,2026-02-16,22.11,40.2,84.0
SEN009,2026-04-11 22:49:16,2026-04-11,19.22,39.12,93.0
SEN024,2026-05-19 20:30:15,2026-05-19,35.4,8.89,92.0
SEN038,2026-02-21 06:05:45,2026-02-21,30.5,35.56,39.0
SEN048,2026-03-24 05:43:17,2026-03-24,35.22,45.21,65.0
SEN050,2026-03-29 19:09:06,2026-03-29,31.9,30.2,47.0
SEN046,2026-07-29 01:22:00,2026-07-29,35.28,32.5,
SEN050,2026-06-26 18:48:47,2026-06-26,38.11,42.16,83.0
SEN049,2026-08-13 18:39:47,2026-08-13,36.0,30.0,52.0
SEN008,2026-05-07 05:06:01,2026-05-07,33.28,,51.0
SEN031,2026-08-08 18:35:41,2026-08-08,35.1,37.7,42.0
SEN017,2026-01-14 05:43:47,2026-01-14,39.11,15.0,55.0
SEN026,2026-03-27 14:10:00,2026-03-27,31.1,28.1,60.0
SEN044,2026-04-24 17:39:37,2026-04-24,23.8,16.5,43.0
SEN045,2026-05-14 19:56:03,2026-05-14,29.39,31.0,56.0
SEN001,2026-03-29 05:27:21,2026-03-29,19.0,12.9,82.0
SEN050,2026-05-14 20:02:45,2026-05-14,31.2,44.6,94.0
SEN035,2026-06-14 13:37:38,2026-06-14,17.1,5.0,46.0
SEN037,2026-08-28 07:52:05,2026-08-28,28.0,44.96,76.0
SEN027,2026-05-14 11:47:56,2026-05-14,17.3,49.4,38.0
SEN001,2026-05-08 01:56:41,2026-05-08,18.0,28.4,
SEN004,2026-03-17 02:09:18,2026-03-17,27.9,40.5,62.0
SEN031,2026-01-08 17:04:38,2026-01-08,25.72,24.64,40.0
SEN025,2026-08-26 13:36:26,2026-08-26,32.7,20.3,42.0
UNKNOWN,2026-07-08 09:55:16,2026-07-08,25.89,34.2,
SEN048,2026-08-05 03:15:49,2026-08-05,29.78,0.2,86.0
SEN006,2026-07-15 17:58:44,2026-07-15,20.0,12.19,76.0
SEN034,2026-05-29 23:58:50,2026-05-29,23.1,,31.0
SEN041,2026-08-10 20:29:46,2026-08-10,31.8,5.4,87.0
SEN019,2026-04-25 09:30:59,2026-04-25,16.78,41.5,46.0
UNKNOWN,2026-04-29 17:13:03,2026-04-29,26.5,23.0,50.0
SEN019,2026-04-03 09:10:50,2026-04-03,17.61,18.8,65.0
SEN031,2026-05-07 16:11:11,2026-05-07,26.9,49.3,
SEN036,2026-07-23 10:18:16,2026-07-23,35.2,,54.0
SEN048,2026-06-05 07:56:08,2026-06-05,35.2,47.8,79.0
SEN025,2026-06-15 01:54:45,2026-06-15,23.9,32.9,52.0
SEN046,2026-07-11 17:04:26,2026-07-11,33.1,26.0,50.0
SEN033,2026-05-03 21:27:21,2026-05-03,25.0,9.4,31.0
SEN042,2026-06-14 15:53:29,2026-06-14,15.4,16.2,50.0
SEN043,2026-05-01 16:12:18,2026-05-01,20.7,11.4,45.0
SEN021,2026-02-04 03:53:49,2026-02-04,27.0,24.0,77.0
SEN020,2026-09-02 10:34:33,2026-09-02,19.2,7.7,37.0
SEN042,2026-02-14 05:45:57,2026-02-14,24.5,37.34,47.0
SEN001,2026-04-26 19:07:26,2026-04-26,39.5,41.4,52.0
SEN050,2026-07-03 03:25:39,2026-07-03,22.2,5.5,
SEN030,2026-02-12 04:51:42,2026-02-12,23.3,34.04,
SEN045,2026-02-27 21:21:30,2026-02-27,19.39,39.88,
SEN050,2026-01-21 14:58:28,2026-01-21,38.1,20.6,51.0
SEN002,2026-03-18 14:45:37,2026-03-18,34.5,34.2,83.0
SEN034,2026-05-24 12:51:05,2026-05-24,16.5,35.31,56.0
SEN009,2026-01-06 15:10:38,2026-01-06,24.78,26.8,63.0
SEN005,2026-04-28 00:46:28,2026-04-28,30.8,48.26,48.0
SEN032,2026-07-14 23:42:08,2026-07-14,16.4,30.9,90.0
SEN005,2026-06-05 09:22:30,2026-06-05,35.2,19.05,40.0
SEN024,2026-01-28 14:49:46,2026-01-28,30.4,27.6,77.0
SEN028,2026-01-27 23:54:44,2026-01-27,16.3,34.9,57.0
SEN023,2026-03-19 14:23:43,2026-03-19,29.4,40.9,93.0
SEN041,2026-02-18 23:09:22,2026-02-18,35.78,1.2,54.0
SEN048,2026-03-27 10:31:23,2026-03-27,33.89,31.24,60.0
SEN019,2026-04-11 07:29:31,2026-04-11,28.5,4.32,85.0
SEN032,2026-05-07 00:20:31,2026-05-07,17.8,8.2,95.0
SEN019,2026-05-26 13:10:48,2026-05-26,16.78,,67.0
SEN045,2026-04-26 01:52:47,2026-04-26,21.3,32.9,62.0
SEN022,2026-06-13 17:15:58,2026-06-13,25.3,10.16,57.0
SEN025,2026-05-22 13:58:27,2026-05-22,25.8,20.5,84.0
SEN048,2026-05-26 15:43:31,2026-05-26,36.0,28.19,47.0
SEN039,2026-08-14 13:43:09,2026-08-14,24.0,23.11,
SEN042,2026-09-04 06:40:00,2026-09-04,20.2,1.2,93.0
SEN023,2026-08-13 07:52:08,2026-08-13,27.2,22.6,84.0
SEN044,2026-03-10 08:29:25,2026-03-10,27.0,32.1,33.0
SEN025,2026-08-10 18:27:53,2026-08-10,20.7,28.6,40.0
SEN031,2026-03-11 08:33:30,2026-03-11,34.3,15.6,53.0
SEN035,2026-06-16 08:15:05,2026-06-16,38.72,6.9,45.0
SEN013,2026-02-18 13:01:43,2026-02-18,15.9,,
SEN023,2026-08-28 00:24:27,2026-08-28,38.61,24.2,85.0
SEN048,2026-07-28 14:33:04,2026-07-28,21.7,13.7,54.0
SEN029,2026-03-23 23:25:16,2026-03-23,25.8,28.45,31.0
SEN006,2026-01-04 05:11:38,2026-01-04,37.61,,94.0
SEN043,2026-01-20 16:05:53,2026-01-20,38.11,41.8,51.0
SEN045,2026-03-02 21:31:21,2026-03-02,30.8,,82.0
SEN015,2026-08-28 10:26:00,2026-08-28,22.5,30.1,84.0
SEN011,2026-01-25 14:33:08,2026-01-25,37.8,,54.0
SEN038,2026-07-18 20:07:37,2026-07-18,37.89,12.45,77.0
SEN049,2026-04-02 17:47:08,2026-04-02,15.6,20.57,94.0
SEN015,2026-05-30 02:18:14,2026-05-30,34.8,27.7,50.0
SEN036,2026-02-11 14:50:00,2026-02-11,15.1,14.99,
SEN021,2026-02-24 03:34:59,2026-02-24,38.61,23.62,68.0
SEN023,2026-05-29 16:03:31,2026-05-29,38.1,,58.0
SEN016,2026-08-26 02:37:00,2026-08-26,32.1,30.8,
SEN046,2026-04-14 17:18:57,2026-04-14,18.72,28.8,81.0
SEN009,2026-03-12 23:01:08,2026-03-12,15.72,23.37,84.0
SEN045,2026-05-19 05:13:30,2026-05-19,38.7,29.1,71.0
SEN050,2026-09-09 06:53:34,2026-09-09,15.22,31.4,41.0
SEN018,2026-06-02 18:07:58,2026-06-02,27.3,48.1,39.0
SEN042,2026-03-20 13:28:52,2026-03-20,27.72,37.6,50.0
SEN013,2026-08-31 01:14:25,2026-08-31,22.5,,77.0
SEN033,2026-02-03 12:19:10,2026-02-03,37.28,,61.0
SEN026,2026-08-17 12:06:55,2026-08-17,38.4,20.07,45.0
SEN012,2026-04-17 11:11:28,2026-04-17,25.3,12.95,83.0
SEN036,2026-05-03 01:15:45,2026-05-03,22.11,20.57,59.0
SEN038,2026-03-22 16:38:55,2026-03-22,15.89,3.4,70.0
SEN025,2026-03-29 06:45:29,2026-03-29,29.22,,74.0
SEN050,2026-09-01 08:11:48,2026-09-01,21.9,24.4,87.0
SEN048,2026-08-02 22:58:05,2026-08-02,39.0,,
SEN008,2026-03-03 15:28:15,2026-03-03,27.9,,39.0
SEN042,2026-01-26 14:51:36,2026-01-26,34.7,26.67,67.0
SEN038,2026-08-28 23:52:31,2026-08-28,27.5,22.6,47.0
SEN023,2026-06-14 06:45:04,2026-06-14,25.1,43.4,46.0
SEN036,2026-08-12 07:24:58,2026-08-12,27.4,37.85,94.0
SEN041,2026-09-07 16:08:46,2026-09-07,22.72,2.1,73.0
SEN047,2026-07-18 20:50:00,2026-07-18,16.1,16.9,
SEN017,2026-02-02 17:06:01,2026-02-02,26.6,44.1,50.0
SEN005,2026-04-11 18:26:43,2026-04-11,35.22,26.4,
SEN047,2026-04-09 02:53:54,2026-04-09,18.4,18.7,37.0
SEN025,2026-03-23 07:24:00,2026-03-23,25.61,5.8,78.0
SEN028,2026-08-16 14:29:39,2026-08-16,31.61,0.6,51.0
SEN039,2026-08-09 22:58:13,2026-08-09,20.8,13.0,39.0
SEN014,2026-06-11 16:43:29,2026-06-11,29.28,41.2,40.0
SEN033,2026-06-16 20:31:52,2026-06-16,35.28,32.2,
SEN031,2026-02-27 09:35:30,2026-02-27,16.0,47.7,95.0
SEN020,2026-03-21 09:33:23,2026-03-21,38.2,,48.0
SEN007,2026-04-14 00:22:25,2026-04-14,37.7,29.72,83.0
SEN023,2026-07-26 04:40:11,2026-07-26,17.2,5.33,86.0
SEN040,2026-02-09 10:32:27,2026-02-09,24.5,0.25,74.0
SEN029,2026-07-03 20:17:58,2026-07-03,30.5,49.4,58.0
SEN031,2026-09-05 00:13:48,2026-09-05,19.28,30.99,81.0
SEN044,2026-05-26 01:51:57,2026-05-26,21.72,7.2,67.0
SEN044,2026-06-29 02:53:32,2026-06-29,26.5,44.8,89.0
SEN004,2026-06-19 15:47:00,2026-06-19,23.8,43.7,39.0
SEN048,2026-01-25 11:57:59,2026-01-25,28.1,32.51,91.0
SEN050,2026-09-08 00:30:08,2026-09-08,28.39,4.4,88.0
SEN047,2026-06-05 20:53:24,2026-06-05,17.1,42.42,
SEN006,2026-09-06 10:03:36,2026-09-06,27.0,4.3,
SEN031,2026-04-17 03:02:00,2026-04-17,28.78,31.5,79.0
SEN018,2026-05-04 19:43:32,2026-05-04,34.89,25.6,72.0
SEN033,2026-07-30 05:04:06,2026-07-30,35.3,7.6,86.0
SEN039,2026-06-09 01:55:18,2026-06-09,39.89,22.6,42.0
SEN031,2026-01-23 00:12:53,2026-01-23,31.7,29.8,42.0
SEN003,2026-03-28 06:46:52,2026-03-28,38.2,0.4,77.0
SEN030,2026-02-24 03:43:59,2026-02-24,30.8,48.7,63.0
SEN029,2026-07-07 10:22:23,2026-07-07,39.1,1.8,39.0
SEN025,2026-01-03 15:21:12,2026-01-03,35.0,32.0,75.0
SEN027,2026-08-16 22:12:12,2026-08-16,38.1,26.7,67.0
SEN014,2026-08-01 06:51:39,2026-08-01,39.5,44.4,76.0
SEN010,2026-03-12 13:41:23,2026-03-12,24.5,37.4,58.0
SEN007,2026-03-11 06:59:19,2026-03-11,16.8,14.9,84.0
SEN020,2026-04-23 19:51:54,2026-04-23,16.9,26.67,82.0
SEN041,2026-07-21 09:04:52,2026-07-21,39.0,6.5,40.0
SEN032,2026-03-21 09:51:32,2026-03-21,22.72,41.5,80.0
SEN014,2026-03-13 19:19:56,2026-03-13,36.1,48.4,30.0
SEN032,2026-07-22 15:52:21,2026-07-22,34.6,,43.0
SEN017,2026-05-12 10:27:39,2026-05-12,15.5,,50.0
SEN040,2026-07-26 20:29:21,2026-07-26,18.78,45.7,
SEN007,2026-06-18 04:34:00,2026-06-18,28.39,47.3,
SEN044,2026-02-27 19:27:35,2026-02-27,22.22,,
SEN013,2026-06-17 14:38:14,2026-06-17,33.28,42.6,47.0
SEN025,2026-01-01 02:26:19,2026-01-01,26.6,5.59,77.0
SEN002,2026-02-02 06:02:23,2026-02-02,19.0,18.8,52.0
SEN038,2026-03-01 12:36:09,2026-03-01,29.0,37.1,82.0
SEN009,2026-04-22 04:39:32,2026-04-22,27.4,31.24,66.0
SEN038,2026-05-07 07:17:28,2026-05-07,34.22,37.59,44.0
UNKNOWN,2026-01-29 14:59:17,2026-01-29,20.3,19.3,37.0
SEN025,2026-04-08 15:44:05,2026-04-08,27.61,42.4,57.0
UNKNOWN,2026-08-11 01:29:42,2026-08-11,35.61,31.4,56.0
SEN016,2026-09-03 15:30:22,2026-09-03,39.8,24.38,47.0
SEN016,2026-01-20 11:41:20,2026-01-20,17.11,14.4,60.0
SEN035,2026-05-31 21:23:51,2026-05-31,18.7,,
SEN021,2026-07-16 21:18:44,2026-07-16,35.5,6.8,36.0
SEN023,2026-06-21 14:21:06,2026-06-21,25.9,,94.0
SEN044,2026-04-07 10:42:16,2026-04-07,27.4,19.6,45.0
SEN019,2026-05-25 16:23:57,2026-05-25,19.22,19.6,87.0
SEN045,2026-04-04 22:35:00,2026-04-04,24.11,1.2,
SEN044,2026-04-27 05:28:15,2026-04-27,26.61,22.1,40.0
SEN002,2026-03-20 09:10:41,2026-03-20,24.8,37.4,62.0
SEN033,2026-01-30 10:41:20,2026-01-30,20.1,23.7,92.0
SEN016,2026-01-23 17:40:41,2026-01-23,17.9,42.7,47.0
SEN033,2026-06-17 09:42:04,2026-06-17,26.39,9.14,74.0
SEN012,2026-06-30 10:35:19,2026-06-30,35.7,22.7,57.0
SEN038,2026-06-09 22:10:56,2026-06-09,38.1,42.6,79.0
SEN005,2026-06-12 22:37:36,2026-06-12,21.11,44.6,47.0
SEN016,2026-09-02 15:24:09,2026-09-02,31.78,30.8,89.0
SEN010,2026-01-24 14:05:58,2026-01-24,21.61,29.3,38.0
SEN033,2026-04-10 00:33:28,2026-04-10,26.4,41.1,33.0
SEN032,2026-06-27 12:33:11,2026-06-27,22.8,8.5,80.0
SEN045,2026-03-12 07:41:06,2026-03-12,20.0,36.2,38.0
SEN003,2026-08-03 11:43:08,2026-08-03,38.28,37.85,63.0
SEN001,2026-08-29 20:31:41,2026-08-29,26.6,25.15,88.0
SEN041,2026-08-07 16:24:53,2026-08-07,16.5,46.6,76.0
SEN026,2026-07-19 02:25:00,2026-07-19,15.61,27.8,60.0
SEN046,2026-08-04 01:08:18,2026-08-04,19.3,27.5,34.0
SEN009,2026-03-18 11:44:36,2026-03-18,18.78,44.1,46.0
SEN026,2026-07-08 18:30:31,2026-07-08,20.1,47.24,71.0
SEN013,2026-01-07 11:47:00,2026-01-07,39.28,40.8,82.0
SEN037,2026-01-31 00:59:20,2026-01-31,39.8,44.8,87.0
SEN012,2026-02-19 14:48:20,2026-02-19,21.0,15.3,47.0
UNKNOWN,2026-01-09 13:10:37,2026-01-09,27.5,,56.0
SEN004,2026-01-30 10:25:34,2026-01-30,35.4,6.5,85.0
SEN046,2026-04-10 05:33:02,2026-04-10,30.28,49.6,63.0
SEN042,2026-04-02 16:54:41,2026-04-02,35.2,41.3,72.0
SEN022,2026-02-18 18:21:12,2026-02-18,16.4,47.5,
SEN036,2026-05-17 21:10:44,2026-05-17,19.1,28.19,86.0
SEN024,2026-08-04 13:51:42,2026-08-04,19.1,15.49,66.0
SEN050,2026-03-17 03:07:40,2026-03-17,36.7,9.1,72.0
SEN007,2026-08-20 23:43:17,2026-08-20,21.2,4.7,66.0
SEN028,2026-02-21 19:48:42,2026-02-21,18.5,48.9,67.0
SEN025,2026-02-14 16:02:16,2026-02-14,27.1,6.2,55.0
SEN029,2026-07-02 20:02:03,2026-07-02,31.89,28.4,37.0
SEN025,2026-05-23 05:58:09,2026-05-23,36.7,43.0,74.0
SEN020,2026-07-25 10:32:00,2026-07-25,27.1,39.88,
SEN036,2026-09-03 16:02:43,2026-09-03,17.5,37.08,30.0
SEN050,2026-07-31 14:07:13,2026-07-31,17.4,10.4,36.0
SEN035,2026-01-16 17:47:03,2026-01-16,28.78,35.2,92.0
SEN042,2026-04-06 15:20:00,2026-04-06,34.2,11.18,42.0
SEN029,2026-07-31 20:54:14,2026-07-31,20.61,35.1,48.0
SEN027,2026-05-12 01:07:26,2026-05-12,38.22,,46.0
SEN002,2026-08-19 00:00:00,2026-08-19,33.2,4.4,33.0
SEN047,2026-06-22 22:22:12,2026-06-22,26.89,25.5,42.0
SEN049,2026-08-28 05:14:17,2026-08-28,34.39,44.0,
SEN032,2026-08-05 21:50:37,2026-08-05,25.61,38.7,38.0
SEN046,2026-09-09 14:11:13,2026-09-09,35.8,1.5,78.0
SEN004,2026-01-28 12:50:28,2026-01-28,34.7,48.1,92.0
SEN020,2026-07-20 19:48:54,2026-07-20,26.72,21.7,63.0
SEN008,2026-07-03 01:46:45,2026-07-03,34.61,42.7,93.0
SEN015,2026-05-09 15:16:30,2026-05-09,32.9,7.37,84.0
SEN028,2026-06-09 02:44:52,2026-06-09,36.89,5.33,52.0
SEN030,2026-01-31 15:42:45,2026-01-31,39.8,23.88,37.0
SEN042,2026-01-22 21:06:52,2026-01-22,21.22,25.4,
SEN004,2026-05-18 20:01:45,2026-05-18,17.22,30.2,41.0
SEN014,2026-04-11 19:01:16,2026-04-11,16.3,0.4,
SEN008,2026-08-01 02:24:37,2026-08-01,18.9,39.88,55.0
SEN044,2026-08-20 15:40:15,2026-08-20,25.4,35.0,38.0
SEN030,2026-01-12 13:42:43,2026-01-12,31.0,,36.0
SEN039,2026-05-14 15:35:24,2026-05-14,22.22,21.0,67.0
SEN011,2026-01-26 00:15:26,2026-01-26,37.89,18.8,40.0
SEN027,2026-02-14 15:47:51,2026-02-14,33.3,19.0,
SEN020,2026-01-16 15:52:55,2026-01-16,16.61,43.3,55.0
SEN012,2026-03-27 00:20:57,2026-03-27,37.3,,83.0
SEN035,2026-07-29 14:59:38,2026-07-29,39.0,12.95,42.0
SEN025,2026-05-24 07:46:14,2026-05-24,31.3,24.3,51.0
SEN045,2026-08-20 01:19:46,2026-08-20,19.4,24.0,45.0
SEN046,2026-01-25 07:47:16,2026-01-25,36.6,42.7,40.0
SEN047,2026-04-04 05:05:32,2026-04-04,30.2,,62.0
SEN050,2026-05-09 23:14:17,2026-05-09,38.22,6.5,69.0
SEN048,2026-04-14 09:10:18,2026-04-14,17.4,39.7,66.0
SEN026,2026-05-24 18:54:37,2026-05-24,25.6,7.7,54.0
SEN035,2026-02-28 13:52:44,2026-02-28,21.5,3.3,
SEN047,2026-08-24 00:03:37,2026-08-24,20.2,49.6,55.0
SEN010,2026-04-08 13:14:50,2026-04-08,38.39,19.9,68.0
SEN045,2026-07-02 23:25:49,2026-07-02,33.9,9.1,32.0
SEN019,2026-07-22 00:12:44,2026-07-22,20.1,17.1,60.0
SEN019,2026-08-22 04:27:00,2026-08-22,28.22,19.5,53.0
SEN050,2026-08-27 15:25:22,2026-08-27,36.89,9.1,79.0
SEN007,2026-05-17 08:12:20,2026-05-17,31.89,28.0,87.0
UNKNOWN,2026-03-14 21:19:42,2026-03-14,15.22,24.38,32.0
SEN041,2026-01-19 03:39:56,2026-01-19,22.2,12.3,31.0
SEN039,2026-01-01 14:24:41,2026-01-01,37.7,,32.0
SEN011,2026-05-14 12:57:32,2026-05-14,20.7,47.5,85.0
SEN028,2026-04-12 19:06:55,2026-04-12,31.72,5.9,47.0
SEN004,2026-05-11 23:59:37,2026-05-11,22.6,15.1,51.0
SEN037,2026-01-05 20:27:00,2026-01-05,31.3,43.69,76.0
UNKNOWN,2026-06-04 21:19:58,2026-06-04,32.8,21.4,94.0
SEN031,2026-06-27 15:24:26,2026-06-27,31.78,11.8,51.0
SEN039,2026-03-15 03:24:21,2026-03-15,20.0,2.2,37.0
SEN025,2026-04-10 07:31:00,2026-04-10,37.22,28.3,81.0
UNKNOWN,2026-07-25 06:08:24,2026-07-25,30.22,9.1,41.0
UNKNOWN,2026-03-22 12:55:21,2026-03-22,30.9,34.54,70.0
SEN033,2026-06-13 15:36:04,2026-06-13,16.61,47.24,69.0
SEN018,2026-05-22 19:05:45,2026-05-22,37.8,,40.0
SEN018,2026-08-12 02:13:52,2026-08-12,36.3,16.51,69.0
SEN007,2026-04-19 00:23:46,2026-04-19,39.1,3.2,46.0
SEN015,2026-01-07 08:19:17,2026-01-07,28.89,,93.0
SEN037,2026-04-08 00:06:36,2026-04-08,18.6,,79.0
SEN005,2026-08-17 00:15:34,2026-08-17,20.3,38.8,84.0
SEN031,2026-03-25 02:43:49,2026-03-25,35.78,42.6,37.0
SEN046,2026-08-08 20:36:35,2026-08-08,39.8,21.5,93.0
UNKNOWN,2026-03-22 22:29:00,2026-03-22,24.9,21.0,86.0
SEN033,2026-09-09 02:39:13,2026-09-09,23.61,37.0,
SEN022,2026-03-13 22:33:32,2026-03-13,37.9,37.8,80.0
SEN021,2026-06-03 07:45:33,2026-06-03,30.72,34.6,51.0
SEN050,2026-03-26 12:40:11,2026-03-26,31.22,,40.0
SEN041,2026-08-10 23:24:53,2026-08-10,23.7,31.5,54.0
SEN049,2026-07-27 06:13:19,2026-07-27,30.28,,39.0
SEN010,2026-07-23 04:23:03,2026-07-23,16.9,41.7,61.0
SEN028,2026-03-14 11:40:18,2026-03-14,39.3,10.7,88.0
SEN006,2026-08-27 02:56:03,2026-08-27,38.4,33.2,91.0
SEN011,2026-02-16 21:56:35,2026-02-16,17.89,25.15,81.0
SEN015,2026-04-16 17:25:02,2026-04-16,19.9,19.0,49.0
SEN033,2026-05-07 05:02:10,2026-05-07,16.8,,80.0
SEN009,2026-06-15 11:08:31,2026-06-15,32.8,5.3,85.0
SEN035,2026-05-05 20:09:32,2026-05-05,27.6,,48.0
SEN017,2026-06-18 14:07:56,2026-06-18,20.6,34.6,
SEN002,2026-04-05 08:10:42,2026-04-05,32.7,0.9,78.0
SEN045,2026-04-08 19:24:11,2026-04-08,39.0,23.5,30.0
SEN039,2026-02-28 07:59:56,2026-02-28,32.61,20.1,70.0
SEN042,2026-03-27 05:46:06,2026-03-27,18.9,23.62,57.0
SEN041,2026-08-24 18:20:30,2026-08-24,23.1,3.81,86.0
SEN020,2026-08-23 10:52:38,2026-08-23,23.78,38.35,85.0
SEN022,2026-04-25 21:36:30,2026-04-25,20.78,4.5,
SEN026,2026-08-26 12:07:00,2026-08-26,38.8,19.4,51.0
SEN042,2026-06-30 19:28:27,2026-06-30,32.89,44.6,
SEN045,2026-08-15 22:44:46,2026-08-15,35.2,46.48,57.0
SEN045,2026-06-20 05:46:57,2026-06-20,29.61,1.02,42.0
UNKNOWN,2026-08-09 10:31:15,2026-08-09,15.22,21.84,
SEN018,2026-05-22 00:34:53,2026-05-22,22.61,40.89,78.0
SEN015,2026-04-10 13:44:09,2026-04-10,30.4,7.3,74.0
SEN046,2026-06-24 15:07:30,2026-06-24,30.5,21.3,64.0
SEN037,2026-04-17 23:34:09,2026-04-17,34.28,35.2,82.0
SEN004,2026-05-08 15:35:11,2026-05-08,38.0,,64.0
SEN038,2026-03-16 00:46:12,2026-03-16,27.1,24.9,
SEN022,2026-07-13 20:23:57,2026-07-13,23.8,,69.0
SEN004,2026-09-01 01:12:59,2026-09-01,35.3,,64.0
SEN018,2026-03-31 02:50:26,2026-03-31,26.78,14.9,60.0
SEN038,2026-07-29 10:55:50,2026-07-29,23.9,46.48,74.0
SEN029,2026-06-19 13:26:05,2026-06-19,18.4,44.7,87.0
SEN016,2026-07-27 16:05:48,2026-07-27,35.6,9.9,65.0
SEN016,2026-07-17 19:03:27,2026-07-17,30.8,43.69,94.0
SEN046,2026-04-19 15:08:40,2026-04-19,21.61,46.2,64.0
SEN025,2026-08-10 10:39:41,2026-08-10,16.9,48.7,74.0
SEN012,2026-04-19 19:51:49,2026-04-19,17.3,16.9,63.0
UNKNOWN,2026-07-12 11:40:34,2026-07-12,38.78,2.7,41.0
SEN023,2026-03-07 00:46:02,2026-03-07,20.6,33.8,63.0
SEN022,2026-07-27 16:56:03,2026-07-27,29.78,7.9,50.0
SEN003,2026-04-12 21:47:00,2026-04-12,24.1,,94.0
SEN008,2026-08-22 15:31:52,2026-08-22,20.3,42.3,76.0
SEN001,2026-07-15 13:38:28,2026-07-15,19.1,14.4,37.0
SEN033,2026-05-24 13:40:17,2026-05-24,15.61,49.78,
SEN003,2026-01-15 03:31:37,2026-01-15,17.11,19.2,54.0
SEN009,2026-06-21 15:08:41,2026-06-21,17.5,10.3,53.0
SEN017,2026-06-19 08:11:22,2026-06-19,27.0,27.69,67.0
SEN036,2026-07-22 20:14:49,2026-07-22,20.4,6.1,91.0
SEN032,2026-04-25 19:24:44,2026-04-25,25.3,8.0,73.0
SEN033,2026-05-08 12:40:23,2026-05-08,39.4,8.4,52.0
UNKNOWN,2026-07-30 15:40:50,2026-07-30,25.2,8.89,65.0
SEN038,2026-03-09 04:15:37,2026-03-09,29.6,1.7,40.0
SEN009,2026-02-21 19:22:10,2026-02-21,20.9,,30.0
SEN014,2026-03-14 21:25:31,2026-03-14,32.9,30.23,
SEN038,2026-03-06 17:22:53,2026-03-06,25.89,,68.0
SEN003,2026-05-12 08:37:48,2026-05-12,17.4,3.2,40.0
SEN009,2026-04-11 13:32:56,2026-04-11,16.61,13.72,37.0
SEN033,2026-08-22 16:10:03,2026-08-22,34.0,40.5,45.0
SEN023,2026-02-19 17:52:12,2026-02-19,16.39,28.6,69.0
SEN004,2026-03-29 14:01:25,2026-03-29,27.1,,80.0
SEN041,2026-06-27 12:33:13,2026-06-27,30.3,,65.0
SEN028,2026-06-02 18:01:23,2026-06-02,19.5,6.0,34.0
SEN031,2026-02-16 17:44:25,2026-02-16,26.8,49.28,87.0
SEN010,2026-03-10 02:50:55,2026-03-10,36.61,,68.0
SEN044,2026-04-10 05:39:21,2026-04-10,18.2,,
UNKNOWN,2026-05-31 14:56:21,2026-05-31,32.3,34.9,65.0
SEN035,2026-09-03 00:00:00,2026-09-03,20.22,27.18,40.0
SEN039,2026-06-21 07:21:39,2026-06-21,18.0,26.9,68.0
SEN035,2026-01-10 15:37:56,2026-01-10,17.89,8.8,89.0
SEN048,2026-02-10 03:00:56,2026-02-10,35.61,39.9,
SEN003,2026-04-11 10:43:19,2026-04-11,16.89,10.5,50.0
SEN007,2026-09-06 10:50:39,2026-09-06,33.78,3.05,37.0
SEN011,2026-08-02 11:19:03,2026-08-02,19.72,35.0,86.0
SEN016,2026-04-19 02:16:07,2026-04-19,25.89,38.6,53.0
SEN020,2026-01-22 00:00:00,2026-01-22,24.0,11.9,85.0
SEN016,2026-02-11 11:30:11,2026-02-11,31.9,,78.0
SEN042,2026-05-04 11:24:25,2026-05-04,28.7,44.2,80.0
SEN041,2026-08-14 03:20:14,2026-08-14,23.9,,33.0
SEN035,2026-08-08 16:33:55,2026-08-08,15.8,40.2,42.0
SEN037,2026-03-05 00:57:19,2026-03-05,21.22,8.89,45.0
SEN036,2026-08-16 02:27:42,2026-08-16,25.2,44.0,74.0
SEN025,2026-01-07 00:00:00,2026-01-07,31.2,13.97,56.0
SEN017,2026-05-20 17:44:13,2026-05-20,19.0,13.7,48.0
SEN002,2026-03-12 19:20:49,2026-03-12,15.3,30.8,44.0
SEN004,2026-05-06 05:31:00,2026-05-06,17.39,20.83,32.0
SEN016,2026-03-28 03:49:45,2026-03-28,39.7,8.3,32.0
SEN041,2026-04-22 08:29:58,2026-04-22,24.9,,83.0
SEN036,2026-01-23 19:22:21,2026-01-23,30.39,42.16,59.0
SEN025,2026-01-05 02:55:14,2026-01-05,16.39,27.3,82.0
SEN020,2026-08-16 07:18:28,2026-08-16,22.28,46.7,33.0
SEN039,2026-08-31 08:19:57,2026-08-31,38.72,32.0,
SEN010,2026-05-09 07:25:01,2026-05-09,34.89,40.13,61.0
SEN043,2026-05-19 15:16:12,2026-05-19,29.5,48.5,67.0
SEN035,2026-04-03 14:45:25,2026-04-03,38.8,16.8,88.0
SEN003,2026-05-26 11:42:00,2026-05-26,16.8,30.1,35.0
SEN011,2026-05-13 03:09:25,2026-05-13,27.3,16.3,33.0
SEN011,2026-08-31 16:41:24,2026-08-31,38.72,16.6,49.0
SEN041,2026-05-02 04:26:25,2026-05-02,39.2,17.2,71.0
SEN045,2026-03-09 21:14:42,2026-03-09,18.6,1.78,62.0
SEN027,2026-04-30 02:36:20,2026-04-30,19.4,,53.0
SEN040,2026-03-03 10:29:28,2026-03-03,29.1,25.4,78.0
SEN031,2026-07-25 15:46:46,2026-07-25,31.11,37.85,30.0
SEN020,2026-02-12 18:37:00,2026-02-12,36.4,35.81,59.0
SEN026,2026-06-28 02:50:09,2026-06-28,28.3,,86.0
SEN040,2026-05-27 06:24:58,2026-05-27,38.6,5.84,38.0
SEN001,2026-03-04 17:40:38,2026-03-04,21.0,34.4,
SEN001,2026-07-09 01:03:46,2026-07-09,29.5,39.9,43.0
SEN048,2026-09-07 13:29:35,2026-09-07,32.72,6.3,
SEN034,2026-04-02 08:55:27,2026-04-02,15.72,21.59,77.0
SEN048,2026-04-08 19:05:57,2026-04-08,19.72,12.9,81.0
SEN012,2026-02-25 15:40:11,2026-02-25,32.5,14.8,63.0
SEN010,2026-08-24 08:38:00,2026-08-24,16.0,26.67,72.0
SEN044,2026-06-27 18:06:26,2026-06-27,28.2,19.1,53.0
SEN049,2026-03-06 03:42:34,2026-03-06,31.0,10.92,
SEN005,2026-03-12 18:47:18,2026-03-12,22.3,45.0,49.0
SEN001,2026-03-08 14:42:47,2026-03-08,19.4,41.4,50.0
SEN032,2026-02-11 12:19:33,2026-02-11,21.0,,81.0
SEN005,2026-01-18 17:13:04,2026-01-18,23.3,,
SEN005,2026-07-07 09:22:16,2026-07-07,19.2,33.9,74.0
SEN001,2026-07-23 00:48:12,2026-07-23,34.4,34.9,42.0
SEN016,2026-02-08 16:07:53,2026-02-08,28.1,42.6,42.0
SEN035,2026-07-08 17:53:05,2026-07-08,18.89,22.4,45.0
SEN019,2026-06-09 17:57:10,2026-06-09,19.6,,39.0
SEN043,2026-06-22 18:49:17,2026-06-22,23.5,15.9,88.0
SEN020,2026-01-18 02:57:42,2026-01-18,30.3,9.1,53.0
SEN008,2026-06-19 01:58:54,2026-06-19,36.4,41.7,88.0
SEN050,2026-07-31 22:12:53,2026-07-31,26.5,35.8,
SEN022,2026-03-01 12:48:25,2026-03-01,32.0,8.4,49.0
SEN039,2026-05-27 10:39:28,2026-05-27,35.5,20.83,31.0
SEN030,2026-02-08 09:37:12,2026-02-08,22.28,42.6,
SEN039,2026-04-27 17:09:19,2026-04-27,36.9,11.9,93.0
SEN009,2026-04-26 01:19:11,2026-04-26,27.6,6.0,56.0
SEN021,2026-01-02 07:23:40,2026-01-02,31.1,24.4,69.0
SEN036,2026-07-19 17:11:02,2026-07-19,30.2,24.0,31.0
SEN003,2026-07-11 21:23:01,2026-07-11,28.2,19.9,53.0
SEN001,2026-06-18 20:24:22,2026-06-18,19.39,,87.0
SEN050,2026-06-02 10:57:48,2026-06-02,25.0,42.1,41.0
SEN027,2026-03-27 12:59:19,2026-03-27,26.6,39.4,66.0
SEN036,2026-06-15 19:29:32,2026-06-15,31.22,,57.0
SEN048,2026-04-22 01:31:00,2026-04-22,33.5,44.0,67.0
SEN025,2026-05-28 15:55:25,2026-05-28,19.22,2.3,82.0
SEN041,2026-05-04 00:44:02,2026-05-04,31.78,36.8,58.0
SEN043,2026-04-07 06:32:24,2026-04-07,22.78,31.5,60.0
SEN011,2026-02-27 16:40:08,2026-02-27,39.1,16.8,61.0
SEN041,2026-05-08 09:41:48,2026-05-08,30.11,13.4,30.0
SEN020,2026-05-21 19:26:52,2026-05-21,22.39,9.4,89.0
SEN010,2026-04-17 03:40:00,2026-04-17,19.0,32.0,
SEN007,2026-04-27 01:39:36,2026-04-27,21.1,17.2,83.0
SEN014,2026-01-13 08:05:44,2026-01-13,28.2,26.92,52.0
SEN043,2026-01-06 08:07:43,2026-01-06,17.8,45.5,65.0
SEN041,2026-03-28 11:11:39,2026-03-28,19.9,22.8,33.0
SEN004,2026-09-05 23:21:45,2026-09-05,39.28,29.9,
SEN032,2026-06-05 17:40:11,2026-06-05,30.2,37.7,76.0
SEN042,2026-04-04 08:37:59,2026-04-04,15.2,,68.0
SEN034,2026-02-04 20:34:00,2026-02-04,31.72,,44.0
SEN043,2026-04-08 22:49:07,2026-04-08,33.0,47.24,95.0
SEN001,2026-07-10 14:33:00,2026-07-10,23.9,45.8,38.0
SEN032,2026-04-21 15:13:58,2026-04-21,36.78,2.2,53.0
SEN017,2026-05-15 09:46:42,2026-05-15,28.5,35.05,
SEN034,2026-08-15 01:15:45,2026-08-15,35.11,30.48,52.0
SEN022,2026-08-10 10:38:20,2026-08-10,36.72,48.51,78.0
SEN009,2026-04-11 00:00:00,2026-04-11,38.6,,34.0
SEN009,2026-07-03 13:42:35,2026-07-03,17.9,26.9,
SEN036,2026-05-28 02:33:33,2026-05-28,30.2,,79.0
SEN045,2026-08-01 00:00:00,2026-08-01,29.28,30.73,64.0
SEN037,2026-03-13 06:42:30,2026-03-13,24.39,15.3,84.0
SEN038,2026-02-03 04:40:29,2026-02-03,18.0,8.38,79.0
SEN035,2026-07-06 16:54:50,2026-07-06,36.3,35.31,78.0
SEN027,2026-02-04 14:35:13,2026-02-04,19.9,26.67,74.0
SEN025,2026-05-24 13:39:39,2026-05-24,21.9,13.5,51.0
SEN041,2026-04-22 05:40:00,2026-04-22,21.72,31.0,
SEN018,2026-02-27 12:01:58,2026-02-27,24.3,15.3,59.0
SEN009,2026-05-12 13:50:26,2026-05-12,37.6,38.86,49.0
SEN002,2026-05-02 13:56:23,2026-05-02,27.4,9.1,
SEN011,2026-05-19 20:13:34,2026-05-19,28.72,,83.0
SEN006,2026-05-13 05:55:11,2026-05-13,19.8,48.01,31.0
SEN025,2026-06-11 01:42:26,2026-06-11,16.5,34.29,87.0
SEN018,2026-04-25 15:55:38,2026-04-25,33.39,11.6,33.0
SEN050,2026-08-29 06:09:45,2026-08-29,29.72,45.8,78.0
SEN012,2026-04-21 02:47:57,2026-04-21,20.4,47.6,40.0
UNKNOWN,2026-08-29 14:18:13,2026-08-29,17.6,13.0,55.0
UNKNOWN,2026-09-02 23:20:15,2026-09-02,32.7,48.8,45.0
SEN022,2026-04-08 01:33:02,2026-04-08,15.22,9.9,78.0
SEN035,2026-02-24 18:42:29,2026-02-24,28.78,8.6,85.0
SEN020,2026-02-16 04:59:33,2026-02-16,32.89,18.1,88.0
SEN028,2026-04-02 23:57:00,2026-04-02,30.8,9.6,36.0
SEN020,2026-05-25 01:03:25,2026-05-25,22.78,22.6,
SEN003,2026-01-17 22:57:38,2026-01-17,35.0,49.78,40.0
SEN027,2026-04-07 07:34:57,2026-04-07,16.1,33.0,80.0
SEN020,2026-07-31 11:40:22,2026-07-31,39.1,14.1,
SEN025,2026-07-14 11:00:00,2026-07-14,39.9,,68.0
SEN039,2026-07-18 03:53:04,2026-07-18,39.72,43.4,46.0
SEN010,2026-07-21 22:37:40,2026-07-21,24.28,42.3,71.0
SEN041,2026-02-10 23:51:43,2026-02-10,18.6,46.6,90.0
SEN021,2026-06-27 18:22:51,2026-06-27,29.28,,71.0
SEN025,2026-05-01 05:17:29,2026-05-01,17.11,40.9,53.0
SEN002,2026-02-19 20:57:11,2026-02-19,16.2,42.8,61.0
SEN023,2026-03-09 23:44:13,2026-03-09,28.6,5.7,41.0
SEN044,2026-08-20 18:05:02,2026-08-20,28.89,27.43,74.0
SEN039,2026-01-30 15:50:26,2026-01-30,27.7,41.3,
SEN013,2026-03-21 16:51:16,2026-03-21,38.6,2.2,
SEN017,2026-04-24 16:15:07,2026-04-24,22.72,41.1,
SEN020,2026-09-07 06:59:07,2026-09-07,31.4,26.42,77.0
SEN013,2026-09-03 07:42:32,2026-09-03,33.0,30.2,74.0
SEN013,2026-08-17 22:26:06,2026-08-17,31.22,46.99,81.0
SEN009,2026-05-08 01:20:33,2026-05-08,23.5,23.9,57.0
SEN027,2026-08-08 23:25:50,2026-08-08,34.39,,
SEN034,2026-07-16 16:42:01,2026-07-16,23.8,47.7,90.0
SEN035,2026-08-03 20:34:15,2026-08-03,23.3,7.2,73.0
SEN037,2026-02-08 11:36:10,2026-02-08,21.0,23.11,73.0
SEN005,2026-04-14 23:36:55,2026-04-14,30.28,,69.0
SEN004,2026-06-20 00:29:33,2026-06-20,20.4,43.9,
SEN011,2026-07-02 00:16:25,2026-07-02,29.78,27.8,80.0
SEN013,2026-04-03 21:16:01,2026-04-03,24.78,36.1,95.0
SEN043,2026-07-24 00:11:53,2026-07-24,23.6,40.39,51.0
SEN020,2026-08-07 13:08:44,2026-08-07,36.7,31.9,58.0
SEN033,2026-01-22 23:02:00,2026-01-22,34.1,42.5,51.0
SEN010,2026-05-21 10:47:44,2026-05-21,19.8,27.7,42.0
SEN049,2026-03-19 05:05:01,2026-03-19,33.11,13.3,73.0
SEN017,2026-05-30 01:36:11,2026-05-30,24.5,5.3,34.0
SEN036,2026-07-28 07:04:32,2026-07-28,24.5,31.5,60.0
SEN047,2026-04-08 15:55:24,2026-04-08,36.22,,
SEN040,2026-01-29 11:38:01,2026-01-29,21.8,34.4,34.0
SEN040,2026-05-28 22:31:15,2026-05-28,23.0,25.3,87.0
SEN003,2026-01-08 16:44:53,2026-01-08,26.3,,78.0
SEN006,2026-08-31 04:58:38,2026-08-31,32.72,36.9,56.0
SEN001,2026-03-21 21:16:10,2026-03-21,31.22,,48.0
SEN006,2026-08-12 05:31:00,2026-08-12,26.0,17.7,
SEN046,2026-02-18 16:00:42,2026-02-18,15.4,16.9,93.0
SEN005,2026-06-06 13:58:38,2026-06-06,16.2,41.66,58.0
SEN049,2026-02-22 02:17:32,2026-02-22,18.22,32.7,
SEN036,2026-04-24 08:48:27,2026-04-24,24.72,45.21,95.0
SEN013,2026-08-12 14:11:51,2026-08-12,31.5,45.9,33.0
UNKNOWN,2026-02-26 11:38:48,2026-02-26,19.0,6.0,64.0
SEN026,2026-02-17 21:41:11,2026-02-17,16.11,21.0,76.0
UNKNOWN,2026-09-06 18:11:48,2026-09-06,19.1,22.5,74.0
SEN034,2026-03-12 03:27:44,2026-03-12,34.11,,37.0
SEN050,2026-03-27 14:35:29,2026-03-27,32.11,14.8,31.0
SEN037,2026-03-01 16:26:39,2026-03-01,30.4,45.47,54.0
SEN033,2026-07-12 10:05:56,2026-07-12,38.0,42.6,52.0
UNKNOWN,2026-02-14 19:33:54,2026-02-14,35.0,8.7,64.0
SEN012,2026-05-23 13:40:48,2026-05-23,33.2,40.4,45.0
SEN019,2026-06-22 11:10:16,2026-06-22,16.89,36.58,39.0
SEN004,2026-01-04 08:46:45,2026-01-04,25.8,29.9,73.0
SEN046,2026-01-25 17:30:40,2026-01-25,36.2,,45.0
SEN036,2026-03-16 22:44:45,2026-03-16,30.1,,42.0
SEN021,2026-05-13 03:38:56,2026-05-13,36.3,7.1,47.0
SEN010,2026-09-05 06:28:43,2026-09-05,29.4,43.43,69.0
SEN037,2026-03-08 17:41:36,2026-03-08,20.8,13.6,73.0
SEN030,2026-01-17 20:15:20,2026-01-17,25.4,19.4,
SEN046,2026-07-29 19:01:19,2026-07-29,32.22,19.3,79.0
SEN029,2026-07-29 03:13:49,2026-07-29,21.39,20.1,34.0
SEN006,2026-05-28 10:23:15,2026-05-28,17.5,24.6,47.0
SEN007,2026-05-21 08:28:22,2026-05-21,17.1,,
SEN037,2026-06-18 09:15:25,2026-06-18,21.3,17.4,47.0
SEN001,2026-08-27 22:07:52,2026-08-27,26.0,40.3,
SEN016,2026-02-12 00:00:00,2026-02-12,17.2,7.2,33.0
SEN029,2026-04-06 06:05:48,2026-04-06,19.72,26.67,40.0
SEN003,2026-06-07 17:14:11,2026-06-07,23.0,20.07,34.0
SEN001,2026-04-14 16:32:02,2026-04-14,23.0,14.73,89.0
SEN011,2026-06-21 00:36:49,2026-06-21,28.9,,
SEN040,2026-02-28 06:35:53,2026-02-28,38.6,27.2,43.0
SEN022,2026-01-01 17:55:22,2026-01-01,30.5,18.29,59.0
SEN044,2026-01-05 13:58:16,2026-01-05,26.1,,39.0
SEN032,2026-07-04 08:04:17,2026-07-04,26.78,,60.0
SEN025,2026-04-02 21:48:44,2026-04-02,37.6,40.8,84.0
SEN009,2026-03-31 15:28:05,2026-03-31,22.6,36.8,58.0
SEN025,2026-05-10 04:59:05,2026-05-10,32.1,5.1,81.0
SEN015,2026-01-14 21:40:00,2026-01-14,20.1,49.3,66.0
SEN015,2026-01-31 02:28:20,2026-01-31,31.5,10.41,82.0
SEN003,2026-07-01 19:55:54,2026-07-01,22.5,23.9,88.0
SEN045,2026-08-20 21:23:48,2026-08-20,17.78,39.12,50.0
SEN037,2026-02-27 05:36:44,2026-02-27,38.0,19.81,87.0
SEN050,2026-01-29 11:47:36,2026-01-29,37.22,30.73,32.0
SEN018,2026-05-30 11:00:30,2026-05-30,24.39,42.1,65.0
SEN032,2026-08-25 02:25:58,2026-08-25,28.61,4.32,70.0
SEN027,2026-05-02 01:16:25,2026-05-02,38.8,,51.0
SEN028,2026-06-23 20:28:10,2026-06-23,38.2,35.31,47.0
SEN027,2026-01-31 18:43:52,2026-01-31,38.7,13.2,
SEN028,2026-01-17 00:00:00,2026-01-17,27.61,,60.0
SEN002,2026-08-26 00:16:46,2026-08-26,31.72,39.12,58.0
SEN004,2026-03-18 13:29:40,2026-03-18,29.3,12.7,81.0
SEN015,2026-08-12 14:00:10,2026-08-12,39.0,,37.0
SEN027,2026-04-02 07:38:00,2026-04-02,39.28,30.2,76.0
SEN012,2026-08-16 04:38:29,2026-08-16,27.9,31.6,66.0
SEN008,2026-01-06 10:55:09,2026-01-06,28.4,46.8,42.0
SEN039,2026-04-02 18:11:07,2026-04-02,26.3,10.8,42.0
SEN029,2026-05-07 02:52:00,2026-05-07,33.28,37.8,67.0
SEN020,2026-03-25 21:30:20,2026-03-25,20.22,,85.0
SEN025,2026-07-11 07:13:03,2026-07-11,25.1,,44.0
SEN037,2026-04-11 11:52:07,2026-04-11,27.89,37.9,63.0
SEN046,2026-07-09 07:04:15,2026-07-09,26.8,16.4,33.0
SEN037,2026-02-14 06:17:24,2026-02-14,22.1,22.5,94.0
SEN014,2026-05-02 12:52:38,2026-05-02,30.1,44.7,36.0
SEN030,2026-03-19 03:00:15,2026-03-19,34.1,34.0,45.0
SEN003,2026-04-22 21:36:48,2026-04-22,38.5,29.2,70.0
SEN034,2026-05-05 19:11:17,2026-05-05,28.2,48.3,59.0
SEN038,2026-07-16 08:16:11,2026-07-16,24.89,,42.0
SEN002,2026-04-27 15:24:19,2026-04-27,26.89,8.5,36.0
SEN040,2026-03-21 04:39:49,2026-03-21,29.3,10.4,65.0
SEN040,2026-05-28 04:03:33,2026-05-28,24.4,,86.0
SEN047,2026-09-01 05:20:29,2026-09-01,27.9,,
SEN002,2026-07-17 19:12:59,2026-07-17,32.1,23.0,81.0
SEN001,2026-04-03 04:36:27,2026-04-03,31.72,11.94,64.0
SEN026,2026-05-29 09:19:51,2026-05-29,30.28,43.1,76.0
SEN045,2026-04-29 03:06:45,2026-04-29,37.72,,95.0
SEN015,2026-03-11 07:36:10,2026-03-11,24.39,24.38,86.0
SEN047,2026-04-07 18:45:57,2026-04-07,20.5,46.7,58.0
SEN029,2026-08-19 19:38:59,2026-08-19,23.5,3.2,94.0
SEN022,2026-04-21 23:12:50,2026-04-21,35.5,31.5,81.0
SEN015,2026-05-10 00:22:59,2026-05-10,16.5,45.7,79.0
SEN032,2026-02-02 01:28:01,2026-02-02,38.22,24.64,88.0
SEN016,2026-05-15 12:26:00,2026-05-15,33.3,30.6,36.0
SEN008,2026-08-05 20:00:00,2026-08-05,28.7,49.02,
SEN050,2026-05-07 00:30:09,2026-05-07,32.61,,93.0
SEN006,2026-03-12 09:45:46,2026-03-12,36.5,,43.0
SEN006,2026-09-08 10:57:33,2026-09-08,26.0,43.9,
SEN009,2026-05-23 17:40:45,2026-05-23,19.8,11.2,50.0
SEN048,2026-01-21 01:27:34,2026-01-21,17.39,39.8,93.0
SEN012,2026-08-07 07:52:44,2026-08-07,27.89,13.21,50.0
SEN037,2026-05-18 21:29:43,2026-05-18,16.6,43.1,86.0
SEN003,2026-07-12 18:33:56,2026-07-12,23.22,,
SEN006,2026-08-03 16:51:50,2026-08-03,18.1,11.43,66.0
SEN019,2026-04-09 07:14:58,2026-04-09,24.0,31.5,95.0
SEN011,2026-02-26 23:05:00,2026-02-26,28.78,39.37,
SEN010,2026-09-06 00:00:00,2026-09-06,16.8,41.15,32.0
SEN026,2026-01-01 17:03:41,2026-01-01,24.22,41.2,47.0
SEN042,2026-01-27 05:52:29,2026-01-27,39.4,10.5,56.0
SEN018,2026-05-06 23:34:00,2026-05-06,24.89,37.2,65.0
SEN022,2026-05-16 09:52:45,2026-05-16,26.9,24.8,
SEN019,2026-04-28 16:51:54,2026-04-28,23.3,32.4,
SEN017,2026-01-18 13:29:59,2026-01-18,31.2,36.0,
SEN022,2026-02-05 19:26:44,2026-02-05,25.39,16.2,88.0
SEN048,2026-06-17 21:34:59,2026-06-17,20.72,9.14,31.0
SEN013,2026-01-31 00:00:00,2026-01-31,26.9,24.5,95.0
SEN040,2026-02-08 19:29:42,2026-02-08,30.7,16.26,
SEN023,2026-03-30 01:54:00,2026-03-30,18.3,27.3,
SEN005,2026-08-02 07:08:29,2026-08-02,17.8,38.6,
SEN026,2026-04-11 05:53:48,2026-04-11,32.22,39.88,92.0
SEN049,2026-08-13 04:17:20,2026-08-13,19.22,38.3,87.0
SEN010,2026-03-08 19:32:45,2026-03-08,25.7,14.7,
SEN024,2026-02-08 22:51:36,2026-02-08,40.0,4.7,93.0
SEN040,2026-01-02 02:03:25,2026-01-02,28.5,,61.0
SEN044,2026-01-06 05:21:59,2026-01-06,19.78,38.3,45.0
SEN031,2026-01-14 23:14:24,2026-01-14,34.11,18.03,45.0
SEN013,2026-03-01 01:27:33,2026-03-01,18.1,33.9,30.0
SEN044,2026-07-01 08:16:24,2026-07-01,21.4,15.5,
SEN048,2026-07-06 20:05:38,2026-07-06,37.78,44.2,82.0
SEN040,2026-02-25 17:29:03,2026-02-25,27.28,,52.0
SEN035,2026-05-09 07:55:13,2026-05-09,37.4,34.29,51.0
SEN012,2026-03-17 09:55:00,2026-03-17,17.9,36.6,42.0
SEN048,2026-05-08 07:38:59,2026-05-08,38.1,26.67,48.0
SEN045,2026-08-11 22:37:00,2026-08-11,21.2,,
SEN043,2026-05-10 04:13:04,2026-05-10,29.6,41.91,95.0
SEN020,2026-07-25 22:14:53,2026-07-25,15.89,41.3,94.0
SEN033,2026-07-25 16:03:19,2026-07-25,22.3,28.8,31.0
UNKNOWN,2026-03-04 00:48:02,2026-03-04,26.4,21.59,64.0
SEN012,2026-06-16 21:25:48,2026-06-16,17.7,,
SEN045,2026-07-22 13:45:53,2026-07-22,21.3,26.6,35.0
SEN004,2026-01-28 22:37:59,2026-01-28,26.28,3.56,72.0
SEN018,2026-08-13 04:00:39,2026-08-13,32.1,37.8,
SEN019,2026-01-06 15:29:12,2026-01-06,34.4,20.2,57.0
SEN041,2026-06-30 10:33:57,2026-06-30,16.28,29.2,
SEN043,2026-03-24 10:10:46,2026-03-24,24.6,15.6,74.0
SEN010,2026-04-10 23:44:22,2026-04-10,15.11,6.6,93.0
SEN007,2026-01-25 23:41:23,2026-01-25,25.3,,89.0
SEN023,2026-03-12 04:14:00,2026-03-12,37.61,34.0,31.0
SEN003,2026-01-21 11:59:04,2026-01-21,21.39,32.0,35.0
SEN029,2026-04-24 12:37:36,2026-04-24,36.22,38.0,
SEN045,2026-02-22 17:26:36,2026-02-22,20.0,,35.0
SEN045,2026-05-07 03:46:23,2026-05-07,27.28,16.0,72.0
SEN014,2026-05-29 03:17:06,2026-05-29,17.5,20.4,59.0
SEN041,2026-08-20 04:47:05,2026-08-20,16.5,30.73,58.0
SEN022,2026-04-25 10:37:35,2026-04-25,16.61,19.3,36.0
SEN050,2026-02-24 22:01:48,2026-02-24,15.78,4.2,84.0
SEN036,2026-01-21 22:20:57,2026-01-21,30.2,10.3,61.0
SEN038,2026-05-19 04:21:48,2026-05-19,26.5,22.2,74.0
SEN038,2026-01-05 11:49:49,2026-01-05,37.39,30.73,63.0
SEN028,2026-02-23 15:27:53,2026-02-23,29.28,6.8,95.0
SEN009,2026-03-17 03:17:20,2026-03-17,16.5,2.9,47.0
SEN012,2026-02-14 17:28:12,2026-02-14,20.1,12.9,
UNKNOWN,2026-05-12 14:17:01,2026-05-12,18.89,43.94,53.0
SEN047,2026-03-11 17:04:21,2026-03-11,19.1,,58.0
SEN032,2026-08-08 09:37:51,2026-08-08,39.2,19.81,60.0
SEN023,2026-08-15 13:04:05,2026-08-15,34.89,,33.0
SEN043,2026-03-01 03:14:00,2026-03-01,20.61,3.0,49.0
SEN001,2026-08-13 19:02:28,2026-08-13,17.0,3.3,67.0
SEN039,2026-08-14 19:21:52,2026-08-14,26.5,5.9,49.0
SEN017,2026-01-24 09:44:18,2026-01-24,25.28,1.4,78.0
SEN045,2026-07-15 22:20:46,2026-07-15,28.22,20.9,57.0
SEN028,2026-07-09 09:17:13,2026-07-09,20.7,0.1,78.0
SEN022,2026-07-13 03:19:19,2026-07-13,15.1,32.9,47.0
SEN024,2026-08-30 11:31:07,2026-08-30,24.0,40.2,58.0
SEN031,2026-01-10 11:49:09,2026-01-10,33.2,29.5,64.0
SEN013,2026-06-24 20:00:48,2026-06-24,30.2,,81.0
SEN043,2026-08-30 07:13:27,2026-08-30,21.8,42.16,83.0
SEN044,2026-01-09 23:27:59,2026-01-09,38.11,43.3,62.0
SEN042,2026-06-27 16:53:57,2026-06-27,36.61,,66.0
SEN025,2026-08-08 03:54:22,2026-08-08,30.9,23.88,79.0
SEN019,2026-07-09 21:00:24,2026-07-09,33.89,2.5,48.0
SEN033,2026-07-25 06:26:12,2026-07-25,20.28,7.9,76.0
SEN042,2026-08-12 18:08:52,2026-08-12,36.3,20.9,95.0
SEN040,2026-06-17 07:32:43,2026-06-17,32.7,0.51,
SEN017,2026-02-17 18:22:23,2026-02-17,20.5,9.4,89.0
SEN022,2026-01-22 08:19:35,2026-01-22,27.0,21.84,73.0
SEN021,2026-03-01 18:34:01,2026-03-01,18.0,34.0,39.0
SEN034,2026-08-04 13:47:46,2026-08-04,23.2,17.7,34.0
SEN035,2026-07-16 13:56:26,2026-07-16,15.0,48.2,58.0
SEN036,2026-04-05 08:58:57,2026-04-05,19.4,8.0,39.0
SEN039,2026-06-22 08:11:05,2026-06-22,34.11,35.3,44.0
SEN040,2026-06-03 10:46:23,2026-06-03,22.6,9.91,39.0
SEN010,2026-03-11 21:07:11,2026-03-11,29.39,,67.0
SEN017,2026-06-28 21:26:37,2026-06-28,19.5,46.3,93.0
SEN047,2026-01-10 18:10:29,2026-01-10,25.1,48.4,83.0
SEN044,2026-03-09 21:49:32,2026-03-09,22.11,46.74,94.0
SEN007,2026-09-01 06:20:34,2026-09-01,30.4,40.0,32.0
SEN011,2026-07-11 05:27:00,2026-07-11,18.8,,53.0
SEN016,2026-08-29 15:35:48,2026-08-29,26.1,14.5,56.0
SEN010,2026-05-15 23:30:04,2026-05-15,23.1,17.53,
SEN020,2026-08-10 23:13:22,2026-08-10,26.3,,93.0
SEN041,2026-02-12 12:16:42,2026-02-12,35.6,13.2,47.0
SEN038,2026-06-28 03:39:05,2026-06-28,22.2,,52.0
SEN042,2026-04-14 07:28:05,2026-04-14,35.6,,68.0
SEN028,2026-07-14 12:39:11,2026-07-14,38.4,21.59,33.0
SEN046,2026-01-27 22:44:25,2026-01-27,19.9,36.7,50.0
SEN044,2026-08-20 09:58:02,2026-08-20,37.11,15.9,49.0
SEN039,2026-08-31 10:50:01,2026-08-31,25.11,32.0,37.0
SEN049,2026-05-24 06:19:55,2026-05-24,23.7,26.2,56.0
SEN029,2026-06-27 11:32:51,2026-06-27,35.9,31.24,38.0
SEN003,2026-02-15 08:50:00,2026-02-15,38.78,3.8,79.0
SEN014,2026-07-28 02:02:07,2026-07-28,29.39,41.91,83.0
SEN004,2026-07-24 03:48:55,2026-07-24,29.72,14.48,92.0
SEN025,2026-04-30 06:15:23,2026-04-30,16.9,40.0,47.0
SEN011,2026-02-05 09:21:27,2026-02-05,21.5,31.2,39.0
SEN050,2026-08-04 03:09:00,2026-08-04,36.72,8.1,42.0
SEN050,2026-02-26 17:07:47,2026-02-26,28.8,6.1,43.0
SEN022,2026-08-26 20:39:31,2026-08-26,26.89,,39.0
SEN016,2026-07-10 22:30:01,2026-07-10,18.3,35.7,88.0
SEN021,2026-02-26 20:18:04,2026-02-26,38.28,,73.0
SEN009,2026-05-04 08:41:21,2026-05-04,18.28,13.46,89.0
SEN016,2026-08-13 10:55:00,2026-08-13,35.72,5.08,40.0
SEN013,2026-06-07 09:48:06,2026-06-07,15.7,13.46,66.0
SEN013,2026-07-17 00:21:25,2026-07-17,25.89,39.7,82.0
SEN011,2026-01-11 04:36:47,2026-01-11,17.2,41.15,66.0
SEN008,2026-02-01 13:12:00,2026-02-01,15.2,14.8,66.0
SEN037,2026-03-02 21:19:41,2026-03-02,20.9,,68.0
SEN020,2026-06-03 04:21:14,2026-06-03,32.5,46.7,53.0
SEN015,2026-05-07 14:39:25,2026-05-07,34.6,14.1,95.0
UNKNOWN,2026-03-18 08:09:17,2026-03-18,29.8,40.39,84.0
SEN029,2026-05-29 21:36:01,2026-05-29,25.4,20.07,45.0
SEN007,2026-08-16 08:13:00,2026-08-16,30.3,36.8,86.0
SEN014,2026-05-23 00:00:00,2026-05-23,39.7,,33.0
SEN031,2026-08-31 00:00:00,2026-08-31,33.72,4.83,63.0
SEN013,2026-02-01 03:52:02,2026-02-01,18.3,2.3,47.0
SEN030,2026-05-26 20:38:32,2026-05-26,34.0,30.23,32.0
SEN049,2026-06-17 13:42:10,2026-06-17,32.6,36.58,60.0
SEN036,2026-01-18 05:20:07,2026-01-18,34.61,,95.0
SEN028,2026-02-07 05:56:29,2026-02-07,21.1,7.8,36.0
SEN029,2026-01-16 08:18:10,2026-01-16,33.89,23.6,37.0
SEN047,2026-03-10 11:54:38,2026-03-10,35.78,,50.0
SEN025,2026-06-13 08:20:34,2026-06-13,39.5,22.1,44.0
SEN015,2026-05-11 08:29:13,2026-05-11,16.6,,59.0
SEN038,2026-06-17 06:15:46,2026-06-17,33.5,6.6,59.0
SEN040,2026-05-10 22:36:46,2026-05-10,29.1,,88.0
SEN039,2026-05-23 22:35:51,2026-05-23,22.0,30.4,84.0
SEN038,2026-02-15 07:02:48,2026-02-15,21.22,26.4,91.0
SEN009,2026-03-29 21:53:28,2026-03-29,32.39,,48.0
SEN048,2026-08-22 08:22:35,2026-08-22,15.39,,
SEN033,2026-07-23 22:13:03,2026-07-23,36.0,11.94,38.0
SEN028,2026-07-31 13:04:46,2026-07-31,16.5,48.8,37.0
SEN046,2026-09-01 23:19:28,2026-09-01,39.3,8.3,54.0
SEN050,2026-06-05 18:11:25,2026-06-05,35.8,38.0,30.0
SEN001,2026-05-09 18:22:09,2026-05-09,34.72,11.68,92.0
UNKNOWN,2026-03-30 09:50:50,2026-03-30,29.3,20.5,86.0
SEN007,2026-03-23 16:32:25,2026-03-23,27.6,,
SEN021,2026-07-12 17:17:54,2026-07-12,19.4,20.3,35.0
SEN017,2026-03-26 17:15:38,2026-03-26,16.39,26.16,92.0
SEN006,2026-07-23 04:33:00,2026-07-23,16.39,17.8,65.0
SEN049,2026-06-14 14:02:32,2026-06-14,32.61,19.5,69.0
SEN014,2026-06-22 00:53:29,2026-06-22,15.9,7.87,
SEN046,2026-01-14 15:20:00,2026-01-14,21.8,28.1,49.0
SEN023,2026-01-31 03:21:51,2026-01-31,20.9,16.6,72.0
UNKNOWN,2026-02-06 18:44:15,2026-02-06,17.2,33.2,
SEN017,2026-03-23 16:43:46,2026-03-23,15.39,23.11,
SEN016,2026-03-20 05:03:11,2026-03-20,26.72,,49.0
SEN007,2026-02-23 12:32:08,2026-02-23,22.4,16.5,30.0
SEN015,2026-06-19 10:31:26,2026-06-19,20.0,,74.0
SEN010,2026-02-27 06:16:40,2026-02-27,26.2,19.8,81.0
SEN042,2026-03-22 06:56:04,2026-03-22,22.9,3.6,67.0
SEN004,2026-02-27 17:23:07,2026-02-27,32.39,10.1,88.0
SEN036,2026-07-12 19:58:27,2026-07-12,33.0,29.2,63.0
SEN009,2026-08-10 04:02:52,2026-08-10,15.6,24.0,62.0
SEN007,2026-01-03 15:32:14,2026-01-03,18.5,,
SEN026,2026-03-31 09:39:39,2026-03-31,39.39,44.7,68.0
SEN030,2026-08-25 06:45:59,2026-08-25,29.4,15.75,62.0
SEN019,2026-06-21 10:46:14,2026-06-21,37.5,,44.0
SEN006,2026-04-06 05:42:49,2026-04-06,28.72,,69.0
SEN040,2026-08-06 13:24:36,2026-08-06,15.22,,52.0
SEN026,2026-04-27 00:28:45,2026-04-27,20.0,,41.0
SEN044,2026-04-04 11:20:21,2026-04-04,25.6,36.83,
SEN050,2026-05-14 05:50:08,2026-05-14,34.0,0.2,35.0
SEN043,2026-03-11 12:44:45,2026-03-11,26.6,44.5,85.0
SEN007,2026-04-08 11:17:17,2026-04-08,29.28,40.3,41.0
UNKNOWN,2026-03-03 05:46:07,2026-03-03,21.2,49.02,36.0
SEN021,2026-05-28 06:08:56,2026-05-28,36.2,24.2,
SEN010,2026-03-24 02:53:50,2026-03-24,26.61,26.92,71.0
SEN040,2026-02-26 12:36:04,2026-02-26,28.11,6.9,74.0
SEN017,2026-07-29 10:29:44,2026-07-29,29.11,,
SEN009,2026-01-22 22:02:38,2026-01-22,36.5,28.0,74.0
SEN020,2026-03-10 16:57:24,2026-03-10,27.6,25.2,69.0
SEN027,2026-04-24 23:00:31,2026-04-24,22.28,21.1,
SEN006,2026-04-08 13:41:38,2026-04-08,17.4,8.1,
SEN006,2026-04-06 00:39:17,2026-04-06,25.4,3.3,33.0
SEN032,2026-03-18 02:37:44,2026-03-18,25.78,48.3,68.0
SEN036,2026-05-30 21:42:05,2026-05-30,29.9,46.9,64.0
SEN036,2026-02-03 18:56:58,2026-02-03,23.2,24.1,61.0
SEN003,2026-02-08 01:59:57,2026-02-08,33.0,11.43,76.0
SEN037,2026-02-23 06:35:25,2026-02-23,17.1,,30.0
SEN024,2026-04-20 20:32:09,2026-04-20,18.3,49.78,39.0
SEN023,2026-01-27 05:06:33,2026-01-27,25.22,32.51,70.0
SEN011,2026-09-06 02:31:09,2026-09-06,28.1,37.6,62.0
SEN032,2026-04-23 18:19:53,2026-04-23,17.6,38.0,32.0
SEN035,2026-07-22 04:09:46,2026-07-22,31.9,25.2,87.0
SEN027,2026-08-09 01:05:29,2026-08-09,26.39,46.8,45.0
SEN038,2026-01-02 10:21:12,2026-01-02,27.8,22.86,42.0
SEN017,2026-07-19 07:52:37,2026-07-19,15.28,23.9,53.0
SEN031,2026-08-11 00:44:20,2026-08-11,36.3,16.0,54.0
SEN019,2026-05-29 20:22:28,2026-05-29,23.22,23.88,
UNKNOWN,2026-08-27 04:35:33,2026-08-27,29.28,32.9,82.0
UNKNOWN,2026-04-23 18:38:30,2026-04-23,35.1,32.0,30.0
SEN015,2026-04-29 22:26:28,2026-04-29,23.39,13.2,57.0
SEN047,2026-04-30 04:58:58,2026-04-30,16.39,37.1,79.0
SEN043,2026-07-06 01:02:25,2026-07-06,26.2,,62.0
SEN045,2026-01-27 10:02:26,2026-01-27,23.72,7.87,51.0
UNKNOWN,2026-01-17 17:21:25,2026-01-17,23.39,42.0,
SEN008,2026-02-18 07:23:12,2026-02-18,20.5,32.8,
SEN024,2026-04-07 04:06:10,2026-04-07,35.9,,84.0
SEN003,2026-07-07 08:45:07,2026-07-07,16.5,,52.0
UNKNOWN,2026-01-11 08:02:40,2026-01-11,16.72,28.45,94.0
UNKNOWN,2026-07-06 03:53:47,2026-07-06,34.11,,57.0
SEN037,2026-02-04 03:22:00,2026-02-04,17.9,,68.0
SEN049,2026-01-01 20:18:30,2026-01-01,39.8,29.3,
SEN050,2026-03-12 04:52:23,2026-03-12,32.8,26.7,79.0
SEN011,2026-05-25 12:47:14,2026-05-25,35.61,4.8,44.0
SEN050,2026-05-10 04:05:39,2026-05-10,18.78,43.9,45.0
SEN022,2026-01-25 13:37:31,2026-01-25,38.78,32.8,33.0
SEN032,2026-06-12 04:07:00,2026-06-12,36.5,19.5,35.0
SEN044,2026-09-09 09:26:19,2026-09-09,25.3,41.3,67.0
SEN023,2026-02-22 13:04:01,2026-02-22,37.9,27.1,69.0
SEN015,2026-04-21 12:05:19,2026-04-21,18.9,18.8,67.0
SEN044,2026-05-03 05:08:01,2026-05-03,31.5,,32.0
SEN008,2026-06-07 20:53:20,2026-06-07,17.8,1.4,42.0
SEN007,2026-05-13 07:43:32,2026-05-13,35.89,14.1,65.0
SEN045,2026-03-05 07:58:52,2026-03-05,19.11,26.5,80.0
SEN042,2026-08-03 09:04:22,2026-08-03,28.2,41.4,
SEN046,2026-05-29 10:23:58,2026-05-29,19.89,48.1,37.0
SEN025,2026-05-26 06:32:30,2026-05-26,33.22,,94.0
SEN035,2026-03-02 10:16:24,2026-03-02,32.61,14.99,35.0
SEN005,2026-08-23 23:32:35,2026-08-23,23.8,,72.0
UNKNOWN,2026-09-08 03:38:53,2026-09-08,21.22,38.6,36.0
SEN025,2026-01-09 21:40:52,2026-01-09,28.3,9.2,71.0
UNKNOWN,2026-06-25 18:30:53,2026-06-25,21.6,,58.0
SEN042,2026-02-01 12:19:47,2026-02-01,17.8,26.16,75.0
SEN007,2026-07-11 10:17:48,2026-07-11,26.1,,86.0
SEN024,2026-05-06 02:52:11,2026-05-06,19.89,26.0,93.0
SEN004,2026-06-20 06:20:53,2026-06-20,26.2,6.2,49.0
SEN035,2026-01-03 05:28:43,2026-01-03,26.22,31.24,83.0
SEN031,2026-07-26 03:42:45,2026-07-26,17.6,11.68,89.0
SEN042,2026-06-13 23:33:00,2026-06-13,28.4,32.0,35.0
SEN025,2026-09-06 07:28:27,2026-09-06,29.0,32.4,41.0
SEN031,2026-04-16 02:15:59,2026-04-16,16.28,9.14,76.0
SEN017,2026-07-07 22:24:03,2026-07-07,29.22,28.8,55.0
SEN010,2026-09-09 12:08:41,2026-09-09,36.4,42.6,89.0
SEN047,2026-06-14 08:12:25,2026-06-14,24.1,42.2,41.0
SEN042,2026-03-30 00:00:00,2026-03-30,33.4,,
SEN044,2026-04-01 03:38:41,2026-04-01,24.78,6.3,95.0
SEN046,2026-09-06 02:17:54,2026-09-06,19.39,6.9,53.0
SEN019,2026-01-31 18:05:47,2026-01-31,17.8,2.6,86.0
SEN044,2026-04-15 17:46:06,2026-04-15,31.7,,76.0
SEN021,2026-01-11 04:50:50,2026-01-11,15.9,45.0,
SEN017,2026-02-07 03:32:10,2026-02-07,24.4,34.3,89.0
SEN047,2026-01-19 06:56:14,2026-01-19,25.4,44.9,64.0
SEN019,2026-05-26 06:30:07,2026-05-26,15.22,25.7,45.0
SEN028,2026-06-29 11:21:29,2026-06-29,31.72,35.6,74.0
SEN007,2026-01-18 13:41:36,2026-01-18,23.89,48.77,94.0
SEN028,2026-02-03 03:38:18,2026-02-03,39.7,,55.0
SEN017,2026-04-28 05:09:41,2026-04-28,24.8,35.2,43.0
SEN024,2026-06-15 06:01:34,2026-06-15,35.72,32.77,32.0
SEN034,2026-08-25 07:23:19,2026-08-25,27.11,2.6,73.0
SEN046,2026-04-09 14:11:51,2026-04-09,21.4,6.35,77.0
SEN042,2026-08-03 01:57:34,2026-08-03,21.3,5.1,83.0
SEN030,2026-03-24 07:59:48,2026-03-24,36.1,45.21,87.0
SEN002,2026-07-12 08:57:09,2026-07-12,30.11,37.34,
SEN008,2026-02-07 20:33:16,2026-02-07,21.7,38.1,61.0
SEN032,2026-08-02 20:17:06,2026-08-02,24.11,3.4,73.0
SEN021,2026-02-25 03:45:38,2026-02-25,22.3,37.34,61.0
SEN014,2026-06-11 23:49:10,2026-06-11,24.3,49.02,45.0
SEN026,2026-03-13 08:02:34,2026-03-13,34.2,9.91,78.0
SEN014,2026-02-05 02:42:11,2026-02-05,28.78,36.3,76.0
SEN008,2026-06-08 02:42:42,2026-06-08,33.6,9.3,79.0
SEN036,2026-05-06 00:28:49,2026-05-06,22.1,14.2,94.0
UNKNOWN,2026-07-21 20:10:56,2026-07-21,38.7,24.38,83.0
SEN008,2026-06-12 20:43:08,2026-06-12,26.3,16.1,42.0
SEN023,2026-06-21 07:39:30,2026-06-21,38.8,36.83,43.0
SEN040,2026-06-11 09:34:20,2026-06-11,23.4,27.18,48.0
SEN028,2026-03-30 06:43:00,2026-03-30,32.0,39.4,64.0
SEN011,2026-01-29 01:58:53,2026-01-29,33.72,26.6,
UNKNOWN,2026-03-04 07:04:50,2026-03-04,28.5,13.6,78.0
SEN010,2026-05-04 19:16:00,2026-05-04,32.39,16.9,49.0
SEN003,2026-01-05 06:42:07,2026-01-05,22.7,13.2,81.0
SEN024,2026-08-06 18:27:28,2026-08-06,26.61,10.6,61.0
SEN032,2026-04-05 01:33:41,2026-04-05,28.5,22.61,
SEN038,2026-02-22 15:35:15,2026-02-22,22.61,31.6,41.0
SEN008,2026-01-07 02:50:48,2026-01-07,15.4,47.7,70.0
SEN004,2026-09-01 01:53:16,2026-09-01,23.6,11.68,30.0
SEN033,2026-08-02 23:23:26,2026-08-02,17.11,31.6,35.0
SEN009,2026-08-16 02:05:43,2026-08-16,17.8,39.2,83.0
SEN014,2026-02-15 08:27:32,2026-02-15,20.0,5.08,43.0
SEN038,2026-02-12 03:13:17,2026-02-12,34.11,15.75,54.0
SEN032,2026-08-12 05:24:10,2026-08-12,22.0,24.0,53.0
SEN012,2026-03-04 01:29:44,2026-03-04,30.1,24.2,80.0
SEN019,2026-02-19 11:52:31,2026-02-19,22.61,25.7,
UNKNOWN,2026-07-10 19:50:11,2026-07-10,35.89,29.21,77.0
SEN015,2026-06-23 14:53:58,2026-06-23,30.3,11.0,79.0
SEN007,2026-08-29 03:43:21,2026-08-29,19.22,3.56,46.0
UNKNOWN,2026-05-01 09:49:57,2026-05-01,39.3,14.4,
SEN010,2026-04-06 09:09:43,2026-04-06,30.72,29.46,72.0
SEN024,2026-04-08 17:58:08,2026-04-08,24.1,49.4,55.0
SEN044,2026-09-01 18:58:28,2026-09-01,19.22,20.83,51.0
SEN033,2026-03-30 19:22:55,2026-03-30,38.6,34.9,30.0
SEN050,2026-03-05 12:37:01,2026-03-05,36.0,,69.0
SEN010,2026-09-05 19:40:33,2026-09-05,24.72,3.5,77.0
SEN013,2026-05-05 02:37:43,2026-05-05,26.4,43.94,77.0
SEN036,2026-05-19 08:57:00,2026-05-19,35.2,9.9,
SEN008,2026-04-28 02:43:27,2026-04-28,33.11,22.86,57.0
SEN032,2026-05-04 17:11:22,2026-05-04,29.78,43.9,77.0
SEN023,2026-07-08 12:05:49,2026-07-08,40.0,18.9,90.0
SEN003,2026-01-19 04:02:02,2026-01-19,28.89,29.5,52.0
SEN026,2026-02-27 18:24:16,2026-02-27,17.39,5.0,86.0
SEN018,2026-03-04 04:21:49,2026-03-04,22.0,3.2,35.0
SEN018,2026-04-15 15:23:27,2026-04-15,31.9,46.1,41.0
SEN029,2026-03-01 01:07:00,2026-03-01,37.7,7.3,95.0
UNKNOWN,2026-04-25 04:31:00,2026-04-25,37.5,27.43,57.0
SEN006,2026-08-23 23:41:37,2026-08-23,27.4,16.0,58.0
SEN001,2026-01-25 21:49:42,2026-01-25,15.39,,
SEN016,2026-01-23 14:49:03,2026-01-23,20.6,41.15,43.0
SEN018,2026-08-25 05:07:35,2026-08-25,25.3,11.7,92.0
SEN035,2026-07-20 10:43:57,2026-07-20,25.78,33.02,61.0
SEN039,2026-02-07 04:17:21,2026-02-07,39.9,0.4,45.0
SEN016,2026-09-09 00:06:30,2026-09-09,29.0,33.9,42.0
SEN011,2026-07-03 17:11:12,2026-07-03,36.11,7.7,58.0
SEN005,2026-03-28 23:51:10,2026-03-28,19.0,3.81,52.0
SEN046,2026-05-03 05:53:00,2026-05-03,30.28,39.4,84.0
SEN014,2026-06-20 11:10:38,2026-06-20,26.4,12.19,33.0
SEN016,2026-01-19 05:50:18,2026-01-19,31.72,0.9,33.0
SEN034,2026-03-20 21:18:31,2026-03-20,18.2,38.7,36.0
SEN037,2026-08-06 02:13:55,2026-08-06,21.9,14.99,51.0
SEN028,2026-05-16 20:49:59,2026-05-16,24.39,30.4,38.0
SEN022,2026-04-12 22:01:53,2026-04-12,20.89,27.8,63.0
SEN003,2026-09-03 14:20:14,2026-09-03,36.8,22.61,60.0
SEN033,2026-04-07 07:01:59,2026-04-07,16.2,39.37,35.0
SEN008,2026-05-10 05:30:05,2026-05-10,29.39,26.92,37.0
SEN025,2026-02-12 04:05:48,2026-02-12,16.3,24.7,76.0
SEN020,2026-08-04 10:19:13,2026-08-04,33.72,22.0,52.0
SEN028,2026-07-30 10:05:00,2026-07-30,23.5,,44.0
SEN010,2026-06-02 15:57:20,2026-06-02,29.0,37.8,50.0
SEN028,2026-07-13 03:14:37,2026-07-13,35.11,43.1,81.0
SEN038,2026-06-19 02:45:53,2026-06-19,37.22,15.75,86.0
SEN017,2026-02-04 07:48:05,2026-02-04,17.3,,39.0
SEN031,2026-04-24 07:49:15,2026-04-24,16.7,38.6,91.0
SEN009,2026-05-12 17:42:59,2026-05-12,31.8,5.6,33.0
SEN008,2026-06-26 14:37:52,2026-06-26,34.9,22.35,57.0
SEN006,2026-05-12 16:37:16,2026-05-12,31.2,9.65,62.0
SEN018,2026-03-04 21:45:41,2026-03-04,18.6,26.92,66.0
SEN019,2026-05-01 19:12:48,2026-05-01,25.28,0.7,35.0
SEN030,2026-01-20 01:46:00,2026-01-20,20.1,37.3,60.0
SEN009,2026-01-08 02:02:40,2026-01-08,37.89,,46.0
SEN049,2026-07-06 21:22:29,2026-07-06,28.8,40.2,85.0
SEN046,2026-05-15 12:35:34,2026-05-15,32.3,37.59,93.0
SEN032,2026-04-28 20:09:05,2026-04-28,23.6,3.6,89.0
SEN011,2026-08-04 23:50:56,2026-08-04,31.2,28.19,31.0
SEN032,2026-01-30 13:11:00,2026-01-30,26.3,26.4,59.0
SEN035,2026-08-17 03:25:24,2026-08-17,26.89,5.6,95.0
SEN006,2026-06-11 16:25:54,2026-06-11,18.2,,30.0
SEN050,2026-02-01 11:20:59,2026-02-01,16.89,20.32,31.0
SEN023,2026-08-25 11:44:57,2026-08-25,36.5,,57.0
SEN048,2026-04-19 23:28:59,2026-04-19,17.22,0.6,31.0
UNKNOWN,2026-08-09 12:58:22,2026-08-09,32.1,4.4,
SEN040,2026-06-02 10:17:22,2026-06-02,23.61,9.4,79.0
SEN027,2026-05-11 05:14:26,2026-05-11,24.7,,55.0
SEN001,2026-03-02 15:19:25,2026-03-02,21.1,21.1,49.0
SEN004,2026-02-05 13:32:00,2026-02-05,39.61,49.4,65.0
SEN041,2026-01-08 10:53:00,2026-01-08,24.0,4.06,58.0
SEN019,2026-08-22 11:39:38,2026-08-22,15.0,40.39,
SEN041,2026-03-06 05:01:15,2026-03-06,37.2,,61.0
SEN041,2026-08-24 10:55:11,2026-08-24,35.28,46.8,94.0
SEN043,2026-03-28 00:00:00,2026-03-28,16.0,34.6,
SEN048,2026-02-19 17:34:18,2026-02-19,16.72,6.7,57.0
SEN023,2026-08-28 13:59:31,2026-08-28,16.4,25.91,86.0
SEN050,2026-07-17 23:44:25,2026-07-17,22.78,3.56,48.0
SEN003,2026-07-10 00:32:06,2026-07-10,38.2,,78.0
SEN049,2026-03-12 14:11:14,2026-03-12,38.89,,78.0
SEN020,2026-05-27 02:15:02,2026-05-27,20.39,27.7,37.0
SEN006,2026-08-09 06:04:56,2026-08-09,31.11,44.5,31.0
SEN025,2026-02-10 14:36:32,2026-02-10,20.9,24.0,
SEN010,2026-04-19 18:51:05,2026-04-19,38.28,20.3,43.0
SEN013,2026-04-27 17:07:03,2026-04-27,25.1,49.53,46.0
SEN016,2026-06-25 13:45:21,2026-06-25,20.2,34.8,54.0
SEN013,2026-04-03 06:22:19,2026-04-03,22.8,24.2,56.0
SEN010,2026-08-15 14:43:11,2026-08-15,31.3,24.4,83.0
SEN001,2026-04-09 03:10:29,2026-04-09,27.22,17.0,47.0
SEN022,2026-03-24 22:53:56,2026-03-24,36.5,18.54,60.0
SEN025,2026-07-20 15:39:50,2026-07-20,19.3,31.1,90.0
SEN050,2026-03-02 23:17:28,2026-03-02,32.2,33.78,63.0
SEN039,2026-03-29 01:31:33,2026-03-29,22.7,30.0,57.0
SEN039,2026-05-28 08:53:04,2026-05-28,24.78,13.97,36.0
SEN008,2026-08-15 18:20:52,2026-08-15,24.61,34.54,
SEN014,2026-01-23 22:49:16,2026-01-23,15.9,25.1,61.0
SEN001,2026-05-27 02:11:00,2026-05-27,23.11,13.7,44.0
SEN007,2026-08-22 23:37:53,2026-08-22,38.2,34.8,39.0
SEN013,2026-06-09 08:50:19,2026-06-09,38.2,39.7,40.0
SEN043,2026-07-28 07:47:09,2026-07-28,31.5,27.18,42.0
SEN007,2026-05-14 14:15:47,2026-05-14,33.5,11.3,52.0
SEN041,2026-08-17 06:02:20,2026-08-17,19.0,2.03,32.0
SEN040,2026-04-16 13:29:01,2026-04-16,19.4,,94.0
SEN044,2026-02-01 01:15:22,2026-02-01,26.2,39.9,70.0
SEN050,2026-05-30 18:19:52,2026-05-30,16.22,9.0,47.0
SEN035,2026-02-13 18:17:05,2026-02-13,25.28,,
SEN019,2026-03-05 15:27:19,2026-03-05,39.39,9.7,94.0
SEN015,2026-01-14 06:52:03,2026-01-14,37.3,4.5,38.0
SEN036,2026-06-30 01:50:06,2026-06-30,29.8,4.9,48.0
SEN045,2026-04-06 01:10:03,2026-04-06,23.1,33.78,88.0
SEN012,2026-06-15 06:25:02,2026-06-15,36.0,5.3,46.0
SEN025,2026-03-22 22:35:10,2026-03-22,39.0,8.13,89.0
SEN039,2026-02-27 17:19:06,2026-02-27,33.5,46.1,60.0
SEN013,2026-04-12 22:45:37,2026-04-12,20.61,6.35,66.0
SEN036,2026-07-07 05:09:45,2026-07-07,20.39,16.7,63.0
SEN028,2026-08-01 02:46:50,2026-08-01,21.8,36.8,85.0
SEN006,2026-08-12 13:33:37,2026-08-12,37.22,19.81,56.0
SEN009,2026-02-02 19:02:47,2026-02-02,18.2,43.94,95.0
SEN033,2026-03-25 10:53:17,2026-03-25,21.9,28.45,39.0
SEN033,2026-01-08 01:09:02,2026-01-08,17.2,39.1,92.0
SEN026,2026-07-12 12:45:00,2026-07-12,26.28,,47.0
SEN040,2026-04-30 06:22:21,2026-04-30,17.61,,95.0
SEN025,2026-07-11 02:29:45,2026-07-11,34.9,39.1,32.0
SEN031,2026-02-19 23:11:48,2026-02-19,21.7,0.4,73.0
SEN042,2026-02-03 03:26:33,2026-02-03,39.89,32.26,41.0
SEN042,2026-02-16 03:26:00,2026-02-16,23.11,43.6,46.0
SEN012,2026-09-03 05:46:27,2026-09-03,32.11,23.3,
SEN022,2026-05-17 16:40:28,2026-05-17,18.2,43.0,76.0
SEN005,2026-02-11 20:03:27,2026-02-11,27.2,19.2,78.0
SEN003,2026-03-25 08:47:41,2026-03-25,27.5,48.2,74.0
SEN029,2026-02-23 00:24:49,2026-02-23,24.72,,76.0
UNKNOWN,2026-02-24 03:26:35,2026-02-24,34.61,34.04,
SEN050,2026-02-16 07:26:30,2026-02-16,18.28,18.03,67.0
SEN027,2026-01-10 06:21:11,2026-01-10,17.6,47.8,57.0
SEN003,2026-02-28 07:41:16,2026-02-28,28.78,32.0,56.0
SEN038,2026-06-16 18:38:29,2026-06-16,23.1,41.4,45.0
SEN014,2026-02-22 17:03:46,2026-02-22,37.0,21.0,80.0
SEN004,2026-01-04 02:53:17,2026-01-04,25.9,,62.0
SEN011,2026-08-29 12:11:00,2026-08-29,32.2,26.16,
SEN027,2026-08-29 23:45:08,2026-08-29,23.89,,61.0
SEN010,2026-05-23 18:16:49,2026-05-23,31.5,25.4,31.0
UNKNOWN,2026-03-14 18:27:20,2026-03-14,31.9,38.1,
SEN039,2026-07-01 15:32:06,2026-07-01,21.5,,58.0
SEN036,2026-08-24 11:37:32,2026-08-24,30.5,47.5,
SEN036,2026-02-26 17:09:00,2026-02-26,28.1,4.0,55.0
SEN039,2026-03-04 06:43:52,2026-03-04,22.72,26.92,91.0
SEN027,2026-03-19 21:04:25,2026-03-19,20.39,18.1,94.0
SEN036,2026-06-09 11:47:17,2026-06-09,21.5,9.4,60.0
SEN034,2026-01-07 01:59:00,2026-01-07,36.89,,32.0
SEN048,2026-04-03 08:24:56,2026-04-03,33.0,32.7,50.0
SEN046,2026-08-07 01:13:04,2026-08-07,33.28,,58.0
SEN017,2026-08-31 08:38:00,2026-08-31,31.72,46.99,
SEN014,2026-08-30 21:00:00,2026-08-30,19.9,14.1,48.0
SEN040,2026-01-08 11:43:47,2026-01-08,39.11,11.94,77.0
SEN044,2026-01-19 06:04:25,2026-01-19,19.11,47.2,50.0
SEN030,2026-06-04 22:24:24,2026-06-04,39.28,46.9,70.0
SEN002,2026-01-08 10:25:08,2026-01-08,32.6,39.7,38.0
SEN023,2026-08-07 07:56:01,2026-08-07,32.89,,34.0
SEN006,2026-06-23 21:54:03,2026-06-23,27.5,27.4,85.0
SEN005,2026-05-25 03:12:08,2026-05-25,27.7,,60.0
SEN035,2026-05-05 18:19:18,2026-05-05,34.28,35.05,68.0
SEN007,2026-05-18 13:25:45,2026-05-18,16.7,38.0,64.0
SEN002,2026-05-26 01:51:34,2026-05-26,23.5,29.7,66.0
SEN010,2026-06-16 19:48:14,2026-06-16,23.9,30.7,95.0
SEN048,2026-01-13 21:57:08,2026-01-13,24.72,41.91,30.0
SEN016,2026-01-20 06:42:35,2026-01-20,28.5,9.5,74.0
SEN048,2026-06-18 00:41:28,2026-06-18,20.9,,88.0
SEN029,2026-01-31 11:09:21,2026-01-31,18.6,48.01,
SEN006,2026-09-07 10:00:02,2026-09-07,17.6,11.43,64.0
SEN033,2026-07-15 07:27:46,2026-07-15,31.4,,49.0
SEN047,2026-03-25 06:06:19,2026-03-25,30.6,48.51,
SEN048,2026-01-23 09:20:46,2026-01-23,31.78,29.2,83.0
SEN050,2026-06-13 14:15:59,2026-06-13,18.9,25.4,40.0
SEN036,2026-01-16 09:56:43,2026-01-16,30.2,48.01,55.0
SEN035,2026-07-20 22:49:00,2026-07-20,18.22,36.83,86.0
SEN034,2026-02-15 09:02:03,2026-02-15,36.28,11.18,
SEN017,2026-02-06 19:37:05,2026-02-06,22.8,41.0,31.0
SEN049,2026-07-13 13:36:00,2026-07-13,23.6,42.7,54.0
UNKNOWN,2026-04-22 17:48:35,2026-04-22,39.61,18.5,
SEN048,2026-05-29 03:55:01,2026-05-29,15.2,45.7,92.0
UNKNOWN,2026-03-11 07:56:00,2026-03-11,35.9,7.5,84.0
SEN027,2026-01-24 06:11:21,2026-01-24,30.5,18.03,77.0
SEN031,2026-08-15 14:46:43,2026-08-15,16.28,7.3,44.0
SEN001,2026-07-24 15:38:06,2026-07-24,21.0,9.9,92.0
SEN050,2026-06-09 15:41:52,2026-06-09,32.8,39.12,46.0
SEN015,2026-05-16 15:45:59,2026-05-16,24.8,6.9,54.0
SEN012,2026-06-06 15:01:28,2026-06-06,32.89,20.0,37.0
SEN015,2026-08-05 01:10:50,2026-08-05,27.39,42.7,57.0
SEN007,2026-03-05 19:36:43,2026-03-05,17.0,32.1,35.0
SEN012,2026-01-07 13:15:49,2026-01-07,29.7,49.9,70.0
SEN032,2026-03-07 21:29:46,2026-03-07,26.4,29.8,46.0
SEN044,2026-05-28 17:05:56,2026-05-28,29.5,1.8,53.0
UNKNOWN,2026-04-28 01:32:52,2026-04-28,17.8,,89.0
SEN021,2026-01-15 03:58:58,2026-01-15,18.78,32.2,83.0
SEN029,2026-01-17 00:51:03,2026-01-17,27.11,43.5,69.0
SEN036,2026-06-19 02:04:33,2026-06-19,32.6,21.8,90.0
SEN037,2026-05-16 05:03:15,2026-05-16,34.9,4.0,46.0
SEN006,2026-03-25 11:34:47,2026-03-25,39.0,29.8,49.0
SEN008,2026-05-18 12:55:00,2026-05-18,23.5,0.4,33.0
SEN032,2026-02-18 21:42:02,2026-02-18,24.9,22.8,56.0
SEN029,2026-02-27 18:07:01,2026-02-27,39.6,10.41,72.0
SEN038,2026-05-08 03:17:39,2026-05-08,22.39,,80.0
SEN040,2026-08-29 13:32:40,2026-08-29,33.2,45.4,85.0
SEN010,2026-02-27 00:15:08,2026-02-27,16.3,35.0,86.0
SEN041,2026-09-06 08:56:05,2026-09-06,16.89,23.6,49.0
SEN028,2026-01-27 06:14:42,2026-01-27,37.5,16.0,85.0
UNKNOWN,2026-07-14 12:52:44,2026-07-14,30.6,12.2,89.0
SEN013,2026-01-23 14:48:53,2026-01-23,18.6,40.4,75.0
SEN046,2026-04-13 18:12:50,2026-04-13,28.0,1.3,67.0
SEN017,2026-02-28 21:42:11,2026-02-28,35.8,,91.0
SEN038,2026-05-25 03:30:19,2026-05-25,15.8,4.83,32.0
UNKNOWN,2026-08-11 14:35:11,2026-08-11,36.6,4.8,49.0
SEN007,2026-04-16 01:45:49,2026-04-16,15.4,2.03,82.0
SEN010,2026-09-08 07:52:55,2026-09-08,35.61,33.53,
SEN021,2026-03-29 21:35:01,2026-03-29,39.4,0.4,72.0
UNKNOWN,2026-06-24 05:30:12,2026-06-24,24.72,,86.0
SEN014,2026-05-01 08:50:41,2026-05-01,23.9,11.5,39.0
SEN023,2026-05-24 17:22:59,2026-05-24,16.5,18.29,60.0
SEN050,2026-06-27 04:54:00,2026-06-27,29.72,,60.0
SEN011,2026-03-10 04:46:23,2026-03-10,18.28,19.6,90.0
SEN005,2026-07-28 11:45:47,2026-07-28,31.72,,91.0
UNKNOWN,2026-02-09 06:49:01,2026-02-09,31.8,4.3,60.0
SEN036,2026-07-30 15:48:16,2026-07-30,28.7,,68.0
SEN002,2026-08-04 12:55:08,2026-08-04,34.39,29.0,34.0
SEN033,2026-05-11 13:45:26,2026-05-11,39.39,37.8,49.0
SEN008,2026-05-03 20:40:26,2026-05-03,24.2,4.8,85.0
UNKNOWN,2026-05-20 18:03:14,2026-05-20,18.3,,91.0
SEN050,2026-02-26 14:53:25,2026-02-26,31.3,18.8,70.0
SEN014,2026-03-11 23:46:14,2026-03-11,30.4,0.1,94.0
SEN009,2026-09-02 19:05:14,2026-09-02,38.6,,65.0
SEN030,2026-04-24 17:00:42,2026-04-24,26.78,31.2,55.0
SEN038,2026-04-27 22:22:52,2026-04-27,37.9,38.61,70.0
SEN027,2026-01-10 17:24:09,2026-01-10,36.61,32.0,38.0
SEN011,2026-06-15 16:38:28,2026-06-15,23.2,37.9,49.0
SEN033,2026-06-24 12:16:27,2026-06-24,38.7,9.4,
SEN017,2026-01-06 05:07:35,2026-01-06,34.4,,34.0
SEN027,2026-05-14 08:26:25,2026-05-14,16.7,46.1,69.0
SEN049,2026-07-25 03:33:24,2026-07-25,36.0,9.7,73.0
SEN026,2026-09-03 00:00:00,2026-09-03,16.5,1.02,53.0
SEN014,2026-07-06 23:48:27,2026-07-06,28.1,,51.0
SEN034,2026-06-11 15:45:30,2026-06-11,17.28,40.2,78.0
SEN044,2026-07-30 12:47:53,2026-07-30,36.11,25.5,54.0
SEN019,2026-02-05 17:45:40,2026-02-05,30.72,45.5,33.0
SEN009,2026-06-23 15:36:14,2026-06-23,22.89,35.3,54.0
SEN024,2026-03-01 14:23:07,2026-03-01,29.9,38.8,35.0
SEN023,2026-07-14 00:00:00,2026-07-14,28.3,42.7,89.0
SEN048,2026-07-13 14:38:24,2026-07-13,17.11,40.0,80.0
SEN040,2026-03-03 17:44:08,2026-03-03,36.6,1.02,59.0
SEN010,2026-02-01 12:33:20,2026-02-01,18.6,,
SEN011,2026-04-24 11:21:09,2026-04-24,27.3,2.7,50.0
SEN009,2026-07-30 00:00:00,2026-07-30,19.7,1.52,71.0
SEN049,2026-03-09 05:10:32,2026-03-09,37.89,33.27,83.0
SEN013,2026-08-28 09:36:18,2026-08-28,21.39,13.3,88.0
SEN010,2026-05-02 22:18:09,2026-05-02,33.22,10.8,73.0
SEN005,2026-01-25 20:40:10,2026-01-25,17.6,11.68,94.0
SEN050,2026-04-17 07:49:08,2026-04-17,16.5,11.3,
SEN025,2026-08-03 06:04:14,2026-08-03,34.72,9.4,33.0
SEN043,2026-06-19 15:12:53,2026-06-19,22.22,,82.0
SEN040,2026-02-10 06:21:40,2026-02-10,20.8,4.5,
SEN037,2026-02-23 08:08:10,2026-02-23,34.72,23.6,88.0
SEN037,2026-03-17 16:41:33,2026-03-17,34.3,44.7,
SEN037,2026-02-02 04:23:17,2026-02-02,36.3,,
SEN005,2026-02-15 04:49:46,2026-02-15,27.22,43.9,77.0
SEN007,2026-03-04 10:40:11,2026-03-04,29.78,49.4,47.0
SEN023,2026-01-20 03:08:02,2026-01-20,34.7,,64.0
SEN008,2026-01-29 12:26:23,2026-01-29,22.3,1.0,38.0
SEN010,2026-01-18 13:35:39,2026-01-18,17.61,37.5,74.0
SEN027,2026-02-06 16:52:00,2026-02-06,35.11,39.5,45.0
SEN001,2026-04-30 18:24:22,2026-04-30,20.3,,
SEN008,2026-02-13 02:07:47,2026-02-13,16.5,6.8,83.0
SEN037,2026-02-06 11:29:32,2026-02-06,20.8,20.9,74.0
SEN030,2026-01-05 16:28:54,2026-01-05,17.5,3.4,53.0
SEN025,2026-03-12 07:09:47,2026-03-12,30.8,,56.0
SEN017,2026-07-04 06:40:00,2026-07-04,36.7,3.6,32.0
SEN028,2026-07-19 22:33:03,2026-07-19,22.4,26.67,53.0
SEN039,2026-08-10 17:48:27,2026-08-10,28.0,46.5,86.0
UNKNOWN,2026-02-14 21:40:10,2026-02-14,15.78,42.93,81.0
SEN006,2026-06-01 16:43:14,2026-06-01,34.61,,74.0
SEN021,2026-05-19 01:26:09,2026-05-19,31.7,48.1,83.0
SEN017,2026-01-03 06:15:58,2026-01-03,28.0,23.88,65.0
SEN049,2026-08-09 02:12:11,2026-08-09,23.6,38.1,59.0
SEN021,2026-04-08 04:17:10,2026-04-08,16.6,10.1,89.0
SEN006,2026-05-23 21:54:20,2026-05-23,34.4,26.92,76.0
SEN017,2026-04-13 22:54:10,2026-04-13,33.5,11.3,59.0
SEN029,2026-09-04 00:21:37,2026-09-04,37.4,30.1,58.0
SEN020,2026-09-09 01:40:48,2026-09-09,34.5,50.0,61.0
UNKNOWN,2026-02-27 12:17:52,2026-02-27,20.2,26.42,40.0
SEN018,2026-02-07 08:36:25,2026-02-07,26.3,4.57,36.0
SEN042,2026-05-25 05:06:44,2026-05-25,20.8,,32.0
SEN037,2026-01-30 10:54:54,2026-01-30,33.61,37.6,61.0
SEN017,2026-02-04 16:55:55,2026-02-04,34.8,10.92,83.0
SEN041,2026-06-05 05:46:14,2026-06-05,34.28,29.72,62.0
SEN006,2026-07-17 15:48:27,2026-07-17,27.5,32.3,34.0
SEN014,2026-04-12 03:55:58,2026-04-12,30.0,34.6,
SEN020,2026-04-24 03:38:34,2026-04-24,33.0,2.79,94.0
SEN045,2026-04-14 04:03:32,2026-04-14,28.3,24.1,48.0
SEN041,2026-02-20 13:08:08,2026-02-20,18.0,15.5,39.0
SEN005,2026-02-19 15:01:15,2026-02-19,20.0,,73.0
SEN011,2026-03-27 00:00:00,2026-03-27,33.2,,74.0
SEN028,2026-02-03 01:21:59,2026-02-03,25.72,42.5,77.0
SEN049,2026-09-08 09:19:15,2026-09-08,25.0,1.2,44.0
SEN028,2026-07-02 09:16:15,2026-07-02,35.28,15.2,35.0
SEN015,2026-03-14 07:15:50,2026-03-14,34.0,34.4,82.0
SEN002,2026-05-14 08:33:35,2026-05-14,18.7,,
SEN004,2026-02-13 04:34:06,2026-02-13,23.11,21.5,58.0
SEN030,2026-02-13 04:57:33,2026-02-13,30.7,29.3,85.0
SEN010,2026-02-15 11:46:52,2026-02-15,18.3,,68.0
SEN001,2026-05-08 13:58:00,2026-05-08,31.4,21.4,85.0
SEN044,2026-06-03 23:27:52,2026-06-03,17.4,,32.0
SEN048,2026-06-21 22:50:07,2026-06-21,24.78,30.9,
SEN018,2026-04-01 00:28:06,2026-04-01,29.89,12.8,91.0
SEN005,2026-08-25 09:42:55,2026-08-25,15.39,,80.0
SEN018,2026-07-10 13:46:41,2026-07-10,25.61,49.3,86.0
SEN037,2026-05-14 23:37:43,2026-05-14,20.5,17.5,75.0
SEN032,2026-07-24 07:14:39,2026-07-24,33.22,3.8,36.0
SEN013,2026-03-07 17:12:23,2026-03-07,34.5,,55.0
SEN043,2026-02-03 10:44:27,2026-02-03,39.3,11.7,82.0
SEN039,2026-01-18 06:12:25,2026-01-18,22.8,18.3,89.0
SEN006,2026-03-27 12:49:57,2026-03-27,32.78,,
SEN006,2026-03-01 06:18:16,2026-03-01,18.1,31.6,32.0
SEN020,2026-07-23 02:19:31,2026-07-23,34.8,28.19,53.0
SEN006,2026-03-24 06:58:26,2026-03-24,18.78,24.2,78.0
UNKNOWN,2026-03-27 08:01:57,2026-03-27,18.0,11.1,90.0
SEN046,2026-09-03 17:55:18,2026-09-03,28.0,10.0,
SEN018,2026-04-19 10:20:22,2026-04-19,31.72,35.4,45.0
SEN007,2026-06-03 13:07:25,2026-06-03,32.3,,72.0
SEN028,2026-08-14 01:50:58,2026-08-14,21.39,17.6,65.0
SEN025,2026-04-04 15:46:15,2026-04-04,28.11,5.5,83.0
SEN026,2026-01-25 01:53:43,2026-01-25,23.3,,64.0
SEN001,2026-03-19 17:08:33,2026-03-19,39.4,25.2,81.0
SEN048,2026-06-11 16:38:09,2026-06-11,33.5,,30.0
SEN030,2026-05-02 08:24:00,2026-05-02,27.78,44.4,86.0
SEN002,2026-02-13 05:43:40,2026-02-13,16.5,1.2,58.0
SEN034,2026-04-08 13:06:08,2026-04-08,18.5,40.8,91.0
SEN040,2026-04-26 12:18:41,2026-04-26,38.0,32.0,
UNKNOWN,2026-02-26 02:10:05,2026-02-26,33.2,10.2,53.0
SEN004,2026-01-20 15:09:14,2026-01-20,26.61,11.68,82.0
SEN041,2026-07-19 07:36:00,2026-07-19,29.78,,
SEN019,2026-03-30 16:54:08,2026-03-30,24.7,,76.0
SEN020,2026-07-07 13:08:51,2026-07-07,26.61,16.8,31.0
SEN032,2026-09-09 08:21:59,2026-09-09,36.3,0.7,37.0
SEN015,2026-08-30 20:42:30,2026-08-30,20.9,17.4,49.0
SEN016,2026-06-22 08:54:00,2026-06-22,20.4,15.6,56.0
SEN038,2026-05-08 20:37:08,2026-05-08,34.61,14.99,38.0
SEN023,2026-04-06 00:00:00,2026-04-06,27.5,3.3,94.0
SEN001,2026-08-14 04:41:28,2026-08-14,18.39,16.6,90.0
SEN021,2026-02-22 18:17:29,2026-02-22,19.4,32.9,94.0
SEN009,2026-05-13 21:00:48,2026-05-13,20.3,23.11,92.0
SEN021,2026-07-21 06:58:10,2026-07-21,17.11,,49.0
SEN013,2026-04-23 01:10:16,2026-04-23,29.89,19.1,78.0
SEN048,2026-03-26 15:17:20,2026-03-26,21.5,21.0,68.0
SEN031,2026-02-05 15:04:37,2026-02-05,27.72,17.53,72.0
SEN015,2026-01-29 07:39:21,2026-01-29,27.7,44.4,78.0
SEN004,2026-02-24 10:49:22,2026-02-24,37.6,36.07,78.0
SEN043,2026-01-26 09:43:55,2026-01-26,28.6,47.6,90.0
SEN008,2026-05-26 06:39:34,2026-05-26,31.2,42.42,45.0
SEN020,2026-04-04 23:50:15,2026-04-04,25.89,17.9,90.0
SEN042,2026-01-02 10:18:57,2026-01-02,33.72,40.2,89.0
SEN042,2026-01-08 03:26:53,2026-01-08,25.0,19.0,66.0
SEN015,2026-04-27 05:33:06,2026-04-27,33.1,13.72,
SEN046,2026-07-07 11:23:26,2026-07-07,25.28,,73.0
SEN026,2026-01-07 23:11:02,2026-01-07,38.0,25.1,93.0
SEN040,2026-06-26 02:07:53,2026-06-26,16.7,25.5,51.0
UNKNOWN,2026-04-03 17:22:09,2026-04-03,23.1,39.62,56.0
SEN005,2026-02-06 08:40:35,2026-02-06,31.2,47.5,73.0
SEN007,2026-01-24 05:09:40,2026-01-24,19.0,37.8,
SEN014,2026-02-05 19:31:27,2026-02-05,21.5,45.97,41.0
SEN039,2026-09-05 00:14:54,2026-09-05,30.5,27.18,41.0
SEN031,2026-04-05 03:31:01,2026-04-05,32.28,37.34,58.0
SEN029,2026-07-24 09:20:21,2026-07-24,38.28,9.1,64.0
SEN029,2026-04-12 00:06:32,2026-04-12,36.2,37.5,75.0
SEN008,2026-03-19 10:44:17,2026-03-19,31.7,22.3,72.0
SEN006,2026-05-18 15:43:09,2026-05-18,19.1,,77.0
UNKNOWN,2026-02-19 08:40:35,2026-02-19,16.78,26.9,58.0
SEN018,2026-05-27 22:35:25,2026-05-27,25.4,3.8,94.0
SEN019,2026-02-06 18:23:18,2026-02-06,39.61,26.1,53.0
SEN013,2026-06-05 03:15:37,2026-06-05,36.1,45.8,61.0
SEN033,2026-01-09 16:23:58,2026-01-09,21.5,15.75,32.0
SEN023,2026-08-05 02:50:46,2026-08-05,21.5,14.3,71.0
SEN034,2026-05-24 01:20:59,2026-05-24,30.3,45.47,83.0
SEN024,2026-02-01 16:12:50,2026-02-01,33.2,39.0,63.0
SEN030,2026-09-04 22:40:08,2026-09-04,15.11,,64.0
UNKNOWN,2026-06-21 09:07:58,2026-06-21,17.0,0.76,82.0
SEN014,2026-08-01 00:44:17,2026-08-01,35.39,29.46,91.0
SEN008,2026-03-30 21:54:24,2026-03-30,39.1,,48.0
UNKNOWN,2026-08-17 02:03:06,2026-08-17,15.9,42.2,58.0
SEN038,2026-01-05 02:28:23,2026-01-05,35.2,29.6,67.0
SEN024,2026-04-05 08:27:32,2026-04-05,39.1,11.43,54.0
SEN031,2026-03-06 17:15:50,2026-03-06,35.39,40.1,90.0
UNKNOWN,2026-02-17 07:14:29,2026-02-17,26.1,46.2,36.0
SEN023,2026-03-16 07:36:51,2026-03-16,30.8,19.2,80.0
SEN046,2026-01-25 21:20:29,2026-01-25,33.4,21.3,80.0
SEN014,2026-02-20 16:40:49,2026-02-20,23.1,,45.0
SEN046,2026-04-30 14:39:45,2026-04-30,32.6,26.6,31.0
UNKNOWN,2026-07-16 13:05:15,2026-07-16,35.22,,50.0
SEN024,2026-05-27 22:22:21,2026-05-27,17.3,14.22,95.0
UNKNOWN,2026-01-29 11:55:24,2026-01-29,30.39,14.2,43.0
SEN025,2026-05-16 00:00:00,2026-05-16,20.1,,79.0
SEN014,2026-07-03 08:22:17,2026-07-03,31.61,40.2,83.0
SEN017,2026-04-07 09:36:43,2026-04-07,17.7,31.24,72.0
SEN041,2026-04-17 08:45:20,2026-04-17,31.1,21.08,46.0
SEN022,2026-02-05 18:01:30,2026-02-05,32.39,,
SEN036,2026-05-25 04:56:08,2026-05-25,30.5,23.88,57.0
SEN050,2026-08-18 07:24:35,2026-08-18,16.1,,
SEN042,2026-03-27 18:34:10,2026-03-27,32.5,38.7,33.0
SEN036,2026-03-29 13:20:03,2026-03-29,31.89,5.1,87.0
SEN006,2026-03-27 12:27:52,2026-03-27,38.61,40.0,45.0
SEN042,2026-08-01 13:20:58,2026-08-01,21.0,0.9,78.0
SEN039,2026-03-09 12:23:37,2026-03-09,26.28,9.14,79.0
SEN036,2026-06-15 05:44:57,2026-06-15,23.9,2.7,37.0
SEN006,2026-03-08 23:33:14,2026-03-08,33.9,,63.0
SEN034,2026-06-09 04:41:35,2026-06-09,15.7,22.35,
SEN027,2026-08-10 14:30:10,2026-08-10,32.1,28.19,78.0
SEN029,2026-04-27 23:44:11,2026-04-27,18.9,,
SEN036,2026-06-06 16:59:57,2026-06-06,38.22,,57.0
SEN011,2026-03-15 01:33:00,2026-03-15,16.4,5.2,44.0
SEN016,2026-04-14 13:05:37,2026-04-14,15.5,21.84,69.0
SEN044,2026-03-07 01:04:15,2026-03-07,24.2,30.8,36.0
SEN039,2026-01-02 23:02:56,2026-01-02,21.89,43.18,73.0
SEN023,2026-08-20 17:11:33,2026-08-20,37.78,1.9,85.0
SEN029,2026-03-08 23:42:57,2026-03-08,22.2,33.02,68.0
SEN042,2026-05-31 01:47:18,2026-05-31,20.5,,34.0
SEN014,2026-05-19 10:18:00,2026-05-19,32.61,,33.0
SEN029,2026-04-09 11:20:41,2026-04-09,30.78,47.0,90.0
SEN050,2026-01-24 19:48:44,2026-01-24,21.7,49.2,63.0
SEN004,2026-04-18 09:04:47,2026-04-18,33.5,12.7,44.0
SEN013,2026-01-25 01:50:11,2026-01-25,16.39,48.0,
SEN004,2026-02-05 14:44:46,2026-02-05,30.2,30.8,58.0
SEN012,2026-02-07 10:13:38,2026-02-07,18.6,,
SEN021,2026-03-26 04:52:00,2026-03-26,31.6,18.29,65.0
SEN005,2026-06-07 19:07:15,2026-06-07,29.8,44.4,60.0
SEN037,2026-05-04 05:49:18,2026-05-04,27.8,41.66,58.0
SEN039,2026-06-07 17:21:54,2026-06-07,37.78,27.5,67.0
SEN050,2026-01-21 13:02:00,2026-01-21,20.8,25.8,74.0
SEN016,2026-06-29 04:34:53,2026-06-29,17.4,16.0,49.0
SEN043,2026-08-14 01:20:08,2026-08-14,16.28,,60.0
SEN043,2026-01-30 10:42:07,2026-01-30,25.0,29.7,94.0
SEN021,2026-01-24 00:12:25,2026-01-24,38.89,3.3,42.0
SEN030,2026-06-03 07:40:50,2026-06-03,17.4,28.3,56.0
SEN014,2026-03-27 08:55:44,2026-03-27,21.78,41.6,
SEN009,2026-06-11 20:20:25,2026-06-11,39.2,0.9,
SEN007,2026-09-06 21:30:18,2026-09-06,21.11,26.7,56.0
SEN029,2026-09-06 09:06:58,2026-09-06,16.1,42.2,
SEN044,2026-03-12 00:28:00,2026-03-12,23.4,24.2,50.0
SEN020,2026-06-12 13:27:03,2026-06-12,21.3,3.3,81.0
SEN005,2026-04-13 17:24:58,2026-04-13,31.0,46.3,81.0
UNKNOWN,2026-07-08 15:43:17,2026-07-08,36.7,10.2,64.0
SEN008,2026-05-13 21:58:59,2026-05-13,32.1,18.54,83.0
SEN050,2026-07-23 10:00:35,2026-07-23,35.3,,55.0
SEN014,2026-06-17 08:28:16,2026-06-17,37.2,25.2,37.0
SEN013,2026-03-07 17:35:00,2026-03-07,27.7,18.6,65.0
SEN012,2026-07-06 10:58:23,2026-07-06,34.28,23.62,
SEN018,2026-02-22 14:32:18,2026-02-22,37.5,15.6,44.0
SEN009,2026-09-05 21:38:08,2026-09-05,36.39,49.9,79.0
SEN044,2026-02-24 12:49:16,2026-02-24,23.5,17.3,47.0
SEN009,2026-08-10 00:24:53,2026-08-10,31.9,26.7,76.0
SEN044,2026-01-02 23:53:40,2026-01-02,31.8,18.54,42.0
SEN006,2026-01-15 17:00:03,2026-01-15,16.5,43.18,
SEN035,2026-03-07 11:04:01,2026-03-07,30.3,23.1,72.0
SEN039,2026-01-31 17:44:00,2026-01-31,35.9,19.7,35.0
SEN005,2026-02-13 21:04:15,2026-02-13,24.1,,39.0
SEN031,2026-02-09 20:24:59,2026-02-09,18.5,4.57,33.0
SEN001,2026-05-23 00:52:53,2026-05-23,20.3,32.5,30.0
SEN042,2026-06-06 10:34:43,2026-06-06,36.2,29.0,33.0
SEN012,2026-04-06 03:10:50,2026-04-06,20.5,2.2,68.0
SEN012,2026-06-24 23:24:57,2026-06-24,34.61,48.77,48.0
SEN007,2026-02-05 15:48:16,2026-02-05,34.5,28.9,93.0
SEN048,2026-03-18 18:39:06,2026-03-18,27.2,26.6,54.0
SEN026,2026-03-03 15:56:09,2026-03-03,21.2,23.4,49.0
SEN011,2026-02-22 02:19:46,2026-02-22,18.6,48.8,80.0
SEN036,2026-01-03 02:29:00,2026-01-03,22.3,29.9,
SEN032,2026-03-23 14:12:19,2026-03-23,21.7,18.9,91.0
SEN004,2026-01-15 21:12:23,2026-01-15,16.39,18.8,45.0
SEN006,2026-03-05 08:41:43,2026-03-05,36.9,34.6,43.0
SEN027,2026-04-19 22:21:00,2026-04-19,32.5,23.6,43.0
SEN004,2026-03-25 17:10:30,2026-03-25,25.72,39.12,74.0
SEN046,2026-04-01 10:13:50,2026-04-01,33.39,39.62,54.0
SEN040,2026-07-23 04:20:52,2026-07-23,33.39,37.5,65.0
SEN010,2026-08-05 12:28:00,2026-08-05,38.9,,57.0
SEN016,2026-06-29 18:16:56,2026-06-29,16.61,38.5,78.0
SEN002,2026-08-15 22:46:51,2026-08-15,23.7,45.7,79.0
SEN020,2026-03-03 08:32:27,2026-03-03,24.2,39.2,38.0
UNKNOWN,2026-09-06 02:37:35,2026-09-06,33.39,5.0,79.0
SEN001,2026-03-16 06:23:02,2026-03-16,21.7,,52.0
SEN021,2026-07-01 16:32:15,2026-07-01,15.39,16.0,30.0
SEN006,2026-06-23 00:23:25,2026-06-23,17.28,17.2,79.0
SEN017,2026-07-23 13:25:47,2026-07-23,21.0,15.8,86.0
SEN028,2026-08-21 08:45:02,2026-08-21,19.4,0.51,94.0
SEN037,2026-05-17 09:22:23,2026-05-17,20.8,34.29,39.0
SEN003,2026-05-15 01:59:57,2026-05-15,24.0,,72.0
SEN041,2026-07-09 20:59:07,2026-07-09,34.9,11.4,
SEN008,2026-08-03 23:30:33,2026-08-03,15.1,33.53,85.0
SEN008,2026-01-10 18:45:29,2026-01-10,28.72,38.2,72.0
SEN050,2026-06-01 07:13:36,2026-06-01,17.6,4.83,40.0
SEN043,2026-02-02 22:47:52,2026-02-02,29.11,16.0,85.0
UNKNOWN,2026-06-25 05:37:10,2026-06-25,16.0,,32.0
SEN014,2026-04-13 20:24:51,2026-04-13,18.0,45.2,87.0
SEN025,2026-07-30 13:47:42,2026-07-30,37.3,,89.0
SEN030,2026-05-15 17:12:49,2026-05-15,24.78,1.02,67.0
SEN029,2026-03-26 19:48:37,2026-03-26,33.9,,36.0
SEN009,2026-03-15 10:23:45,2026-03-15,28.7,45.72,35.0
SEN026,2026-03-06 07:33:45,2026-03-06,27.28,,67.0
SEN004,2026-04-18 01:49:15,2026-04-18,30.0,14.7,43.0
SEN032,2026-09-02 17:20:44,2026-09-02,30.2,27.43,30.0
SEN022,2026-05-21 00:40:15,2026-05-21,17.78,22.8,59.0
SEN048,2026-09-02 23:06:42,2026-09-02,37.0,36.5,54.0
SEN009,2026-03-29 10:32:25,2026-03-29,24.3,48.77,94.0
SEN014,2026-03-28 01:36:57,2026-03-28,31.3,44.5,88.0
SEN015,2026-01-01 08:55:49,2026-01-01,33.61,15.75,89.0
SEN031,2026-02-26 02:37:32,2026-02-26,24.5,23.88,77.0
SEN048,2026-08-29 02:58:22,2026-08-29,34.2,13.4,32.0
SEN010,2026-05-27 09:02:00,2026-05-27,17.1,5.3,52.0
SEN004,2026-05-30 08:44:00,2026-05-30,36.8,38.1,71.0
SEN002,2026-01-31 02:01:13,2026-01-31,15.78,,93.0
SEN019,2026-07-09 19:28:00,2026-07-09,35.8,23.1,64.0
UNKNOWN,2026-08-08 00:45:51,2026-08-08,27.28,32.2,73.0
SEN008,2026-02-12 19:12:25,2026-02-12,21.72,,37.0
SEN001,2026-06-18 10:44:00,2026-06-18,30.0,44.0,68.0
SEN025,2026-09-07 10:42:22,2026-09-07,19.6,22.2,82.0
SEN028,2026-04-29 15:44:16,2026-04-29,39.3,42.42,49.0
SEN036,2026-03-28 14:16:34,2026-03-28,32.89,,58.0
SEN019,2026-07-20 02:56:47,2026-07-20,28.5,35.3,44.0
SEN030,2026-02-13 19:53:00,2026-02-13,17.61,4.3,54.0
SEN009,2026-07-08 08:17:03,2026-07-08,40.0,,66.0
SEN046,2026-01-03 13:28:57,2026-01-03,27.5,34.0,40.0
SEN005,2026-06-14 09:06:00,2026-06-14,37.4,,
SEN021,2026-08-08 01:27:47,2026-08-08,28.7,,
SEN012,2026-05-06 16:33:36,2026-05-06,33.89,,
SEN028,2026-08-06 03:14:58,2026-08-06,36.3,17.6,62.0
SEN044,2026-04-25 14:30:18,2026-04-25,18.0,44.7,62.0
SEN007,2026-09-02 10:53:43,2026-09-02,39.5,40.9,49.0
SEN002,2026-06-03 05:48:11,2026-06-03,23.9,11.1,60.0
SEN003,2026-06-02 10:26:26,2026-06-02,21.5,43.0,62.0
SEN040,2026-09-06 09:59:22,2026-09-06,37.72,,82.0
SEN017,2026-01-15 15:12:23,2026-01-15,29.22,1.78,43.0
SEN050,2026-05-08 06:40:22,2026-05-08,16.5,,92.0
SEN035,2026-04-29 08:34:11,2026-04-29,20.11,46.3,87.0
SEN025,2026-03-07 05:44:58,2026-03-07,39.61,26.42,32.0
SEN041,2026-09-01 04:07:12,2026-09-01,33.2,48.3,33.0
UNKNOWN,2026-06-27 07:45:26,2026-06-27,18.8,13.2,86.0
SEN022,2026-04-18 09:01:08,2026-04-18,36.4,10.2,85.0
SEN012,2026-07-07 13:07:08,2026-07-07,26.28,2.03,86.0
SEN043,2026-08-11 10:11:26,2026-08-11,22.0,4.06,46.0
SEN016,2026-01-10 09:31:31,2026-01-10,15.1,0.2,63.0
SEN023,2026-05-02 00:00:00,2026-05-02,20.1,4.0,68.0
SEN019,2026-07-02 09:54:11,2026-07-02,23.4,42.9,34.0
SEN012,2026-04-03 02:45:56,2026-04-03,31.39,36.3,48.0
SEN026,2026-06-18 20:01:15,2026-06-18,25.4,,90.0
SEN012,2026-03-07 18:08:22,2026-03-07,24.3,7.6,
SEN033,2026-08-09 02:43:37,2026-08-09,17.4,13.2,
SEN027,2026-06-11 03:27:14,2026-06-11,21.72,3.1,40.0
SEN028,2026-08-25 07:22:49,2026-08-25,16.11,12.95,40.0
SEN038,2026-01-31 04:45:34,2026-01-31,23.39,45.3,58.0
SEN018,2026-08-11 06:57:33,2026-08-11,27.5,35.31,
SEN017,2026-02-27 03:16:10,2026-02-27,32.22,16.5,53.0
SEN032,2026-02-07 21:02:33,2026-02-07,15.7,30.0,34.0
SEN048,2026-02-28 01:58:29,2026-02-28,29.4,49.1,44.0
UNKNOWN,2026-07-06 23:14:40,2026-07-06,30.5,20.4,89.0
SEN024,2026-05-06 16:56:50,2026-05-06,17.3,30.99,90.0
SEN022,2026-03-29 08:08:43,2026-03-29,30.4,14.99,64.0
SEN021,2026-01-14 14:49:32,2026-01-14,28.78,30.73,
SEN043,2026-03-23 05:34:00,2026-03-23,30.5,0.76,52.0
SEN040,2026-02-15 02:38:07,2026-02-15,32.39,20.9,53.0
SEN017,2026-03-20 00:24:45,2026-03-20,39.89,26.4,30.0
SEN014,2026-07-29 07:04:12,2026-07-29,15.11,26.4,58.0
SEN016,2026-07-16 06:20:08,2026-07-16,36.78,38.1,59.0
SEN020,2026-05-10 15:54:10,2026-05-10,34.61,,80.0
SEN032,2026-08-17 21:05:24,2026-08-17,19.6,2.2,56.0
SEN039,2026-06-15 02:25:40,2026-06-15,36.0,6.35,42.0
SEN023,2026-03-19 20:01:04,2026-03-19,15.5,11.2,48.0
SEN012,2026-03-31 01:48:36,2026-03-31,22.11,42.3,
SEN017,2026-04-27 13:43:12,2026-04-27,24.61,5.08,
SEN017,2026-08-13 04:17:12,2026-08-13,39.6,18.29,
SEN017,2026-02-24 13:21:45,2026-02-24,19.89,16.9,69.0
SEN005,2026-01-03 21:31:42,2026-01-03,17.7,1.27,55.0
SEN012,2026-07-08 22:12:43,2026-07-08,29.11,44.3,40.0
SEN006,2026-02-13 09:02:28,2026-02-13,17.4,,
SEN025,2026-05-22 21:45:30,2026-05-22,17.0,5.0,88.0
SEN032,2026-05-26 02:17:27,2026-05-26,31.4,34.4,71.0
SEN041,2026-05-13 13:54:49,2026-05-13,32.1,14.22,69.0
SEN001,2026-06-02 06:16:17,2026-06-02,28.9,,82.0
SEN042,2026-05-25 09:00:53,2026-05-25,28.28,5.1,91.0
SEN045,2026-01-27 05:04:31,2026-01-27,31.9,43.69,31.0
SEN038,2026-03-08 19:26:30,2026-03-08,22.7,28.7,83.0
SEN046,2026-01-11 15:58:45,2026-01-11,17.11,17.27,79.0
SEN004,2026-03-26 03:40:37,2026-03-26,34.11,,38.0
SEN014,2026-09-04 08:07:20,2026-09-04,28.4,17.02,84.0
SEN033,2026-06-26 04:49:25,2026-06-26,30.6,33.4,77.0
SEN046,2026-03-10 09:44:37,2026-03-10,35.4,3.2,49.0
SEN003,2026-07-21 00:28:34,2026-07-21,18.11,4.57,
SEN046,2026-01-22 08:30:17,2026-01-22,37.1,2.79,90.0
SEN008,2026-04-07 00:12:31,2026-04-07,18.5,15.6,86.0
SEN011,2026-02-16 08:26:37,2026-02-16,22.5,10.2,36.0
SEN013,2026-04-07 07:57:56,2026-04-07,23.72,50.04,30.0
SEN020,2026-08-25 16:06:35,2026-08-25,30.8,15.3,
SEN026,2026-02-04 15:01:42,2026-02-04,28.5,49.9,94.0
SEN030,2026-09-09 03:30:28,2026-09-09,26.78,32.26,84.0
SEN041,2026-05-04 23:57:57,2026-05-04,30.1,38.8,36.0
UNKNOWN,2026-03-22 06:38:01,2026-03-22,30.9,45.7,
SEN010,2026-04-05 06:50:37,2026-04-05,35.61,,50.0
SEN014,2026-03-18 03:03:13,2026-03-18,22.5,4.9,92.0
SEN012,2026-07-04 20:14:09,2026-07-04,16.78,,74.0
SEN018,2026-02-21 13:21:00,2026-02-21,39.6,48.9,53.0
SEN020,2026-01-16 04:27:00,2026-01-16,23.89,28.4,42.0
SEN010,2026-01-19 04:04:00,2026-01-19,27.3,13.8,32.0
SEN020,2026-08-26 08:59:02,2026-08-26,27.5,,82.0
SEN002,2026-09-04 14:09:04,2026-09-04,29.7,20.6,51.0
SEN017,2026-04-10 23:01:54,2026-04-10,18.78,46.1,31.0
SEN025,2026-01-20 09:00:47,2026-01-20,32.22,,87.0
SEN001,2026-08-21 19:15:40,2026-08-21,30.1,9.91,88.0
UNKNOWN,2026-07-23 22:25:56,2026-07-23,32.6,40.7,81.0
SEN001,2026-04-30 06:44:23,2026-04-30,38.8,48.77,60.0
SEN025,2026-06-19 15:17:43,2026-06-19,18.61,14.1,64.0
SEN031,2026-06-25 22:44:28,2026-06-25,16.22,43.0,
SEN036,2026-04-23 07:48:21,2026-04-23,34.6,40.3,66.0
SEN019,2026-04-23 20:47:00,2026-04-23,33.61,12.2,
SEN006,2026-03-16 22:39:29,2026-03-16,22.0,5.7,49.0
SEN037,2026-04-29 08:45:33,2026-04-29,38.7,16.0,55.0
SEN019,2026-07-07 18:54:11,2026-07-07,30.1,7.7,38.0
UNKNOWN,2026-05-22 16:32:42,2026-05-22,18.39,,68.0
SEN040,2026-03-17 06:17:52,2026-03-17,20.0,,85.0
SEN002,2026-02-10 00:36:32,2026-02-10,19.89,2.7,47.0
SEN033,2026-06-30 17:13:58,2026-06-30,27.5,42.2,37.0
SEN045,2026-07-25 17:54:21,2026-07-25,38.2,17.0,41.0
SEN031,2026-06-05 12:12:35,2026-06-05,23.0,23.88,48.0
SEN039,2026-01-06 00:00:00,2026-01-06,27.78,,
SEN038,2026-04-12 20:13:38,2026-04-12,34.2,43.8,95.0
SEN033,2026-01-26 15:24:04,2026-01-26,35.7,46.74,82.0
SEN004,2026-06-01 17:29:00,2026-06-01,39.89,46.0,91.0
SEN022,2026-02-08 10:14:29,2026-02-08,26.2,8.2,69.0
SEN012,2026-02-19 05:36:03,2026-02-19,20.7,,74.0
SEN015,2026-06-04 12:24:02,2026-06-04,28.78,9.0,70.0
SEN018,2026-08-28 19:23:49,2026-08-28,15.1,23.62,78.0
SEN032,2026-04-16 20:36:02,2026-04-16,24.22,32.77,35.0
SEN037,2026-06-06 17:02:33,2026-06-06,19.78,38.35,90.0
SEN042,2026-08-03 23:01:08,2026-08-03,34.39,48.51,48.0
SEN014,2026-08-06 09:26:53,2026-08-06,27.2,19.7,
SEN004,2026-03-03 17:56:52,2026-03-03,37.72,13.97,84.0
SEN010,2026-01-02 13:05:52,2026-01-02,27.7,48.01,89.0
SEN031,2026-05-22 20:48:00,2026-05-22,29.5,15.0,
SEN038,2026-03-31 04:06:30,2026-03-31,22.1,29.4,33.0
SEN013,2026-07-27 19:50:10,2026-07-27,16.89,49.53,41.0
SEN032,2026-01-28 07:44:08,2026-01-28,21.9,41.4,63.0
SEN001,2026-06-16 00:21:42,2026-06-16,32.5,1.78,83.0
SEN015,2026-07-12 17:56:21,2026-07-12,16.0,20.8,92.0
SEN033,2026-08-27 13:03:24,2026-08-27,35.78,40.39,45.0
UNKNOWN,2026-05-10 21:31:29,2026-05-10,29.22,25.9,43.0
SEN018,2026-03-02 04:33:03,2026-03-02,38.0,,88.0
SEN039,2026-04-13 08:36:15,2026-04-13,21.5,18.5,33.0
SEN047,2026-01-10 13:12:24,2026-01-10,16.3,1.78,57.0
SEN029,2026-04-18 19:28:01,2026-04-18,27.78,11.94,73.0
SEN035,2026-07-13 08:25:28,2026-07-13,22.0,14.99,
SEN022,2026-03-09 22:45:24,2026-03-09,31.22,24.8,52.0
SEN028,2026-05-19 13:05:57,2026-05-19,39.72,,48.0
SEN009,2026-01-29 02:49:12,2026-01-29,20.61,28.1,
SEN032,2026-08-10 04:05:36,2026-08-10,27.5,18.8,85.0
SEN022,2026-01-09 09:05:05,2026-01-09,39.0,22.9,85.0
SEN005,2026-06-12 09:05:36,2026-06-12,34.9,24.5,36.0
SEN012,2026-01-13 18:17:00,2026-01-13,16.4,18.2,34.0
SEN047,2026-05-06 12:34:08,2026-05-06,27.22,19.05,60.0
SEN041,2026-08-18 19:28:58,2026-08-18,21.4,29.0,76.0
SEN027,2026-03-13 13:02:00,2026-03-13,19.61,35.1,91.0
UNKNOWN,2026-07-21 04:50:23,2026-07-21,36.11,45.2,32.0
SEN010,2026-05-26 09:34:44,2026-05-26,20.78,21.6,74.0
SEN041,2026-05-29 23:50:00,2026-05-29,26.6,7.3,31.0
SEN017,2026-04-14 12:53:08,2026-04-14,31.61,15.1,33.0
SEN012,2026-01-25 23:05:35,2026-01-25,30.28,,59.0
SEN038,2026-07-07 15:17:14,2026-07-07,17.6,,75.0
SEN013,2026-02-25 00:31:07,2026-02-25,36.5,40.4,73.0
SEN032,2026-03-28 03:25:17,2026-03-28,30.3,43.4,62.0
SEN047,2026-07-22 00:38:26,2026-07-22,30.9,,74.0
SEN027,2026-01-12 09:31:43,2026-01-12,19.89,3.81,
SEN031,2026-01-11 00:15:29,2026-01-11,16.22,30.4,44.0
UNKNOWN,2026-09-06 23:29:24,2026-09-06,25.5,41.1,68.0
SEN031,2026-07-05 23:00:05,2026-07-05,37.4,39.6,87.0
SEN012,2026-02-27 01:50:21,2026-02-27,19.78,41.91,
SEN008,2026-01-19 17:05:43,2026-01-19,37.11,5.33,42.0
SEN045,2026-02-28 21:55:00,2026-02-28,37.6,46.2,65.0
SEN025,2026-09-05 09:02:24,2026-09-05,32.1,,37.0
SEN023,2026-03-20 20:34:00,2026-03-20,30.7,12.1,
SEN042,2026-02-19 17:38:10,2026-02-19,24.6,4.2,58.0
SEN002,2026-09-01 17:30:55,2026-09-01,36.7,5.59,64.0
SEN024,2026-05-02 11:40:55,2026-05-02,36.4,,40.0
SEN019,2026-08-08 02:43:55,2026-08-08,26.4,44.6,
SEN005,2026-05-14 03:26:28,2026-05-14,32.7,,
SEN037,2026-01-06 02:58:01,2026-01-06,15.39,,77.0
SEN021,2026-02-27 02:15:45,2026-02-27,15.5,28.96,82.0
SEN037,2026-06-29 08:12:50,2026-06-29,36.5,5.84,93.0
SEN048,2026-06-22 09:22:16,2026-06-22,28.11,8.0,78.0
SEN005,2026-05-25 21:56:24,2026-05-25,16.2,37.34,63.0
SEN038,2026-07-08 16:47:00,2026-07-08,31.9,,87.0
SEN006,2026-08-22 03:42:04,2026-08-22,31.6,,
SEN009,2026-09-07 12:01:53,2026-09-07,35.0,,43.0
SEN028,2026-07-14 13:04:17,2026-07-14,21.7,,82.0
SEN043,2026-08-21 09:45:40,2026-08-21,26.0,,41.0
SEN008,2026-08-07 16:47:37,2026-08-07,24.22,37.0,46.0
SEN006,2026-02-24 16:11:13,2026-02-24,23.5,26.1,91.0
SEN050,2026-04-15 12:48:53,2026-04-15,34.28,46.74,60.0
SEN039,2026-07-08 15:36:12,2026-07-08,34.72,44.2,
SEN018,2026-01-16 08:40:39,2026-01-16,19.0,33.8,70.0
SEN040,2026-08-27 02:38:02,2026-08-27,17.78,10.41,33.0
SEN033,2026-06-10 12:29:20,2026-06-10,31.61,19.2,56.0
SEN046,2026-05-02 11:57:40,2026-05-02,29.9,46.9,43.0
SEN015,2026-03-07 09:06:58,2026-03-07,21.22,9.4,45.0
SEN036,2026-05-22 12:21:43,2026-05-22,39.3,9.7,82.0
SEN018,2026-03-19 20:51:12,2026-03-19,25.61,28.2,45.0
SEN032,2026-04-11 21:18:19,2026-04-11,16.5,5.0,48.0
SEN034,2026-07-14 07:47:06,2026-07-14,26.0,18.03,46.0
UNKNOWN,2026-01-07 00:00:00,2026-01-07,39.9,,64.0
SEN021,2026-04-14 01:52:13,2026-04-14,23.7,19.3,38.0
SEN041,2026-04-03 22:44:24,2026-04-03,35.22,,77.0
SEN031,2026-08-26 14:48:13,2026-08-26,24.72,26.8,68.0
SEN012,2026-01-08 20:29:10,2026-01-08,25.28,,
SEN049,2026-06-24 17:24:27,2026-06-24,31.39,6.35,74.0
SEN010,2026-04-13 22:30:44,2026-04-13,39.7,12.6,32.0
SEN040,2026-03-24 09:28:50,2026-03-24,15.9,17.8,34.0
SEN017,2026-05-29 23:34:36,2026-05-29,18.72,17.53,64.0
SEN010,2026-03-05 19:22:20,2026-03-05,18.6,48.0,74.0
SEN050,2026-06-01 09:54:01,2026-06-01,26.7,28.0,84.0
SEN023,2026-03-29 23:46:00,2026-03-29,25.9,18.4,68.0
SEN008,2026-07-19 00:00:00,2026-07-19,32.28,49.8,35.0
SEN002,2026-06-22 18:37:44,2026-06-22,33.5,9.3,81.0
SEN026,2026-04-24 03:46:59,2026-04-24,22.7,17.3,77.0
SEN009,2026-04-10 03:35:46,2026-04-10,19.2,44.2,
SEN037,2026-04-15 10:56:53,2026-04-15,20.89,11.68,38.0
SEN045,2026-07-29 07:47:29,2026-07-29,38.6,,48.0
SEN040,2026-02-18 03:44:50,2026-02-18,29.39,28.8,65.0
SEN022,2026-01-02 02:59:17,2026-01-02,32.7,15.5,67.0
SEN011,2026-06-17 22:10:56,2026-06-17,21.22,3.5,
SEN033,2026-01-01 17:52:23,2026-01-01,25.6,22.1,
SEN038,2026-03-24 19:49:09,2026-03-24,18.39,,61.0
SEN008,2026-06-01 07:05:58,2026-06-01,18.5,32.8,35.0
SEN029,2026-07-03 00:12:21,2026-07-03,17.8,9.7,
SEN028,2026-08-21 09:07:27,2026-08-21,32.61,,39.0
SEN016,2026-01-29 23:49:56,2026-01-29,15.5,23.88,93.0
SEN032,2026-06-25 12:58:17,2026-06-25,34.6,,93.0
SEN013,2026-02-02 03:10:03,2026-02-02,34.0,20.2,75.0
SEN036,2026-01-30 15:26:19,2026-01-30,34.9,0.5,43.0
SEN042,2026-07-09 20:02:37,2026-07-09,15.1,24.13,43.0
SEN042,2026-04-15 18:14:33,2026-04-15,38.28,23.11,77.0
SEN025,2026-06-26 01:36:20,2026-06-26,28.4,11.68,32.0
SEN020,2026-08-21 11:51:00,2026-08-21,15.78,4.32,88.0
SEN042,2026-08-18 03:07:52,2026-08-18,29.6,39.62,69.0
SEN045,2026-09-02 05:25:53,2026-09-02,21.11,2.54,37.0
SEN021,2026-02-08 21:57:42,2026-02-08,28.9,,54.0
SEN018,2026-07-29 00:36:30,2026-07-29,23.4,,36.0
SEN040,2026-03-16 14:14:15,2026-03-16,25.61,30.0,72.0
SEN045,2026-02-26 16:17:22,2026-02-26,22.5,37.08,37.0
SEN027,2026-01-26 03:16:43,2026-01-26,32.78,,52.0
SEN037,2026-05-23 04:21:15,2026-05-23,39.4,,64.0
SEN007,2026-05-23 13:09:20,2026-05-23,19.78,,80.0
SEN003,2026-03-18 15:18:42,2026-03-18,25.78,0.8,93.0
SEN037,2026-05-16 03:56:59,2026-05-16,15.22,11.43,32.0
SEN021,2026-09-04 17:44:24,2026-09-04,27.8,8.0,
SEN022,2026-09-03 06:59:12,2026-09-03,17.3,13.97,74.0
SEN037,2026-06-20 14:42:03,2026-06-20,30.9,19.05,88.0
SEN041,2026-08-23 06:01:40,2026-08-23,23.22,,34.0
SEN016,2026-08-15 09:28:00,2026-08-15,37.39,46.9,52.0
SEN035,2026-02-17 22:57:58,2026-02-17,20.22,,58.0
SEN007,2026-07-16 11:14:55,2026-07-16,15.5,30.48,64.0
SEN019,2026-06-22 10:22:51,2026-06-22,23.9,7.1,32.0
SEN037,2026-05-30 16:15:24,2026-05-30,21.1,3.9,65.0
SEN036,2026-04-23 15:56:15,2026-04-23,30.61,40.2,69.0
UNKNOWN,2026-01-24 11:25:04,2026-01-24,28.8,38.61,66.0
SEN019,2026-06-15 09:14:07,2026-06-15,15.8,23.8,65.0
SEN015,2026-06-14 12:42:01,2026-06-14,28.9,28.19,84.0
SEN029,2026-08-07 15:36:18,2026-08-07,31.9,34.7,70.0
SEN029,2026-03-02 07:26:50,2026-03-02,22.1,26.2,66.0
SEN045,2026-01-03 11:19:06,2026-01-03,25.9,41.8,39.0
SEN040,2026-05-06 21:13:05,2026-05-06,25.4,,43.0
SEN018,2026-05-19 05:00:34,2026-05-19,29.1,40.5,73.0
SEN006,2026-05-09 16:23:32,2026-05-09,38.72,44.2,
SEN026,2026-09-02 04:16:37,2026-09-02,31.0,47.24,82.0
SEN022,2026-07-02 20:27:36,2026-07-02,29.3,18.1,59.0
SEN027,2026-03-14 06:48:37,2026-03-14,25.0,27.5,65.0
SEN048,2026-08-17 22:03:53,2026-08-17,34.1,38.7,34.0
SEN004,2026-03-08 09:32:45,2026-03-08,32.61,38.3,79.0
SEN036,2026-06-18 23:38:39,2026-06-18,23.0,10.8,43.0
SEN034,2026-02-01 15:03:37,2026-02-01,25.11,48.6,60.0
SEN008,2026-07-08 23:17:04,2026-07-08,25.4,40.5,42.0
UNKNOWN,2026-06-03 21:42:47,2026-06-03,29.5,40.1,
SEN014,2026-02-23 07:04:00,2026-02-23,35.2,29.7,
SEN048,2026-03-27 22:39:58,2026-03-27,31.1,48.1,95.0
SEN019,2026-04-02 15:25:16,2026-04-02,18.22,24.9,93.0
SEN021,2026-05-06 11:22:01,2026-05-06,34.22,19.1,43.0
SEN013,2026-07-23 00:42:48,2026-07-23,21.7,,68.0
SEN016,2026-08-20 14:22:40,2026-08-20,25.3,49.7,89.0
SEN032,2026-07-26 16:12:29,2026-07-26,25.72,0.0,67.0
SEN040,2026-01-20 22:39:16,2026-01-20,29.6,,90.0
SEN041,2026-04-28 01:13:32,2026-04-28,15.11,33.4,69.0
SEN017,2026-04-19 13:48:52,2026-04-19,20.0,22.1,64.0
SEN032,2026-01-22 23:12:23,2026-01-22,28.9,39.88,66.0
SEN014,2026-06-05 13:25:00,2026-06-05,39.61,34.2,85.0
SEN033,2026-06-26 20:09:50,2026-06-26,26.8,,67.0
SEN015,2026-05-06 08:16:36,2026-05-06,26.2,,53.0
SEN045,2026-06-12 03:11:25,2026-06-12,31.28,2.7,36.0
SEN039,2026-03-07 23:36:26,2026-03-07,22.9,10.8,72.0
SEN049,2026-02-26 05:18:54,2026-02-26,23.28,48.01,47.0
UNKNOWN,2026-01-13 21:42:11,2026-01-13,28.1,,85.0
SEN033,2026-02-15 01:16:00,2026-02-15,19.5,2.8,64.0
SEN029,2026-05-06 22:05:57,2026-05-06,33.0,20.0,83.0
SEN047,2026-03-28 06:39:21,2026-03-28,29.11,32.51,79.0
SEN013,2026-06-03 01:37:22,2026-06-03,34.4,29.72,62.0
SEN034,2026-08-06 12:21:21,2026-08-06,19.22,42.9,38.0
SEN006,2026-07-31 07:24:46,2026-07-31,35.28,39.9,47.0
SEN007,2026-02-23 10:38:37,2026-02-23,21.39,27.69,52.0
SEN020,2026-03-27 02:37:22,2026-03-27,39.9,9.9,79.0
SEN004,2026-02-05 21:35:53,2026-02-05,20.4,34.0,42.0
SEN042,2026-04-18 00:20:32,2026-04-18,28.2,24.0,86.0
SEN007,2026-08-27 05:56:19,2026-08-27,23.11,26.4,
SEN005,2026-06-24 04:30:14,2026-06-24,17.3,28.4,44.0
SEN039,2026-02-16 19:46:53,2026-02-16,30.0,5.1,56.0
UNKNOWN,2026-06-10 03:44:57,2026-06-10,27.39,2.54,48.0
SEN013,2026-09-01 22:03:19,2026-09-01,18.0,41.8,62.0
SEN046,2026-02-15 11:50:00,2026-02-15,33.6,34.04,62.0
SEN040,2026-02-27 02:42:35,2026-02-27,22.78,21.6,43.0
SEN046,2026-06-02 16:20:18,2026-06-02,19.89,9.6,74.0
SEN022,2026-08-14 12:40:56,2026-08-14,16.89,13.2,68.0
SEN007,2026-06-14 10:39:07,2026-06-14,30.4,,52.0
SEN003,2026-05-18 08:22:40,2026-05-18,21.11,40.8,64.0
SEN014,2026-08-04 20:59:10,2026-08-04,22.28,16.2,46.0
SEN004,2026-04-01 21:43:42,2026-04-01,23.11,,54.0
SEN004,2026-05-19 00:04:29,2026-05-19,37.2,8.13,66.0
SEN014,2026-03-28 05:30:06,2026-03-28,38.78,14.6,85.0
SEN008,2026-03-19 19:05:59,2026-03-19,20.0,,84.0
SEN005,2026-06-30 07:41:37,2026-06-30,24.39,33.7,89.0
SEN050,2026-05-28 20:06:49,2026-05-28,30.0,,82.0
SEN019,2026-07-19 01:14:11,2026-07-19,29.5,6.1,36.0
SEN008,2026-06-09 02:10:58,2026-06-09,30.1,,54.0
SEN048,2026-06-29 10:47:50,2026-06-29,16.4,32.0,68.0
SEN048,2026-04-04 18:43:00,2026-04-04,20.7,3.56,37.0
SEN037,2026-07-25 21:15:19,2026-07-25,25.22,49.7,59.0
SEN015,2026-06-11 18:54:45,2026-06-11,26.7,48.5,85.0
SEN045,2026-06-05 16:03:26,2026-06-05,29.28,13.97,
SEN033,2026-04-29 12:47:27,2026-04-29,20.89,48.0,
SEN037,2026-07-30 00:34:51,2026-07-30,39.28,20.1,44.0
SEN022,2026-08-30 12:09:41,2026-08-30,33.3,1.7,86.0
SEN019,2026-06-17 22:26:33,2026-06-17,19.11,,
SEN022,2026-08-17 06:09:41,2026-08-17,27.78,25.91,76.0
SEN043,2026-07-08 05:33:41,2026-07-08,20.89,47.3,68.0
SEN018,2026-02-23 18:58:14,2026-02-23,21.5,15.0,77.0
SEN017,2026-03-10 04:20:22,2026-03-10,29.22,49.8,81.0
SEN030,2026-03-30 15:50:55,2026-03-30,35.7,18.7,60.0
SEN025,2026-06-24 20:25:34,2026-06-24,16.4,36.07,
SEN049,2026-01-19 16:08:53,2026-01-19,27.6,45.3,78.0
SEN050,2026-08-02 12:23:46,2026-08-02,26.0,20.32,62.0
SEN035,2026-05-29 06:31:34,2026-05-29,33.0,31.5,93.0
SEN001,2026-05-21 07:52:55,2026-05-21,39.6,12.6,
SEN041,2026-05-22 21:32:54,2026-05-22,28.89,35.31,59.0
SEN030,2026-08-25 12:54:23,2026-08-25,15.1,43.7,60.0
SEN008,2026-08-30 22:20:56,2026-08-30,30.8,48.01,52.0
SEN025,2026-02-01 13:36:15,2026-02-01,33.11,13.97,34.0
SEN002,2026-01-08 12:03:36,2026-01-08,34.3,32.3,75.0
SEN012,2026-05-24 13:41:55,2026-05-24,18.2,44.8,47.0
SEN026,2026-07-13 04:23:40,2026-07-13,34.7,,39.0
SEN001,2026-05-23 01:26:34,2026-05-23,36.61,48.6,75.0
SEN032,2026-03-25 23:18:02,2026-03-25,16.61,6.0,92.0
SEN045,2026-02-26 21:54:43,2026-02-26,17.6,29.5,
SEN038,2026-05-22 15:59:23,2026-05-22,22.7,30.0,77.0
SEN047,2026-03-25 06:53:09,2026-03-25,23.11,32.9,81.0
SEN049,2026-02-05 06:17:19,2026-02-05,32.2,27.43,61.0
SEN020,2026-03-16 07:49:51,2026-03-16,35.8,7.0,75.0
SEN016,2026-08-23 06:31:33,2026-08-23,39.78,24.5,93.0
SEN006,2026-02-22 09:40:59,2026-02-22,38.5,,79.0
SEN027,2026-08-18 00:26:55,2026-08-18,26.8,,36.0
SEN032,2026-04-22 10:19:15,2026-04-22,35.39,1.2,
SEN007,2026-09-08 23:22:59,2026-09-08,30.5,25.5,71.0
SEN048,2026-09-08 11:53:46,2026-09-08,15.78,17.02,59.0
SEN005,2026-02-24 04:56:42,2026-02-24,26.78,39.3,82.0
SEN007,2026-05-17 06:40:17,2026-05-17,15.7,2.54,
SEN008,2026-03-15 12:51:17,2026-03-15,31.11,,84.0
SEN015,2026-08-30 05:55:03,2026-08-30,28.9,42.1,41.0
SEN047,2026-03-19 16:44:22,2026-03-19,30.2,16.76,42.0
SEN043,2026-02-22 02:36:50,2026-02-22,17.11,36.7,51.0
SEN034,2026-06-03 18:30:14,2026-06-03,25.22,11.0,39.0
SEN007,2026-06-13 04:34:39,2026-06-13,28.39,24.0,34.0
SEN021,2026-01-01 12:48:52,2026-01-01,33.5,44.45,58.0
SEN002,2026-04-28 07:15:41,2026-04-28,21.39,39.7,66.0
SEN010,2026-05-08 14:40:34,2026-05-08,27.78,21.1,90.0
SEN039,2026-01-04 12:42:00,2026-01-04,24.3,0.6,
SEN018,2026-03-01 00:05:22,2026-03-01,34.0,16.76,55.0
SEN012,2026-05-11 00:52:17,2026-05-11,36.2,17.6,87.0
SEN004,2026-01-03 20:48:04,2026-01-03,28.6,,38.0
SEN020,2026-03-23 20:40:16,2026-03-23,39.2,24.4,35.0
SEN046,2026-03-14 20:44:56,2026-03-14,35.8,31.2,39.0
SEN005,2026-06-15 21:54:11,2026-06-15,35.0,48.7,93.0
SEN006,2026-07-19 13:16:40,2026-07-19,37.72,13.21,49.0
SEN007,2026-01-28 15:51:37,2026-01-28,18.3,33.1,
SEN036,2026-03-04 02:58:40,2026-03-04,22.8,21.7,30.0
SEN031,2026-02-05 19:23:00,2026-02-05,29.6,39.88,45.0
SEN002,2026-04-09 23:43:47,2026-04-09,28.3,26.0,
SEN021,2026-07-10 10:08:42,2026-07-10,38.2,1.8,47.0
SEN003,2026-08-29 11:38:13,2026-08-29,31.22,45.2,34.0
SEN005,2026-01-09 06:19:29,2026-01-09,16.0,23.6,59.0
SEN041,2026-05-30 11:28:20,2026-05-30,32.39,44.2,79.0
SEN013,2026-01-27 22:24:32,2026-01-27,24.5,26.42,70.0
SEN019,2026-07-25 09:22:46,2026-07-25,19.89,,
SEN005,2026-02-05 04:27:12,2026-02-05,18.28,35.1,
SEN012,2026-09-07 20:58:56,2026-09-07,36.9,,54.0
SEN003,2026-03-01 22:55:18,2026-03-01,32.61,,54.0
SEN046,2026-07-13 18:31:45,2026-07-13,26.8,10.4,58.0
SEN040,2026-06-17 06:22:37,2026-06-17,26.1,,60.0
SEN035,2026-08-23 16:25:09,2026-08-23,21.39,,67.0
SEN017,2026-09-06 08:58:37,2026-09-06,36.11,3.7,35.0
SEN033,2026-01-28 19:04:16,2026-01-28,23.2,42.93,42.0
SEN022,2026-05-22 10:06:22,2026-05-22,34.22,27.5,65.0
SEN048,2026-08-06 09:52:35,2026-08-06,18.5,32.8,52.0
SEN022,2026-06-09 10:31:29,2026-06-09,17.5,14.1,51.0
SEN045,2026-02-18 23:37:55,2026-02-18,26.0,24.3,79.0
SEN024,2026-02-15 22:59:29,2026-02-15,18.5,,68.0
SEN034,2026-06-22 19:05:14,2026-06-22,18.39,4.9,81.0
SEN022,2026-02-23 11:51:36,2026-02-23,19.5,41.8,34.0
UNKNOWN,2026-01-08 01:11:22,2026-01-08,22.11,49.6,
SEN026,2026-01-03 14:10:25,2026-01-03,31.2,33.02,
SEN005,2026-03-04 11:14:25,2026-03-04,34.39,3.5,48.0
SEN035,2026-07-08 23:43:05,2026-07-08,22.8,12.95,60.0
SEN011,2026-01-29 14:44:47,2026-01-29,32.4,21.9,88.0
SEN035,2026-04-29 01:25:00,2026-04-29,20.0,28.9,89.0
SEN009,2026-03-21 10:59:00,2026-03-21,23.39,30.48,37.0
SEN010,2026-07-11 22:15:32,2026-07-11,34.8,43.2,37.0
SEN046,2026-08-05 22:47:17,2026-08-05,23.0,12.0,61.0
SEN015,2026-03-30 12:59:55,2026-03-30,33.2,44.8,68.0
SEN034,2026-01-22 05:55:55,2026-01-22,33.8,25.9,43.0
SEN018,2026-08-23 18:13:46,2026-08-23,28.28,20.6,75.0
SEN050,2026-06-23 10:02:20,2026-06-23,19.3,34.04,
SEN048,2026-02-07 09:04:02,2026-02-07,17.39,9.4,67.0
SEN014,2026-06-06 18:28:58,2026-06-06,26.8,10.3,76.0
SEN030,2026-07-29 13:29:19,2026-07-29,26.1,3.0,41.0
SEN019,2026-05-20 06:46:02,2026-05-20,17.4,21.4,
SEN011,2026-03-02 23:59:49,2026-03-02,25.0,30.1,90.0
SEN014,2026-06-12 20:11:11,2026-06-12,19.89,48.51,
SEN043,2026-01-31 12:49:10,2026-01-31,28.5,45.9,54.0
SEN001,2026-03-26 08:30:00,2026-03-26,31.2,16.9,32.0
SEN020,2026-04-10 06:30:17,2026-04-10,15.78,,61.0
SEN042,2026-06-21 19:54:33,2026-06-21,32.3,22.6,41.0
SEN010,2026-03-13 04:24:52,2026-03-13,26.3,3.81,76.0
SEN013,2026-08-25 13:28:00,2026-08-25,39.5,21.4,34.0
SEN034,2026-02-03 16:16:07,2026-02-03,25.7,37.7,
SEN006,2026-07-15 01:49:05,2026-07-15,32.9,10.67,46.0
SEN041,2026-03-19 03:03:53,2026-03-19,29.1,30.7,87.0
SEN022,2026-07-07 21:05:39,2026-07-07,17.61,,47.0
SEN008,2026-02-09 09:47:12,2026-02-09,27.22,24.1,53.0
SEN042,2026-09-04 07:52:58,2026-09-04,35.5,19.5,94.0
SEN001,2026-01-27 01:36:37,2026-01-27,31.9,3.2,73.0
SEN030,2026-06-19 19:32:32,2026-06-19,33.72,39.5,45.0
SEN025,2026-04-28 15:13:46,2026-04-28,37.1,4.7,68.0
SEN020,2026-04-12 18:38:47,2026-04-12,35.8,41.5,60.0
SEN002,2026-02-12 22:34:51,2026-02-12,18.0,13.6,89.0
UNKNOWN,2026-07-08 08:03:00,2026-07-08,29.6,14.73,32.0
SEN038,2026-07-09 04:44:04,2026-07-09,20.5,17.9,87.0
SEN001,2026-08-06 02:25:07,2026-08-06,30.61,46.48,53.0
SEN016,2026-05-28 13:41:24,2026-05-28,38.2,39.62,50.0
SEN016,2026-08-21 15:56:00,2026-08-21,19.5,,60.0
SEN031,2026-05-09 20:20:35,2026-05-09,19.61,10.7,95.0
SEN005,2026-07-31 17:29:45,2026-07-31,34.5,6.8,50.0
SEN043,2026-02-28 03:38:28,2026-02-28,36.11,22.9,55.0
SEN025,2026-08-14 13:54:46,2026-08-14,34.3,,59.0
SEN048,2026-04-05 13:07:00,2026-04-05,23.4,12.8,84.0
SEN017,2026-01-18 18:33:28,2026-01-18,38.3,,89.0
SEN002,2026-05-07 04:25:00,2026-05-07,30.3,36.1,81.0
SEN026,2026-07-08 21:19:19,2026-07-08,21.72,41.15,34.0
SEN022,2026-01-31 09:19:10,2026-01-31,19.0,34.8,76.0
SEN002,2026-03-29 12:53:34,2026-03-29,25.78,16.0,49.0
SEN010,2026-07-11 14:28:58,2026-07-11,26.89,44.45,95.0
SEN030,2026-06-13 13:31:11,2026-06-13,37.2,47.5,34.0
SEN045,2026-05-05 03:59:18,2026-05-05,27.2,37.34,75.0
SEN014,2026-02-22 10:02:38,2026-02-22,25.0,21.1,
SEN024,2026-08-04 13:13:56,2026-08-04,30.78,26.9,79.0
SEN002,2026-01-16 07:48:35,2026-01-16,30.0,20.6,82.0
SEN039,2026-08-17 00:57:00,2026-08-17,30.22,20.57,50.0
SEN025,2026-06-13 13:05:40,2026-06-13,18.11,20.3,77.0
SEN039,2026-08-27 17:36:28,2026-08-27,20.61,28.96,55.0
SEN046,2026-07-01 21:36:07,2026-07-01,40.0,16.5,78.0
SEN006,2026-04-29 11:52:28,2026-04-29,35.1,25.2,53.0
SEN003,2026-08-28 08:54:15,2026-08-28,25.78,,78.0
SEN007,2026-08-16 13:00:19,2026-08-16,25.6,,52.0
SEN043,2026-06-26 00:00:00,2026-06-26,29.22,35.8,71.0
SEN039,2026-07-24 04:57:28,2026-07-24,16.1,30.9,94.0
SEN009,2026-05-14 03:13:56,2026-05-14,26.89,44.8,40.0
SEN049,2026-03-23 05:13:32,2026-03-23,38.7,17.2,54.0
SEN048,2026-03-20 09:33:06,2026-03-20,25.4,22.4,60.0
SEN049,2026-08-19 00:00:00,2026-08-19,33.3,17.9,33.0
SEN046,2026-07-27 04:50:56,2026-07-27,36.0,25.8,53.0
SEN031,2026-02-01 22:35:48,2026-02-01,16.0,8.64,74.0
SEN041,2026-06-23 17:04:11,2026-06-23,38.8,35.56,
SEN023,2026-09-02 06:39:00,2026-09-02,39.6,34.8,73.0
SEN010,2026-07-20 23:05:48,2026-07-20,18.0,23.8,55.0
SEN015,2026-05-19 22:22:00,2026-05-19,22.7,17.6,72.0
SEN017,2026-01-04 13:38:49,2026-01-04,16.7,13.21,63.0
SEN028,2026-05-30 08:11:38,2026-05-30,17.8,32.3,45.0
SEN026,2026-05-26 22:41:16,2026-05-26,27.3,,69.0
UNKNOWN,2026-06-10 02:58:13,2026-06-10,31.11,49.78,80.0
SEN004,2026-06-12 18:29:09,2026-06-12,29.9,39.5,63.0
SEN047,2026-08-06 21:53:42,2026-08-06,15.6,35.4,60.0
SEN012,2026-06-16 20:48:51,2026-06-16,21.9,5.84,41.0
SEN004,2026-01-26 19:00:56,2026-01-26,26.28,46.8,37.0
SEN007,2026-04-28 15:39:34,2026-04-28,17.78,15.0,39.0
SEN021,2026-02-16 06:26:23,2026-02-16,32.2,13.0,91.0
SEN041,2026-08-24 13:38:22,2026-08-24,34.6,14.8,77.0
SEN040,2026-05-07 11:10:23,2026-05-07,32.7,,
UNKNOWN,2026-08-14 04:48:13,2026-08-14,39.11,8.89,79.0
SEN008,2026-01-07 14:55:49,2026-01-07,20.2,20.1,86.0
SEN022,2026-09-07 06:13:54,2026-09-07,26.28,29.72,
SEN014,2026-02-22 11:58:29,2026-02-22,25.11,47.5,87.0
SEN041,2026-04-05 01:45:57,2026-04-05,33.61,38.61,72.0
SEN033,2026-02-23 19:38:01,2026-02-23,32.2,14.7,92.0
SEN003,2026-03-10 02:09:19,2026-03-10,16.61,7.5,37.0
SEN045,2026-03-01 02:43:54,2026-03-01,34.89,7.6,33.0
SEN014,2026-04-01 07:32:00,2026-04-01,29.0,,35.0
SEN016,2026-06-25 10:09:17,2026-06-25,39.4,20.1,89.0
SEN026,2026-04-09 22:52:10,2026-04-09,18.0,4.2,46.0
SEN049,2026-03-16 23:04:50,2026-03-16,31.6,38.9,42.0
SEN006,2026-01-10 04:00:56,2026-01-10,33.5,10.2,46.0
SEN002,2026-06-11 16:34:11,2026-06-11,31.2,9.3,95.0
UNKNOWN,2026-01-01 09:24:02,2026-01-01,22.72,,
SEN009,2026-02-02 12:10:20,2026-02-02,29.8,39.6,39.0
SEN018,2026-05-27 14:59:32,2026-05-27,35.11,0.51,76.0
SEN014,2026-05-09 11:36:42,2026-05-09,19.9,17.78,86.0
SEN043,2026-05-11 16:24:56,2026-05-11,20.0,,86.0
SEN016,2026-08-18 09:30:49,2026-08-18,15.5,20.2,76.0
SEN033,2026-08-04 05:01:02,2026-08-04,18.11,43.3,68.0
SEN047,2026-05-16 21:41:29,2026-05-16,25.0,8.8,
SEN043,2026-01-12 09:15:25,2026-01-12,15.3,0.0,88.0
SEN045,2026-09-01 19:44:00,2026-09-01,35.0,42.6,87.0
SEN005,2026-04-11 12:34:29,2026-04-11,32.4,17.6,43.0
SEN026,2026-02-14 04:48:14,2026-02-14,26.61,37.5,39.0
SEN031,2026-05-10 10:54:11,2026-05-10,38.6,,88.0
SEN017,2026-05-22 05:51:47,2026-05-22,17.8,46.3,61.0
SEN006,2026-01-16 10:39:30,2026-01-16,31.39,31.9,32.0
SEN011,2026-09-08 17:43:20,2026-09-08,31.6,,89.0
SEN020,2026-01-27 08:10:15,2026-01-27,35.2,17.6,92.0
SEN025,2026-07-16 21:01:00,2026-07-16,24.39,35.31,82.0
SEN016,2026-03-01 19:15:03,2026-03-01,26.9,40.64,92.0
SEN020,2026-08-03 00:16:39,2026-08-03,17.0,25.4,49.0
SEN034,2026-03-12 10:04:19,2026-03-12,19.3,49.02,89.0
UNKNOWN,2026-06-18 01:31:00,2026-06-18,22.39,29.46,31.0
SEN023,2026-01-03 00:55:40,2026-01-03,16.1,6.6,38.0
SEN006,2026-01-12 10:20:58,2026-01-12,36.89,31.6,50.0
SEN034,2026-05-22 07:13:48,2026-05-22,28.3,43.6,60.0
SEN012,2026-01-18 06:25:43,2026-01-18,30.0,,82.0
SEN008,2026-08-10 00:18:25,2026-08-10,39.2,29.6,69.0
SEN033,2026-01-18 00:02:59,2026-01-18,32.39,37.34,90.0
SEN031,2026-03-23 05:58:30,2026-03-23,21.4,44.45,53.0
SEN034,2026-04-15 02:09:07,2026-04-15,34.9,15.49,
SEN027,2026-03-30 10:09:06,2026-03-30,30.7,48.77,
SEN021,2026-01-14 12:00:02,2026-01-14,18.28,49.78,51.0
SEN012,2026-03-02 05:51:00,2026-03-02,27.1,,49.0
SEN040,2026-09-09 13:58:50,2026-09-09,33.3,27.6,
SEN026,2026-04-07 23:01:20,2026-04-07,34.6,46.2,50.0
SEN009,2026-04-27 10:33:03,2026-04-27,16.11,5.08,52.0
SEN011,2026-08-12 13:14:52,2026-08-12,24.22,22.8,70.0
SEN007,2026-05-20 15:19:37,2026-05-20,20.0,44.9,31.0
SEN027,2026-06-29 05:17:02,2026-06-29,29.78,27.94,63.0
SEN004,2026-05-12 02:32:09,2026-05-12,16.0,6.6,
SEN038,2026-07-10 13:58:06,2026-07-10,35.0,43.18,89.0
SEN021,2026-06-19 12:40:59,2026-06-19,25.1,47.3,62.0
SEN013,2026-03-06 14:40:51,2026-03-06,28.89,18.29,61.0
SEN023,2026-03-16 08:26:59,2026-03-16,21.22,15.24,55.0
SEN040,2026-03-13 23:25:54,2026-03-13,31.9,12.8,73.0
SEN033,2026-07-02 21:28:24,2026-07-02,26.4,19.56,50.0
SEN016,2026-03-09 20:12:19,2026-03-09,39.7,8.1,88.0
SEN031,2026-06-23 03:55:36,2026-06-23,38.28,,91.0
SEN042,2026-08-26 20:15:21,2026-08-26,20.61,39.12,34.0
SEN022,2026-05-14 12:40:12,2026-05-14,27.1,6.5,66.0
SEN034,2026-09-06 06:37:05,2026-09-06,36.72,20.9,78.0
SEN048,2026-01-04 23:00:54,2026-01-04,29.9,,74.0
SEN022,2026-04-08 13:09:00,2026-04-08,26.0,33.02,67.0
SEN031,2026-03-01 17:53:15,2026-03-01,17.5,22.3,89.0
SEN026,2026-04-06 00:16:44,2026-04-06,18.7,21.0,57.0
SEN050,2026-01-07 01:48:43,2026-01-07,24.3,43.0,49.0
SEN033,2026-02-06 09:22:00,2026-02-06,39.5,30.2,86.0
SEN006,2026-08-10 19:11:00,2026-08-10,37.9,27.1,42.0
SEN028,2026-02-02 22:03:15,2026-02-02,21.0,5.2,34.0
SEN022,2026-05-14 12:44:10,2026-05-14,23.6,21.3,41.0
SEN031,2026-02-13 08:53:19,2026-02-13,33.11,36.32,
SEN004,2026-08-17 14:25:36,2026-08-17,40.0,44.1,86.0
SEN038,2026-07-21 03:37:55,2026-07-21,26.9,39.7,82.0
SEN019,2026-08-22 00:27:39,2026-08-22,34.9,12.9,51.0
SEN015,2026-03-05 19:27:20,2026-03-05,30.72,19.81,71.0
SEN032,2026-08-26 02:01:00,2026-08-26,30.6,47.2,
SEN024,2026-06-08 00:35:36,2026-06-08,20.28,32.51,42.0
UNKNOWN,2026-06-25 22:00:14,2026-06-25,20.5,21.4,76.0
SEN044,2026-04-11 06:57:08,2026-04-11,32.11,41.4,56.0
SEN015,2026-04-03 01:48:13,2026-04-03,37.9,,72.0
SEN020,2026-03-17 16:26:14,2026-03-17,34.11,,67.0
SEN012,2026-07-24 11:24:04,2026-07-24,17.22,28.3,33.0
SEN027,2026-08-29 04:08:15,2026-08-29,29.7,27.69,35.0
SEN048,2026-02-27 02:10:20,2026-02-27,22.3,19.9,94.0
SEN003,2026-07-05 17:51:17,2026-07-05,30.6,41.91,58.0
SEN038,2026-08-18 11:33:04,2026-08-18,17.7,33.9,65.0
SEN050,2026-02-08 18:06:46,2026-02-08,32.8,45.4,56.0
SEN011,2026-07-11 04:40:21,2026-07-11,26.0,,86.0
SEN004,2026-01-09 09:09:26,2026-01-09,23.11,33.53,48.0
SEN042,2026-03-22 08:26:21,2026-03-22,37.22,31.0,32.0
SEN045,2026-03-06 06:08:18,2026-03-06,26.78,24.1,80.0
SEN002,2026-08-09 13:54:01,2026-08-09,35.1,10.8,39.0
SEN031,2026-09-05 13:01:06,2026-09-05,17.6,35.6,58.0
SEN031,2026-05-19 21:26:08,2026-05-19,30.22,12.5,71.0
SEN030,2026-04-27 07:33:18,2026-04-27,24.39,29.4,73.0
SEN004,2026-01-04 23:51:12,2026-01-04,37.28,8.89,44.0
SEN037,2026-03-28 19:30:29,2026-03-28,34.0,32.1,94.0
SEN008,2026-08-07 14:47:13,2026-08-07,25.5,46.23,89.0
SEN030,2026-08-23 05:37:05,2026-08-23,36.72,30.9,93.0
SEN022,2026-06-27 01:05:15,2026-06-27,24.0,48.2,88.0
SEN048,2026-04-11 22:38:28,2026-04-11,17.61,8.89,80.0
SEN024,2026-07-17 09:37:42,2026-07-17,21.0,26.6,86.0
SEN001,2026-04-29 23:17:17,2026-04-29,32.9,33.5,59.0
SEN001,2026-06-11 23:00:52,2026-06-11,21.4,,43.0
SEN013,2026-03-20 08:08:28,2026-03-20,35.3,44.4,84.0
UNKNOWN,2026-06-29 03:17:51,2026-06-29,36.22,36.8,85.0
SEN035,2026-07-12 16:52:45,2026-07-12,16.0,20.9,61.0
SEN024,2026-01-07 22:18:22,2026-01-07,23.5,17.2,53.0
SEN030,2026-07-23 02:32:07,2026-07-23,26.22,2.1,71.0
SEN044,2026-04-07 04:50:32,2026-04-07,15.5,3.8,64.0
SEN011,2026-07-14 23:47:27,2026-07-14,36.3,5.4,56.0
SEN013,2026-01-13 00:11:08,2026-01-13,22.1,35.31,80.0
SEN014,2026-04-23 06:11:28,2026-04-23,34.3,2.3,61.0
SEN050,2026-03-28 15:47:14,2026-03-28,34.72,,77.0
UNKNOWN,2026-02-05 01:55:19,2026-02-05,21.3,34.0,31.0
SEN020,2026-07-25 23:11:10,2026-07-25,18.78,23.88,62.0
SEN009,2026-02-26 16:55:06,2026-02-26,25.89,47.5,
UNKNOWN,2026-02-11 15:47:31,2026-02-11,23.89,38.35,75.0
SEN009,2026-07-23 06:49:24,2026-07-23,29.7,,72.0
SEN001,2026-04-26 23:36:02,2026-04-26,25.78,11.68,60.0
SEN021,2026-04-26 08:42:52,2026-04-26,25.72,40.9,31.0
SEN041,2026-03-05 23:21:12,2026-03-05,24.5,44.1,75.0
SEN033,2026-06-09 14:17:47,2026-06-09,39.2,17.53,85.0
SEN011,2026-03-29 11:01:23,2026-03-29,33.28,24.2,85.0
SEN049,2026-01-19 20:14:52,2026-01-19,32.22,15.75,90.0
SEN034,2026-02-15 01:40:42,2026-02-15,35.0,,64.0
UNKNOWN,2026-05-29 00:14:41,2026-05-29,31.1,36.9,82.0
SEN005,2026-08-11 05:29:12,2026-08-11,15.72,13.21,30.0
UNKNOWN,2026-01-10 08:04:59,2026-01-10,25.5,13.2,
UNKNOWN,2026-04-30 00:00:00,2026-04-30,37.5,2.7,85.0
SEN004,2026-04-23 05:24:07,2026-04-23,23.9,30.2,68.0
SEN015,2026-05-12 08:06:41,2026-05-12,34.9,25.8,45.0
SEN005,2026-04-13 03:29:00,2026-04-13,21.9,0.2,48.0
SEN024,2026-05-02 18:38:49,2026-05-02,39.9,12.7,59.0
SEN042,2026-07-30 11:12:00,2026-07-30,26.0,24.7,37.0
SEN014,2026-02-21 16:36:05,2026-02-21,35.1,10.6,87.0
SEN037,2026-04-26 12:40:19,2026-04-26,29.61,14.7,39.0
SEN010,2026-01-16 16:31:48,2026-01-16,15.2,16.0,95.0
SEN027,2026-08-31 18:46:50,2026-08-31,27.89,13.2,90.0
SEN033,2026-01-17 16:37:52,2026-01-17,25.9,13.0,38.0
SEN042,2026-04-30 09:31:33,2026-04-30,38.0,1.78,41.0
SEN021,2026-06-09 16:22:00,2026-06-09,21.11,28.8,79.0
SEN049,2026-03-27 17:58:51,2026-03-27,33.2,28.3,64.0
SEN031,2026-01-20 22:03:09,2026-01-20,38.39,,
UNKNOWN,2026-02-07 10:03:48,2026-02-07,21.6,,34.0
SEN047,2026-04-28 00:00:00,2026-04-28,18.3,,49.0
SEN017,2026-01-27 05:50:48,2026-01-27,36.7,13.0,87.0
SEN039,2026-03-25 00:25:05,2026-03-25,16.5,30.73,40.0
SEN047,2026-06-02 04:07:40,2026-06-02,22.7,7.0,71.0
SEN039,2026-08-12 16:00:06,2026-08-12,23.5,24.3,36.0
SEN031,2026-05-22 16:27:37,2026-05-22,21.7,43.6,91.0
SEN049,2026-09-09 11:59:54,2026-09-09,18.11,29.0,55.0
SEN022,2026-02-11 12:30:53,2026-02-11,17.0,41.4,40.0
SEN039,2026-07-23 15:25:05,2026-07-23,17.78,30.99,
SEN028,2026-07-21 06:05:12,2026-07-21,31.5,45.4,83.0
SEN022,2026-06-07 04:54:15,2026-06-07,17.6,31.8,95.0
SEN028,2026-09-09 20:12:23,2026-09-09,24.8,16.0,52.0
SEN002,2026-08-01 04:57:46,2026-08-01,28.3,10.41,42.0
SEN003,2026-07-19 15:28:19,2026-07-19,25.11,,77.0
SEN001,2026-06-12 06:30:53,2026-06-12,20.39,4.57,79.0
SEN040,2026-09-02 15:51:33,2026-09-02,29.3,38.1,44.0
SEN037,2026-06-11 01:14:02,2026-06-11,39.8,15.8,77.0
SEN050,2026-04-25 11:29:48,2026-04-25,27.8,26.9,77.0
SEN007,2026-02-19 05:15:27,2026-02-19,31.0,18.6,87.0
UNKNOWN,2026-04-26 23:12:00,2026-04-26,20.7,23.1,54.0
SEN006,2026-07-10 20:52:27,2026-07-10,21.2,22.0,
SEN006,2026-01-21 15:47:43,2026-01-21,33.3,21.2,41.0
SEN008,2026-02-03 03:13:10,2026-02-03,25.9,21.8,33.0
SEN038,2026-07-22 23:22:02,2026-07-22,30.2,15.7,37.0
SEN014,2026-06-22 07:49:47,2026-06-22,16.3,,52.0
SEN036,2026-07-25 17:48:48,2026-07-25,27.22,23.1,63.0
SEN003,2026-03-04 19:50:27,2026-03-04,28.8,2.2,59.0
SEN015,2026-07-05 15:44:00,2026-07-05,39.7,45.2,77.0
SEN019,2026-03-31 14:49:00,2026-03-31,20.8,44.3,95.0
SEN014,2026-02-23 21:38:06,2026-02-23,18.39,49.6,60.0
SEN009,2026-03-10 01:07:01,2026-03-10,36.0,33.8,80.0
SEN034,2026-06-06 19:27:03,2026-06-06,23.89,37.7,32.0
SEN015,2026-05-21 19:09:56,2026-05-21,17.2,46.2,45.0
SEN023,2026-07-27 08:46:00,2026-07-27,24.3,14.6,41.0
SEN013,2026-06-30 03:36:55,2026-06-30,33.1,29.97,53.0
SEN019,2026-06-21 16:45:46,2026-06-21,38.28,23.5,42.0
SEN046,2026-08-24 11:00:52,2026-08-24,27.89,34.54,45.0
SEN027,2026-05-06 17:00:24,2026-05-06,26.7,31.2,68.0
SEN015,2026-01-25 06:51:15,2026-01-25,21.6,12.5,49.0
SEN011,2026-06-16 16:20:39,2026-06-16,17.39,4.9,78.0
SEN017,2026-01-15 10:58:57,2026-01-15,20.0,6.86,56.0
SEN049,2026-02-13 13:48:29,2026-02-13,27.6,33.2,46.0
SEN003,2026-07-10 23:02:46,2026-07-10,20.11,21.08,
SEN009,2026-01-31 18:01:02,2026-01-31,32.2,26.4,86.0
SEN035,2026-05-22 00:50:00,2026-05-22,33.0,9.14,70.0
SEN011,2026-05-03 01:46:23,2026-05-03,18.78,16.51,38.0
SEN042,2026-04-04 00:34:03,2026-04-04,23.78,11.7,70.0
SEN024,2026-08-05 04:53:46,2026-08-05,29.3,45.0,43.0
SEN048,2026-06-12 13:30:56,2026-06-12,33.28,35.9,43.0
SEN038,2026-08-28 14:58:56,2026-08-28,25.61,46.48,
SEN026,2026-02-05 03:40:45,2026-02-05,36.61,36.1,90.0
SEN017,2026-04-30 00:00:00,2026-04-30,39.1,26.2,77.0
SEN028,2026-04-23 02:08:02,2026-04-23,39.0,6.2,40.0
SEN036,2026-01-26 23:55:18,2026-01-26,37.11,44.9,47.0
SEN023,2026-02-27 17:44:43,2026-02-27,38.1,21.5,78.0
SEN025,2026-07-02 23:17:41,2026-07-02,16.89,,
SEN046,2026-05-25 06:06:01,2026-05-25,30.8,21.7,44.0
SEN034,2026-08-24 07:15:23,2026-08-24,16.1,,39.0
SEN043,2026-04-25 08:22:17,2026-04-25,22.1,29.21,32.0
SEN015,2026-05-17 07:34:51,2026-05-17,35.78,45.4,83.0
SEN009,2026-03-01 11:21:00,2026-03-01,34.9,22.1,91.0
SEN035,2026-05-18 17:41:39,2026-05-18,37.89,10.2,68.0
SEN033,2026-09-07 00:00:00,2026-09-07,20.3,26.8,73.0
SEN004,2026-01-27 14:55:14,2026-01-27,35.22,,88.0
SEN025,2026-01-14 21:06:50,2026-01-14,20.7,6.0,
SEN004,2026-07-28 14:31:16,2026-07-28,20.0,40.39,50.0
UNKNOWN,2026-03-30 08:43:43,2026-03-30,25.1,11.0,68.0
SEN020,2026-07-19 22:24:49,2026-07-19,16.4,,57.0
SEN019,2026-01-15 14:49:24,2026-01-15,39.4,14.99,95.0
SEN037,2026-02-23 03:08:14,2026-02-23,28.2,23.5,67.0
SEN039,2026-02-19 01:53:40,2026-02-19,37.8,45.2,64.0
SEN025,2026-07-18 19:19:36,2026-07-18,19.8,10.7,38.0
SEN036,2026-08-02 05:06:00,2026-08-02,34.8,,86.0
SEN032,2026-07-31 09:55:31,2026-07-31,38.0,2.29,36.0
SEN003,2026-05-02 06:12:38,2026-05-02,37.0,17.27,70.0
UNKNOWN,2026-07-11 21:43:13,2026-07-11,20.0,21.59,74.0
SEN019,2026-01-20 21:26:38,2026-01-20,38.3,2.54,59.0
SEN021,2026-02-12 19:06:20,2026-02-12,17.1,46.7,84.0
SEN005,2026-04-25 11:23:31,2026-04-25,23.2,17.9,56.0
SEN034,2026-06-10 22:31:40,2026-06-10,27.89,18.7,93.0
SEN045,2026-04-09 22:58:23,2026-04-09,25.3,29.4,76.0
SEN046,2026-08-26 11:45:13,2026-08-26,29.5,6.86,
SEN017,2026-07-03 16:06:07,2026-07-03,32.89,10.9,43.0
SEN008,2026-03-15 10:07:14,2026-03-15,32.11,,35.0
SEN011,2026-01-20 04:02:26,2026-01-20,26.8,0.7,42.0
SEN050,2026-05-07 23:10:01,2026-05-07,34.9,44.2,35.0
SEN011,2026-03-01 00:11:07,2026-03-01,20.1,7.6,50.0
SEN049,2026-06-06 16:05:12,2026-06-06,31.1,49.5,43.0
SEN042,2026-07-08 23:09:40,2026-07-08,31.9,39.88,39.0
SEN040,2026-04-26 00:13:08,2026-04-26,36.5,48.1,40.0
SEN049,2026-01-06 08:07:09,2026-01-06,16.61,42.0,83.0
SEN031,2026-03-08 10:14:14,2026-03-08,15.61,32.1,91.0
SEN013,2026-07-07 14:36:49,2026-07-07,34.5,,71.0
SEN025,2026-04-11 02:32:12,2026-04-11,16.0,,50.0
SEN039,2026-01-24 09:03:23,2026-01-24,17.1,34.5,49.0
SEN016,2026-07-26 20:12:45,2026-07-26,28.1,0.6,38.0
SEN001,2026-09-07 16:39:07,2026-09-07,30.0,9.14,35.0
SEN028,2026-09-05 09:04:08,2026-09-05,22.7,14.1,34.0
SEN005,2026-01-11 13:46:00,2026-01-11,27.8,22.1,59.0
SEN003,2026-07-29 13:44:53,2026-07-29,20.1,14.4,35.0
SEN033,2026-08-07 06:23:35,2026-08-07,35.22,40.64,51.0
SEN028,2026-05-11 00:21:07,2026-05-11,24.22,49.1,39.0
UNKNOWN,2026-06-26 06:21:16,2026-06-26,23.3,33.6,30.0
SEN003,2026-03-26 21:31:00,2026-03-26,32.39,41.4,82.0
SEN020,2026-07-17 19:34:39,2026-07-17,37.11,33.27,61.0
SEN005,2026-04-04 13:38:00,2026-04-04,39.89,0.0,50.0
SEN018,2026-02-06 01:33:33,2026-02-06,18.7,41.91,38.0
SEN024,2026-06-17 17:04:06,2026-06-17,32.22,33.27,92.0
SEN007,2026-01-23 10:10:02,2026-01-23,32.7,48.77,
SEN031,2026-05-17 10:09:39,2026-05-17,30.22,,37.0
SEN027,2026-07-20 23:00:00,2026-07-20,21.6,,89.0
SEN042,2026-03-02 18:21:38,2026-03-02,17.39,1.6,82.0
SEN014,2026-04-14 12:16:29,2026-04-14,27.0,,60.0
SEN014,2026-02-20 10:42:20,2026-02-20,28.2,44.8,93.0
SEN024,2026-08-15 17:58:10,2026-08-15,16.2,40.9,51.0
SEN045,2026-01-08 10:04:53,2026-01-08,23.0,32.5,68.0
SEN048,2026-05-11 19:34:55,2026-05-11,23.72,21.2,30.0
SEN009,2026-05-22 15:12:05,2026-05-22,17.7,6.1,84.0
SEN043,2026-01-13 10:12:56,2026-01-13,31.61,23.9,37.0
SEN026,2026-05-27 06:22:10,2026-05-27,35.6,27.3,34.0
SEN037,2026-06-23 17:38:17,2026-06-23,19.39,42.0,
SEN047,2026-04-05 08:06:15,2026-04-05,30.7,46.4,45.0
SEN012,2026-01-11 16:24:48,2026-01-11,17.5,45.0,44.0
SEN001,2026-01-05 22:39:31,2026-01-05,37.4,36.0,92.0
UNKNOWN,2026-09-02 16:23:41,2026-09-02,33.4,26.7,94.0
SEN035,2026-05-12 15:15:17,2026-05-12,26.5,43.18,35.0
SEN007,2026-06-01 00:39:40,2026-06-01,29.22,13.8,
SEN009,2026-01-02 11:53:51,2026-01-02,30.61,33.78,42.0
SEN002,2026-02-09 21:13:54,2026-02-09,38.28,,48.0
SEN033,2026-09-01 03:38:27,2026-09-01,24.28,22.9,30.0
UNKNOWN,2026-06-04 08:30:33,2026-06-04,28.78,2.8,53.0
SEN039,2026-07-19 01:00:06,2026-07-19,31.2,,31.0
SEN013,2026-06-12 19:35:41,2026-06-12,35.39,42.2,62.0
SEN017,2026-02-12 11:14:05,2026-02-12,38.0,32.0,49.0
UNKNOWN,2026-01-03 18:26:02,2026-01-03,21.39,25.3,
SEN046,2026-09-03 11:57:01,2026-09-03,33.22,31.2,55.0
SEN002,2026-07-31 15:01:15,2026-07-31,17.7,21.08,60.0
UNKNOWN,2026-04-14 05:15:47,2026-04-14,30.7,42.42,71.0
SEN016,2026-04-05 18:09:00,2026-04-05,30.8,31.3,65.0
SEN049,2026-03-14 03:19:50,2026-03-14,39.6,27.69,30.0
SEN019,2026-03-03 13:26:57,2026-03-03,27.4,17.02,58.0
SEN040,2026-02-20 11:38:27,2026-02-20,20.22,31.5,83.0
SEN021,2026-02-21 13:27:43,2026-02-21,36.6,26.1,40.0
SEN017,2026-05-31 19:11:42,2026-05-31,24.5,3.8,88.0
SEN040,2026-05-18 17:29:40,2026-05-18,15.28,26.16,56.0
SEN035,2026-07-18 01:36:23,2026-07-18,38.22,13.0,
SEN036,2026-01-19 06:51:06,2026-01-19,30.4,40.39,40.0
SEN004,2026-02-09 02:46:42,2026-02-09,29.39,5.3,35.0
SEN017,2026-05-18 01:48:01,2026-05-18,17.5,38.61,
SEN041,2026-02-01 13:41:58,2026-02-01,21.72,41.6,
SEN026,2026-04-02 22:32:08,2026-04-02,31.8,8.13,62.0
SEN033,2026-06-03 17:48:15,2026-06-03,21.7,14.8,47.0
SEN035,2026-07-25 10:29:53,2026-07-25,21.0,,70.0
SEN046,2026-01-05 16:32:55,2026-01-05,17.4,14.1,32.0
SEN020,2026-07-24 14:06:53,2026-07-24,36.22,0.7,65.0
SEN008,2026-07-20 02:21:21,2026-07-20,32.61,,50.0
SEN005,2026-07-23 22:14:28,2026-07-23,33.5,10.4,94.0
SEN027,2026-06-17 06:53:16,2026-06-17,22.4,32.51,88.0
SEN044,2026-07-06 18:53:20,2026-07-06,30.0,17.5,70.0
SEN005,2026-09-05 10:22:51,2026-09-05,16.39,7.5,39.0
UNKNOWN,2026-07-23 05:31:33,2026-07-23,22.7,,82.0
SEN030,2026-03-07 08:26:22,2026-03-07,35.11,10.67,
SEN040,2026-06-08 20:52:37,2026-06-08,19.72,38.2,75.0
SEN032,2026-02-12 02:19:27,2026-02-12,15.22,37.85,94.0
SEN031,2026-08-24 13:09:48,2026-08-24,21.6,,39.0
SEN043,2026-03-13 08:01:06,2026-03-13,39.8,,44.0
SEN004,2026-07-29 00:00:00,2026-07-29,17.3,47.5,74.0
SEN013,2026-06-01 11:58:40,2026-06-01,21.2,,72.0
SEN035,2026-02-10 07:41:46,2026-02-10,35.4,38.1,37.0
SEN021,2026-07-25 10:13:06,2026-07-25,38.5,43.5,85.0
SEN016,2026-01-28 03:24:52,2026-01-28,25.72,,45.0
SEN032,2026-06-03 09:36:08,2026-06-03,30.9,20.2,
SEN021,2026-02-22 14:59:28,2026-02-22,19.72,3.81,42.0
SEN031,2026-06-08 22:47:25,2026-06-08,22.11,38.86,94.0
SEN042,2026-09-07 11:17:19,2026-09-07,27.6,31.1,46.0
SEN046,2026-04-17 17:24:31,2026-04-17,20.7,24.89,61.0
SEN031,2026-07-02 04:13:19,2026-07-02,32.39,26.1,67.0
SEN021,2026-03-28 22:03:00,2026-03-28,30.78,23.11,65.0
UNKNOWN,2026-04-26 09:44:12,2026-04-26,16.2,36.3,59.0
SEN032,2026-08-08 00:25:59,2026-08-08,28.8,43.43,54.0
SEN048,2026-08-26 23:57:15,2026-08-26,37.5,,34.0
SEN008,2026-03-24 14:21:29,2026-03-24,24.89,28.4,35.0
SEN041,2026-08-18 19:09:24,2026-08-18,25.3,4.83,
SEN025,2026-01-25 04:29:14,2026-01-25,16.89,21.9,67.0
SEN042,2026-09-02 02:05:59,2026-09-02,28.8,42.93,88.0
SEN033,2026-08-22 04:36:44,2026-08-22,16.22,16.6,84.0
SEN034,2026-03-29 16:41:06,2026-03-29,30.89,15.9,74.0
SEN007,2026-03-18 17:44:03,2026-03-18,23.0,,33.0
SEN031,2026-07-31 10:19:00,2026-07-31,31.9,49.8,45.0
SEN010,2026-08-13 08:52:55,2026-08-13,28.0,36.7,56.0
SEN020,2026-05-17 05:43:31,2026-05-17,37.72,34.04,50.0
SEN008,2026-02-03 07:52:51,2026-02-03,29.4,9.4,
SEN017,2026-07-20 12:52:04,2026-07-20,37.0,44.7,48.0
SEN003,2026-08-30 23:55:22,2026-08-30,23.61,36.58,53.0
SEN046,2026-06-25 16:11:37,2026-06-25,20.72,45.9,
SEN005,2026-03-24 19:56:27,2026-03-24,22.9,16.3,78.0
SEN036,2026-04-16 20:02:16,2026-04-16,33.3,18.03,53.0
SEN033,2026-02-09 02:40:50,2026-02-09,20.7,21.0,70.0
SEN041,2026-04-12 01:54:43,2026-04-12,20.6,9.65,53.0
SEN006,2026-04-08 22:26:30,2026-04-08,31.6,,66.0
SEN008,2026-02-17 04:51:29,2026-02-17,39.39,3.6,83.0
SEN008,2026-08-06 19:52:39,2026-08-06,19.7,13.97,76.0
SEN045,2026-05-22 17:46:13,2026-05-22,15.9,,72.0
SEN029,2026-03-05 00:00:00,2026-03-05,24.39,34.6,84.0
SEN013,2026-02-13 04:13:41,2026-02-13,39.0,9.4,52.0
SEN034,2026-09-04 02:22:47,2026-09-04,16.5,30.8,68.0
SEN002,2026-03-30 06:08:03,2026-03-30,27.6,39.1,92.0
SEN044,2026-04-21 23:36:54,2026-04-21,34.9,35.2,87.0
SEN040,2026-04-27 15:50:00,2026-04-27,19.4,41.5,81.0
SEN032,2026-02-05 04:55:38,2026-02-05,34.9,9.14,91.0
SEN034,2026-03-05 19:39:55,2026-03-05,37.9,28.8,81.0
SEN032,2026-05-13 12:59:11,2026-05-13,39.11,2.54,45.0
SEN019,2026-02-24 22:35:54,2026-02-24,20.0,47.6,60.0
SEN025,2026-01-30 22:35:51,2026-01-30,38.28,47.5,58.0
SEN020,2026-02-01 08:15:19,2026-02-01,36.6,38.35,44.0
SEN029,2026-02-19 04:20:12,2026-02-19,31.6,41.0,37.0
SEN040,2026-02-02 21:12:33,2026-02-02,16.28,0.76,
SEN034,2026-07-13 15:51:56,2026-07-13,24.4,1.78,60.0
SEN005,2026-03-27 07:07:26,2026-03-27,27.1,20.8,36.0
SEN010,2026-08-09 16:27:02,2026-08-09,23.39,8.13,79.0
SEN048,2026-01-24 11:24:18,2026-01-24,34.7,27.6,83.0
SEN003,2026-02-21 19:14:52,2026-02-21,19.9,34.3,66.0
SEN029,2026-05-16 02:36:53,2026-05-16,22.2,46.5,57.0
SEN016,2026-03-16 18:01:55,2026-03-16,25.4,29.21,58.0
SEN031,2026-02-08 01:39:02,2026-02-08,28.1,18.0,51.0
SEN035,2026-05-16 15:49:36,2026-05-16,26.28,32.8,37.0
SEN012,2026-07-12 08:46:25,2026-07-12,32.78,,
SEN003,2026-02-26 23:34:57,2026-02-26,25.9,18.4,93.0
SEN020,2026-04-14 04:06:48,2026-04-14,24.5,30.0,55.0
SEN028,2026-08-03 08:51:29,2026-08-03,24.2,35.2,94.0
SEN007,2026-05-01 22:04:59,2026-05-01,34.61,,38.0
SEN017,2026-09-02 22:56:40,2026-09-02,39.3,11.0,36.0
SEN008,2026-08-25 04:03:14,2026-08-25,18.1,,74.0
SEN036,2026-06-09 20:41:58,2026-06-09,23.5,18.9,
SEN014,2026-03-08 17:06:51,2026-03-08,38.72,23.9,71.0
SEN045,2026-01-30 21:32:43,2026-01-30,36.61,2.9,44.0
SEN002,2026-07-23 14:29:28,2026-07-23,28.3,48.7,32.0
SEN011,2026-02-17 21:04:50,2026-02-17,35.8,30.23,60.0
SEN015,2026-05-24 19:55:49,2026-05-24,16.0,,92.0
SEN014,2026-02-03 09:52:04,2026-02-03,31.7,,32.0
SEN030,2026-02-20 16:11:52,2026-02-20,19.0,29.0,50.0
UNKNOWN,2026-02-21 07:37:57,2026-02-21,18.9,32.6,35.0
SEN015,2026-04-08 12:14:00,2026-04-08,28.3,32.5,
SEN026,2026-06-08 05:37:25,2026-06-08,32.0,33.02,32.0
SEN032,2026-02-10 22:18:16,2026-02-10,32.11,29.8,69.0
SEN025,2026-07-03 14:51:09,2026-07-03,22.7,48.9,42.0
SEN029,2026-06-09 21:49:31,2026-06-09,25.39,,69.0
SEN030,2026-08-20 11:06:11,2026-08-20,36.61,49.0,57.0
SEN018,2026-08-08 00:29:19,2026-08-08,31.11,16.51,94.0
SEN026,2026-07-28 16:14:23,2026-07-28,24.0,44.8,60.0
SEN034,2026-05-21 13:33:53,2026-05-21,31.0,27.6,86.0
SEN021,2026-01-13 20:11:35,2026-01-13,31.7,41.6,74.0
SEN040,2026-03-24 10:15:44,2026-03-24,27.5,7.37,56.0
SEN001,2026-07-08 09:25:16,2026-07-08,36.0,42.3,38.0
SEN028,2026-01-26 21:39:45,2026-01-26,34.7,41.7,85.0
SEN029,2026-01-11 09:40:53,2026-01-11,36.5,46.4,32.0
SEN036,2026-05-24 19:02:40,2026-05-24,25.4,45.72,69.0
SEN034,2026-04-02 08:03:52,2026-04-02,22.11,3.1,43.0
UNKNOWN,2026-06-05 04:13:19,2026-06-05,17.8,15.9,36.0
SEN038,2026-03-12 09:00:44,2026-03-12,15.22,48.5,43.0
SEN011,2026-06-12 17:48:05,2026-06-12,22.0,23.37,89.0
SEN026,2026-08-31 21:37:27,2026-08-31,18.0,14.73,55.0
SEN046,2026-01-18 13:19:05,2026-01-18,30.61,39.62,91.0
SEN005,2026-01-20 03:58:37,2026-01-20,38.5,43.1,69.0
SEN029,2026-06-15 18:23:02,2026-06-15,37.5,32.4,95.0
SEN038,2026-07-20 04:28:58,2026-07-20,29.6,29.0,86.0
SEN018,2026-07-03 15:22:18,2026-07-03,19.89,10.3,30.0
SEN048,2026-06-26 04:31:22,2026-06-26,28.2,,74.0
SEN011,2026-08-11 06:42:21,2026-08-11,38.9,45.47,66.0
SEN026,2026-04-17 01:11:41,2026-04-17,19.72,10.16,64.0
SEN015,2026-01-03 08:57:37,2026-01-03,32.3,30.48,39.0
SEN027,2026-03-15 16:28:30,2026-03-15,37.89,21.7,84.0
SEN039,2026-08-08 18:59:14,2026-08-08,30.6,1.52,67.0
SEN015,2026-04-11 14:30:32,2026-04-11,33.61,34.4,61.0
SEN020,2026-03-10 18:11:02,2026-03-10,39.1,22.35,83.0
SEN030,2026-03-05 07:21:50,2026-03-05,38.5,4.9,71.0
SEN040,2026-03-21 04:37:36,2026-03-21,35.61,32.6,
SEN022,2026-06-29 21:08:21,2026-06-29,29.6,12.2,
SEN045,2026-09-05 07:54:46,2026-09-05,26.89,28.4,31.0
SEN003,2026-02-14 03:58:54,2026-02-14,33.3,22.5,93.0
SEN048,2026-02-19 16:38:00,2026-02-19,19.7,,35.0
SEN009,2026-08-20 17:25:40,2026-08-20,21.8,,31.0
SEN020,2026-03-23 08:22:49,2026-03-23,27.7,6.0,67.0
SEN030,2026-07-25 09:38:14,2026-07-25,15.9,40.39,60.0
SEN027,2026-06-27 18:22:39,2026-06-27,22.28,19.0,84.0
SEN010,2026-05-01 00:00:00,2026-05-01,27.8,19.5,
SEN018,2026-01-24 13:50:12,2026-01-24,36.0,14.73,80.0
SEN005,2026-08-19 13:31:18,2026-08-19,20.7,28.5,33.0
SEN010,2026-01-17 12:25:35,2026-01-17,34.39,40.64,60.0
SEN021,2026-02-02 23:20:27,2026-02-02,16.61,1.6,41.0
SEN034,2026-09-03 21:13:06,2026-09-03,27.8,30.2,36.0
SEN004,2026-03-20 03:49:30,2026-03-20,31.9,,65.0
SEN044,2026-06-10 02:44:21,2026-06-10,26.0,19.81,41.0
SEN013,2026-06-22 18:33:07,2026-06-22,25.0,,45.0
SEN001,2026-02-25 00:39:00,2026-02-25,32.9,11.4,81.0
SEN028,2026-01-07 20:07:35,2026-01-07,27.39,22.8,
SEN013,2026-08-26 19:19:45,2026-08-26,27.5,37.7,
SEN028,2026-08-04 22:47:44,2026-08-04,36.4,,71.0
SEN016,2026-01-09 03:14:50,2026-01-09,15.78,,93.0
SEN019,2026-02-15 14:03:00,2026-02-15,33.72,44.8,83.0
SEN046,2026-07-27 07:14:15,2026-07-27,32.39,17.53,64.0
SEN050,2026-07-16 21:14:21,2026-07-16,17.22,3.81,31.0
SEN043,2026-09-02 07:53:34,2026-09-02,39.0,0.1,30.0
SEN012,2026-02-12 23:53:24,2026-02-12,19.5,21.5,94.0
SEN001,2026-09-03 00:00:00,2026-09-03,21.9,3.9,86.0
UNKNOWN,2026-03-29 01:42:05,2026-03-29,33.39,29.1,84.0
SEN043,2026-01-14 17:15:47,2026-01-14,38.22,32.6,93.0
SEN006,2026-08-12 03:40:01,2026-08-12,32.9,40.64,61.0
SEN016,2026-05-04 14:03:02,2026-05-04,35.1,,92.0
UNKNOWN,2026-03-27 05:17:23,2026-03-27,18.6,27.6,84.0
SEN022,2026-08-11 11:22:00,2026-08-11,23.7,23.4,39.0
SEN043,2026-06-08 16:14:47,2026-06-08,33.28,29.7,50.0
SEN035,2026-01-17 14:02:07,2026-01-17,22.3,39.12,85.0
SEN028,2026-05-17 22:51:32,2026-05-17,17.5,3.8,35.0
SEN017,2026-06-16 08:46:37,2026-06-16,33.0,41.3,62.0
SEN015,2026-04-05 04:06:58,2026-04-05,26.0,42.6,52.0
SEN005,2026-01-15 00:20:15,2026-01-15,18.22,11.0,93.0
SEN005,2026-04-08 06:23:21,2026-04-08,18.72,,72.0
SEN020,2026-08-21 20:25:38,2026-08-21,26.61,26.4,61.0
UNKNOWN,2026-04-15 17:07:25,2026-04-15,18.6,0.1,91.0
SEN034,2026-02-08 14:49:09,2026-02-08,19.5,,57.0
SEN016,2026-02-09 14:49:00,2026-02-09,25.2,23.6,43.0
SEN033,2026-08-05 10:59:06,2026-08-05,18.4,,50.0
SEN010,2026-02-12 06:30:50,2026-02-12,18.3,12.7,95.0
SEN044,2026-05-11 20:12:47,2026-05-11,31.2,1.78,79.0
SEN031,2026-07-27 11:03:00,2026-07-27,30.11,19.56,42.0
SEN050,2026-04-16 23:40:56,2026-04-16,29.22,45.21,35.0
SEN029,2026-02-02 13:53:13,2026-02-02,28.72,30.8,76.0
SEN038,2026-06-30 07:13:40,2026-06-30,33.6,26.2,65.0
SEN006,2026-08-27 00:09:10,2026-08-27,33.0,44.6,80.0
SEN035,2026-07-01 04:22:30,2026-07-01,21.1,37.59,84.0
SEN036,2026-08-30 08:28:51,2026-08-30,31.0,,64.0
SEN004,2026-04-04 01:18:04,2026-04-04,34.3,16.7,61.0
SEN008,2026-03-05 20:55:31,2026-03-05,22.5,34.8,78.0
SEN017,2026-08-15 17:32:57,2026-08-15,38.7,33.78,53.0
SEN013,2026-03-31 00:19:26,2026-03-31,30.39,35.5,37.0
SEN032,2026-01-07 11:14:58,2026-01-07,21.3,6.0,37.0
SEN032,2026-06-17 02:13:12,2026-06-17,17.8,6.9,92.0
SEN043,2026-02-26 23:00:00,2026-02-26,31.0,1.4,35.0
SEN020,2026-06-19 06:25:34,2026-06-19,35.0,22.7,59.0
SEN029,2026-07-05 08:01:27,2026-07-05,39.5,34.9,57.0
SEN041,2026-06-19 20:16:53,2026-06-19,18.1,3.1,34.0
SEN001,2026-03-06 06:37:49,2026-03-06,22.2,5.7,71.0
SEN050,2026-08-27 02:36:36,2026-08-27,34.11,10.67,
SEN043,2026-06-13 23:35:14,2026-06-13,29.11,24.3,78.0
SEN027,2026-03-24 20:00:22,2026-03-24,34.2,24.38,38.0
UNKNOWN,2026-05-07 09:10:51,2026-05-07,34.22,38.9,56.0
SEN005,2026-05-27 13:22:53,2026-05-27,34.4,32.51,92.0
SEN035,2026-09-07 22:58:02,2026-09-07,19.7,38.1,75.0
SEN032,2026-05-30 01:19:24,2026-05-30,33.28,31.75,50.0
SEN010,2026-04-29 02:38:47,2026-04-29,19.8,30.3,86.0
SEN023,2026-03-26 06:27:40,2026-03-26,24.9,21.84,
UNKNOWN,2026-03-07 06:42:45,2026-03-07,18.1,,38.0
SEN045,2026-06-13 18:10:09,2026-06-13,24.78,21.84,70.0
SEN045,2026-02-04 11:03:55,2026-02-04,24.3,4.3,
SEN018,2026-07-03 14:21:54,2026-07-03,15.1,,32.0
SEN017,2026-07-21 05:10:26,2026-07-21,35.3,32.26,
SEN013,2026-05-15 00:24:22,2026-05-15,29.1,0.1,55.0
SEN008,2026-08-20 23:51:16,2026-08-20,18.6,48.6,56.0
SEN010,2026-04-22 00:18:33,2026-04-22,16.7,25.2,68.0
SEN006,2026-02-19 00:39:19,2026-02-19,31.2,6.86,40.0
SEN044,2026-03-25 16:19:23,2026-03-25,33.72,32.0,46.0
UNKNOWN,2026-05-09 09:39:53,2026-05-09,22.5,48.3,84.0
SEN017,2026-06-26 12:56:25,2026-06-26,20.72,27.18,
SEN029,2026-01-02 23:26:59,2026-01-02,35.5,44.7,84.0
UNKNOWN,2026-08-02 03:11:18,2026-08-02,15.22,45.47,
UNKNOWN,2026-01-09 08:07:23,2026-01-09,36.3,18.5,50.0
SEN025,2026-08-01 20:21:08,2026-08-01,15.9,42.5,93.0
SEN004,2026-01-29 14:20:07,2026-01-29,32.89,26.4,87.0
SEN007,2026-02-26 13:24:37,2026-02-26,28.89,35.7,31.0
SEN050,2026-02-23 08:58:41,2026-02-23,21.1,7.37,87.0
SEN002,2026-07-12 17:51:17,2026-07-12,17.8,35.1,76.0
SEN025,2026-06-17 13:15:47,2026-06-17,18.11,35.05,46.0
SEN050,2026-05-18 22:08:44,2026-05-18,38.39,22.8,64.0
SEN050,2026-01-23 07:15:02,2026-01-23,24.3,9.4,72.0
SEN015,2026-01-31 01:19:07,2026-01-31,19.61,40.39,57.0
SEN012,2026-08-21 22:30:15,2026-08-21,39.0,34.7,40.0
SEN030,2026-03-26 21:38:07,2026-03-26,38.11,45.6,73.0
SEN013,2026-03-27 06:03:04,2026-03-27,35.4,20.6,63.0
SEN028,2026-06-27 06:52:00,2026-06-27,22.8,1.27,85.0
SEN042,2026-05-22 01:54:52,2026-05-22,36.0,41.4,74.0
SEN046,2026-01-03 10:52:00,2026-01-03,24.9,34.8,71.0
SEN035,2026-01-14 00:34:40,2026-01-14,16.7,48.5,46.0
SEN026,2026-06-19 08:21:22,2026-06-19,24.7,45.9,89.0
SEN036,2026-08-19 15:50:14,2026-08-19,39.4,49.28,78.0
UNKNOWN,2026-01-20 13:37:44,2026-01-20,32.39,1.7,41.0
UNKNOWN,2026-05-29 13:54:05,2026-05-29,24.22,40.4,68.0
SEN012,2026-05-07 07:30:46,2026-05-07,39.5,1.2,
SEN006,2026-09-08 19:57:42,2026-09-08,25.4,7.1,51.0
SEN030,2026-02-03 17:53:59,2026-02-03,18.3,,45.0
SEN004,2026-01-01 06:55:56,2026-01-01,24.7,0.4,93.0
SEN014,2026-06-11 17:16:22,2026-06-11,36.89,,49.0
UNKNOWN,2026-01-13 08:56:06,2026-01-13,22.3,24.0,73.0
SEN031,2026-01-06 05:23:37,2026-01-06,28.9,5.0,74.0
SEN031,2026-06-21 16:47:59,2026-06-21,35.3,44.2,74.0
SEN017,2026-03-07 00:50:49,2026-03-07,33.8,32.51,84.0
SEN004,2026-08-07 11:57:00,2026-08-07,19.39,36.4,71.0
SEN013,2026-02-20 14:02:20,2026-02-20,32.6,,89.0
SEN011,2026-07-31 09:13:42,2026-07-31,38.28,0.1,93.0
SEN025,2026-06-03 01:43:54,2026-06-03,35.5,39.7,
SEN003,2026-04-26 15:23:22,2026-04-26,28.9,48.1,
SEN022,2026-08-29 16:03:19,2026-08-29,17.39,13.3,90.0
SEN021,2026-08-10 01:44:39,2026-08-10,34.0,29.8,
SEN046,2026-01-14 11:43:30,2026-01-14,22.4,32.5,30.0
SEN050,2026-04-09 14:41:56,2026-04-09,26.1,,64.0
SEN030,2026-02-26 04:53:04,2026-02-26,31.28,0.2,30.0
SEN020,2026-04-09 18:06:00,2026-04-09,16.3,39.88,85.0
SEN021,2026-03-02 10:29:29,2026-03-02,21.89,40.5,62.0
SEN024,2026-04-09 02:59:36,2026-04-09,25.1,20.2,62.0
SEN032,2026-01-31 07:42:00,2026-01-31,36.78,,
SEN027,2026-06-08 19:57:58,2026-06-08,19.3,17.2,94.0
SEN031,2026-06-17 02:12:33,2026-06-17,25.2,44.4,60.0
SEN050,2026-04-27 12:16:12,2026-04-27,21.78,48.01,51.0
SEN050,2026-02-22 02:57:13,2026-02-22,39.5,,64.0
SEN004,2026-01-16 08:18:34,2026-01-16,21.5,26.67,78.0
SEN023,2026-07-05 18:27:00,2026-07-05,22.72,23.11,60.0
SEN050,2026-05-17 19:45:48,2026-05-17,28.5,1.1,71.0
SEN013,2026-02-02 02:36:15,2026-02-02,15.9,13.0,44.0
SEN030,2026-05-16 21:08:48,2026-05-16,30.78,14.2,90.0
UNKNOWN,2026-04-21 14:07:28,2026-04-21,29.72,41.0,39.0
SEN040,2026-05-21 07:03:04,2026-05-21,34.11,34.9,
SEN036,2026-01-06 21:21:46,2026-01-06,20.3,5.84,39.0
SEN006,2026-03-06 00:15:54,2026-03-06,22.5,,46.0
SEN002,2026-04-01 20:35:32,2026-04-01,23.4,,69.0
SEN001,2026-06-03 05:11:04,2026-06-03,31.5,42.0,54.0
UNKNOWN,2026-06-12 13:45:21,2026-06-12,33.6,48.9,46.0
SEN007,2026-05-03 08:44:21,2026-05-03,33.4,20.32,34.0
SEN042,2026-07-23 16:12:44,2026-07-23,35.5,14.99,75.0
UNKNOWN,2026-06-23 01:41:16,2026-06-23,34.9,,46.0
SEN024,2026-05-25 15:02:37,2026-05-25,27.6,39.88,88.0
SEN019,2026-03-27 01:54:00,2026-03-27,34.28,25.1,56.0
SEN003,2026-08-21 16:16:00,2026-08-21,24.7,33.9,30.0
SEN036,2026-06-09 03:03:27,2026-06-09,22.0,31.4,64.0
SEN005,2026-04-11 19:20:33,2026-04-11,30.39,9.3,
SEN012,2026-08-22 09:26:31,2026-08-22,28.72,40.4,63.0
SEN036,2026-03-19 23:42:00,2026-03-19,39.72,,46.0
UNKNOWN,2026-08-12 21:47:55,2026-08-12,26.89,22.6,71.0
SEN013,2026-06-11 23:49:45,2026-06-11,15.1,34.2,63.0
UNKNOWN,2026-04-12 11:44:25,2026-04-12,21.9,30.48,83.0
SEN009,2026-09-01 22:24:24,2026-09-01,24.4,4.3,50.0
SEN036,2026-04-13 15:19:45,2026-04-13,18.4,20.32,39.0
SEN004,2026-01-09 23:24:08,2026-01-09,19.39,,
SEN029,2026-01-02 21:47:38,2026-01-02,17.9,17.27,94.0
SEN032,2026-01-06 12:01:35,2026-01-06,15.11,12.9,33.0
SEN042,2026-06-25 04:04:27,2026-06-25,19.7,1.78,77.0
SEN023,2026-02-22 07:01:57,2026-02-22,28.6,,92.0
SEN047,2026-01-09 11:57:58,2026-01-09,30.8,45.21,
SEN002,2026-03-31 09:35:40,2026-03-31,31.72,34.2,35.0
SEN049,2026-01-05 11:57:07,2026-01-05,26.89,21.4,76.0
SEN027,2026-01-26 22:52:00,2026-01-26,23.4,15.1,86.0
SEN039,2026-02-20 00:38:22,2026-02-20,24.22,,44.0
SEN029,2026-08-10 14:52:28,2026-08-10,29.7,41.66,58.0
SEN012,2026-06-11 01:57:06,2026-06-11,26.11,27.43,47.0
SEN023,2026-06-04 01:53:00,2026-06-04,28.4,,
SEN005,2026-02-20 00:15:31,2026-02-20,18.72,3.81,86.0
SEN049,2026-04-26 20:36:14,2026-04-26,17.2,18.7,61.0
SEN019,2026-02-28 23:14:42,2026-02-28,32.9,,32.0
SEN033,2026-01-07 01:48:15,2026-01-07,21.7,47.5,64.0
SEN026,2026-07-21 00:06:19,2026-07-21,34.5,10.1,53.0
SEN013,2026-09-08 14:17:31,2026-09-08,17.2,13.9,49.0
SEN026,2026-06-01 15:44:03,2026-06-01,24.9,19.56,62.0
SEN035,2026-06-04 04:18:09,2026-06-04,24.28,30.8,62.0
SEN031,2026-06-17 20:42:17,2026-06-17,38.0,13.46,60.0
SEN047,2026-06-12 02:35:44,2026-06-12,18.2,48.01,95.0
SEN003,2026-07-24 11:21:00,2026-07-24,34.0,6.1,51.0
SEN027,2026-06-06 18:28:51,2026-06-06,33.8,45.72,84.0
UNKNOWN,2026-01-12 04:04:51,2026-01-12,22.5,,51.0
SEN010,2026-01-14 16:06:19,2026-01-14,24.0,49.78,61.0
SEN038,2026-05-20 20:04:26,2026-05-20,16.2,32.51,40.0
SEN040,2026-07-14 06:56:23,2026-07-14,38.9,15.6,31.0
UNKNOWN,2026-04-30 20:16:17,2026-04-30,32.0,36.32,79.0
SEN006,2026-03-16 22:05:41,2026-03-16,15.39,32.4,62.0
SEN042,2026-03-19 21:41:49,2026-03-19,16.72,,81.0
SEN001,2026-09-03 16:55:41,2026-09-03,16.39,29.72,
SEN046,2026-05-11 11:11:25,2026-05-11,27.22,9.4,60.0
SEN003,2026-01-20 00:12:40,2026-01-20,38.7,34.04,41.0
SEN043,2026-01-23 20:16:20,2026-01-23,27.2,15.1,83.0
SEN023,2026-04-27 10:23:46,2026-04-27,17.89,26.16,53.0
UNKNOWN,2026-07-08 20:17:29,2026-07-08,38.89,45.6,39.0
SEN008,2026-05-30 00:50:13,2026-05-30,27.2,,85.0
SEN015,2026-01-17 02:31:54,2026-01-17,40.0,27.2,68.0
SEN036,2026-08-08 13:55:05,2026-08-08,20.8,,73.0
SEN015,2026-08-14 04:43:34,2026-08-14,17.8,37.34,32.0
SEN011,2026-07-17 09:00:47,2026-07-17,30.7,20.6,55.0
SEN028,2026-03-15 13:43:32,2026-03-15,31.2,42.5,70.0
UNKNOWN,2026-03-24 20:46:01,2026-03-24,31.78,8.64,40.0
SEN036,2026-01-26 03:53:08,2026-01-26,38.89,5.7,83.0
SEN021,2026-02-10 05:18:57,2026-02-10,35.5,20.4,88.0
UNKNOWN,2026-06-08 17:24:56,2026-06-08,23.9,6.1,82.0
SEN033,2026-01-01 06:28:42,2026-01-01,28.2,48.5,86.0
SEN012,2026-04-29 15:49:54,2026-04-29,30.8,32.5,72.0
SEN047,2026-06-25 10:52:25,2026-06-25,37.28,24.38,83.0
UNKNOWN,2026-03-07 02:30:26,2026-03-07,18.4,18.5,
SEN030,2026-04-20 10:36:43,2026-04-20,28.0,49.6,67.0
SEN024,2026-06-03 08:54:31,2026-06-03,28.8,45.47,66.0
SEN015,2026-06-27 14:08:04,2026-06-27,30.8,39.4,65.0
SEN023,2026-08-10 10:46:11,2026-08-10,31.78,,52.0
SEN017,2026-08-24 10:10:07,2026-08-24,37.3,34.6,
SEN025,2026-06-05 21:46:35,2026-06-05,24.22,23.5,71.0
SEN041,2026-02-03 14:56:52,2026-02-03,36.2,23.37,53.0
SEN037,2026-01-09 11:52:42,2026-01-09,33.7,,63.0
UNKNOWN,2026-06-05 13:19:10,2026-06-05,16.7,39.3,68.0
SEN036,2026-01-21 22:00:30,2026-01-21,28.2,44.45,70.0
SEN038,2026-02-24 06:30:36,2026-02-24,22.39,9.1,41.0
SEN050,2026-03-11 00:00:00,2026-03-11,17.72,3.81,95.0
SEN043,2026-03-03 01:44:47,2026-03-03,23.1,,81.0
SEN026,2026-04-09 04:09:05,2026-04-09,19.8,19.3,95.0
SEN033,2026-01-25 05:00:19,2026-01-25,36.22,42.1,47.0
SEN019,2026-05-29 20:13:24,2026-05-29,22.0,0.7,33.0
SEN005,2026-03-06 15:44:57,2026-03-06,23.28,9.3,89.0
SEN023,2026-01-03 16:18:21,2026-01-03,28.8,29.5,38.0
SEN022,2026-06-29 14:01:36,2026-06-29,18.9,47.1,39.0
SEN013,2026-08-26 17:14:01,2026-08-26,35.3,2.4,40.0
SEN010,2026-01-08 02:28:59,2026-01-08,34.0,35.0,86.0
SEN011,2026-07-14 02:21:19,2026-07-14,32.61,,64.0
SEN022,2026-01-15 09:18:00,2026-01-15,24.28,,48.0
SEN042,2026-07-11 08:22:34,2026-07-11,33.89,,38.0
SEN014,2026-08-11 15:58:42,2026-08-11,23.0,,64.0
SEN014,2026-08-03 08:26:11,2026-08-03,24.4,41.0,52.0
SEN009,2026-01-01 17:39:10,2026-01-01,39.2,,61.0
SEN008,2026-03-04 15:46:10,2026-03-04,24.4,,
SEN028,2026-02-08 07:38:31,2026-02-08,18.0,30.99,
SEN006,2026-04-20 00:27:06,2026-04-20,34.78,3.5,41.0
SEN025,2026-07-03 06:27:59,2026-07-03,22.9,43.6,
UNKNOWN,2026-03-10 10:50:02,2026-03-10,22.2,4.4,35.0
SEN021,2026-02-20 17:35:47,2026-02-20,22.5,40.4,39.0
SEN008,2026-08-17 04:02:42,2026-08-17,29.6,12.0,60.0
SEN044,2026-05-29 03:36:19,2026-05-29,27.2,,41.0
SEN015,2026-02-09 22:39:59,2026-02-09,16.5,28.8,33.0
SEN035,2026-02-18 23:20:05,2026-02-18,21.5,42.4,72.0
SEN027,2026-04-16 18:56:41,2026-04-16,25.5,10.67,46.0
SEN039,2026-07-28 02:45:24,2026-07-28,36.6,25.6,85.0
SEN017,2026-03-21 09:34:39,2026-03-21,31.3,12.45,55.0
SEN034,2026-01-06 06:14:45,2026-01-06,37.3,14.2,30.0
SEN050,2026-08-10 01:32:20,2026-08-10,16.1,36.7,71.0
SEN036,2026-08-05 15:23:30,2026-08-05,22.3,,92.0
SEN006,2026-03-09 00:44:53,2026-03-09,37.6,29.2,
SEN014,2026-01-26 07:05:30,2026-01-26,29.39,6.6,64.0
SEN009,2026-08-19 13:03:30,2026-08-19,26.0,11.5,84.0
SEN009,2026-04-13 04:29:40,2026-04-13,22.5,36.07,88.0
SEN010,2026-03-02 20:41:06,2026-03-02,26.1,12.6,32.0
SEN025,2026-01-22 18:54:54,2026-01-22,23.9,,75.0
SEN019,2026-06-22 19:52:07,2026-06-22,28.89,,
SEN038,2026-07-03 00:27:21,2026-07-03,22.1,,
SEN031,2026-04-10 21:16:49,2026-04-10,19.89,28.3,94.0
SEN029,2026-01-26 16:49:24,2026-01-26,20.4,,78.0
SEN013,2026-05-18 09:26:06,2026-05-18,25.0,10.7,55.0
SEN018,2026-09-02 00:00:00,2026-09-02,15.3,24.7,95.0
SEN005,2026-03-25 18:33:42,2026-03-25,22.89,33.53,68.0
SEN010,2026-07-29 21:02:18,2026-07-29,15.6,6.1,78.0
SEN043,2026-04-04 13:37:49,2026-04-04,17.7,45.1,60.0
SEN033,2026-04-25 13:49:53,2026-04-25,26.78,,50.0
SEN042,2026-08-04 23:44:46,2026-08-04,35.6,45.9,67.0
SEN037,2026-07-05 22:59:29,2026-07-05,23.1,46.0,81.0
SEN046,2026-01-23 17:15:38,2026-01-23,39.0,,89.0
SEN013,2026-01-24 07:51:00,2026-01-24,20.7,49.4,39.0
SEN009,2026-02-10 14:20:10,2026-02-10,27.9,4.06,65.0
SEN004,2026-05-02 23:21:30,2026-05-02,39.9,9.0,50.0
SEN046,2026-03-04 10:44:46,2026-03-04,21.89,2.54,87.0
SEN030,2026-01-04 08:46:24,2026-01-04,37.72,44.7,56.0
SEN006,2026-07-18 23:27:10,2026-07-18,31.1,,83.0
SEN002,2026-07-10 06:34:57,2026-07-10,28.1,48.26,49.0
SEN007,2026-03-29 17:27:58,2026-03-29,22.11,44.7,47.0
SEN025,2026-07-09 00:00:00,2026-07-09,23.1,43.3,50.0
SEN041,2026-03-12 14:18:08,2026-03-12,29.22,16.6,72.0
UNKNOWN,2026-05-03 02:15:00,2026-05-03,30.1,41.6,94.0
SEN046,2026-02-06 21:59:15,2026-02-06,36.5,,70.0
SEN041,2026-06-23 16:29:24,2026-06-23,32.5,32.5,41.0
SEN037,2026-03-19 19:52:50,2026-03-19,21.3,,71.0
SEN043,2026-01-01 17:31:53,2026-01-01,23.1,33.6,55.0
SEN008,2026-09-04 14:23:34,2026-09-04,38.39,33.02,92.0
SEN003,2026-06-05 08:35:15,2026-06-05,39.7,24.38,50.0
SEN016,2026-08-14 10:32:56,2026-08-14,33.2,1.2,
SEN022,2026-04-29 16:48:22,2026-04-29,19.0,39.5,65.0
SEN012,2026-04-15 09:41:44,2026-04-15,31.22,17.1,43.0
SEN030,2026-05-28 20:05:21,2026-05-28,32.7,4.06,93.0
SEN049,2026-03-06 09:58:21,2026-03-06,38.8,22.0,46.0
SEN041,2026-06-25 11:37:59,2026-06-25,34.61,35.31,81.0
SEN045,2026-05-23 08:28:00,2026-05-23,32.3,27.9,95.0
SEN004,2026-05-03 13:59:00,2026-05-03,36.28,30.99,63.0
SEN039,2026-08-15 01:36:28,2026-08-15,17.9,12.2,
UNKNOWN,2026-03-18 20:39:05,2026-03-18,39.5,3.4,71.0
SEN031,2026-07-12 09:10:02,2026-07-12,21.9,29.1,32.0
SEN020,2026-06-15 02:12:25,2026-06-15,25.0,2.3,89.0
SEN046,2026-07-09 02:21:53,2026-07-09,25.89,29.3,61.0
SEN014,2026-09-01 18:19:00,2026-09-01,23.1,34.2,42.0
UNKNOWN,2026-01-16 12:07:32,2026-01-16,15.28,36.3,36.0
SEN006,2026-02-24 17:01:55,2026-02-24,28.22,5.33,
SEN012,2026-02-02 21:31:58,2026-02-02,32.28,,67.0
SEN007,2026-07-16 03:13:33,2026-07-16,29.6,28.2,35.0
SEN028,2026-09-04 08:27:41,2026-09-04,30.8,41.4,51.0
SEN003,2026-07-22 21:01:13,2026-07-22,39.22,32.9,
SEN039,2026-08-25 14:19:36,2026-08-25,36.3,42.3,86.0
SEN004,2026-06-03 15:00:30,2026-06-03,17.7,,60.0
SEN028,2026-01-03 22:03:51,2026-01-03,16.6,27.69,46.0
SEN046,2026-08-19 13:36:24,2026-08-19,32.3,17.6,44.0
SEN048,2026-06-23 22:33:45,2026-06-23,27.0,13.72,47.0
SEN024,2026-06-23 18:45:09,2026-06-23,25.1,,
SEN025,2026-07-27 16:34:50,2026-07-27,31.11,8.8,
SEN011,2026-03-11 08:39:19,2026-03-11,36.6,0.0,67.0
SEN020,2026-03-03 13:46:42,2026-03-03,37.8,,55.0
SEN009,2026-03-19 19:46:19,2026-03-19,35.0,41.6,54.0
SEN022,2026-05-20 08:39:08,2026-05-20,23.28,7.0,69.0
SEN042,2026-01-28 09:53:03,2026-01-28,39.72,19.1,90.0
SEN041,2026-02-03 02:27:22,2026-02-03,23.9,11.7,71.0
SEN042,2026-02-21 00:06:06,2026-02-21,21.4,6.0,92.0
SEN023,2026-01-31 21:16:08,2026-01-31,29.9,19.81,39.0
SEN047,2026-03-05 00:54:38,2026-03-05,37.2,17.7,88.0
SEN001,2026-03-26 08:59:03,2026-03-26,20.89,43.3,33.0
SEN015,2026-02-25 02:12:48,2026-02-25,33.5,34.04,94.0
SEN026,2026-01-16 17:37:42,2026-01-16,21.2,10.3,70.0
SEN038,2026-04-11 16:50:47,2026-04-11,35.1,31.8,71.0
SEN016,2026-04-09 23:56:41,2026-04-09,23.7,,47.0
UNKNOWN,2026-07-02 20:18:10,2026-07-02,21.4,7.3,81.0
SEN046,2026-01-15 21:23:00,2026-01-15,28.28,,57.0
SEN039,2026-03-02 00:00:00,2026-03-02,35.61,22.1,39.0
SEN009,2026-01-24 16:26:11,2026-01-24,28.61,,46.0
SEN010,2026-04-14 14:57:27,2026-04-14,27.0,,50.0
SEN001,2026-05-13 12:12:38,2026-05-13,19.89,,81.0
SEN044,2026-08-10 13:25:57,2026-08-10,21.3,42.5,66.0
SEN025,2026-01-01 00:38:00,2026-01-01,27.8,45.3,
SEN037,2026-04-13 19:35:43,2026-04-13,26.28,45.5,37.0
SEN041,2026-09-08 11:02:27,2026-09-08,23.5,7.4,35.0
SEN013,2026-06-15 20:56:05,2026-06-15,22.9,,53.0
SEN011,2026-04-09 13:27:31,2026-04-09,17.28,25.6,78.0
SEN020,2026-04-06 23:09:52,2026-04-06,24.7,36.9,71.0
SEN050,2026-09-07 20:36:11,2026-09-07,38.0,22.1,
SEN027,2026-05-26 18:33:34,2026-05-26,30.2,20.7,
SEN020,2026-06-22 20:44:22,2026-06-22,22.22,10.3,67.0
SEN017,2026-04-30 18:42:11,2026-04-30,36.2,23.3,36.0
UNKNOWN,2026-08-10 00:28:26,2026-08-10,17.5,,78.0
SEN029,2026-07-01 09:18:00,2026-07-01,37.8,25.6,62.0
SEN014,2026-09-06 00:15:34,2026-09-06,25.0,18.7,60.0
SEN009,2026-08-04 23:28:21,2026-08-04,23.3,47.3,38.0
SEN022,2026-07-05 09:21:20,2026-07-05,17.7,17.9,32.0
SEN030,2026-04-19 16:55:04,2026-04-19,30.89,35.1,32.0
SEN028,2026-03-26 14:04:00,2026-03-26,22.5,37.8,40.0
SEN035,2026-05-22 15:14:27,2026-05-22,20.8,9.91,
UNKNOWN,2026-01-13 22:46:21,2026-01-13,32.1,22.5,49.0
SEN024,2026-01-16 17:08:36,2026-01-16,37.7,8.1,80.0
SEN048,2026-01-07 06:34:59,2026-01-07,19.0,25.4,47.0
SEN044,2026-01-04 11:59:36,2026-01-04,30.4,39.2,34.0
SEN038,2026-04-26 07:21:09,2026-04-26,38.9,42.5,63.0
SEN042,2026-04-16 19:59:33,2026-04-16,15.11,16.3,75.0
SEN033,2026-08-04 05:35:46,2026-08-04,30.28,12.5,84.0
SEN003,2026-04-21 05:15:36,2026-04-21,39.8,36.1,85.0
SEN008,2026-04-06 14:04:41,2026-04-06,18.7,35.3,94.0
SEN039,2026-01-28 17:18:31,2026-01-28,33.9,19.4,40.0
SEN018,2026-03-24 04:37:45,2026-03-24,16.7,1.27,55.0
SEN014,2026-07-28 23:30:36,2026-07-28,19.2,4.6,71.0
SEN003,2026-04-07 20:22:08,2026-04-07,15.2,23.11,92.0
SEN029,2026-08-20 00:01:15,2026-08-20,29.61,18.7,61.0
SEN041,2026-05-01 21:27:30,2026-05-01,34.4,20.32,42.0
SEN036,2026-03-26 12:57:01,2026-03-26,29.9,,65.0
SEN002,2026-07-06 21:47:36,2026-07-06,30.5,,67.0
UNKNOWN,2026-05-12 13:35:10,2026-05-12,38.22,2.3,41.0
SEN047,2026-06-26 16:44:00,2026-06-26,15.28,30.23,85.0
SEN009,2026-06-14 17:01:45,2026-06-14,38.8,34.8,
SEN021,2026-01-11 13:18:37,2026-01-11,24.8,,94.0
SEN048,2026-05-26 00:00:00,2026-05-26,17.9,15.0,36.0
SEN013,2026-03-10 04:23:47,2026-03-10,26.7,3.7,80.0
SEN029,2026-03-18 21:37:00,2026-03-18,17.72,12.6,91.0
SEN037,2026-03-10 05:46:10,2026-03-10,24.9,,34.0
SEN012,2026-03-09 09:58:24,2026-03-09,30.2,10.6,84.0
SEN019,2026-05-13 11:08:03,2026-05-13,35.1,,36.0
SEN018,2026-05-11 01:17:00,2026-05-11,16.7,,44.0
SEN037,2026-03-16 15:21:04,2026-03-16,23.22,18.03,41.0
SEN027,2026-05-09 11:54:00,2026-05-09,32.5,8.0,36.0
SEN015,2026-08-12 23:32:08,2026-08-12,23.3,8.0,92.0
SEN017,2026-01-01 00:02:33,2026-01-01,26.1,29.7,40.0
SEN024,2026-05-05 11:40:00,2026-05-05,29.5,,35.0
SEN041,2026-02-08 12:49:59,2026-02-08,26.72,45.8,42.0
SEN021,2026-05-05 16:48:21,2026-05-05,16.5,35.3,95.0
SEN011,2026-03-16 00:07:33,2026-03-16,30.5,37.08,50.0
SEN046,2026-04-29 12:11:22,2026-04-29,22.72,33.1,37.0
SEN016,2026-04-28 22:43:19,2026-04-28,22.3,39.5,84.0
SEN036,2026-06-14 17:28:09,2026-06-14,29.9,49.02,60.0
SEN032,2026-01-16 17:51:12,2026-01-16,28.2,16.7,64.0
SEN029,2026-05-20 07:45:03,2026-05-20,17.5,29.7,45.0
SEN038,2026-05-05 20:49:38,2026-05-05,19.0,43.3,70.0
SEN033,2026-01-31 11:19:44,2026-01-31,35.72,39.4,69.0
SEN038,2026-09-09 20:42:34,2026-09-09,19.8,44.3,30.0
SEN030,2026-03-17 08:43:51,2026-03-17,20.11,49.4,79.0
SEN047,2026-06-27 22:42:50,2026-06-27,34.8,16.6,51.0
SEN012,2026-08-04 23:46:48,2026-08-04,31.0,39.88,43.0
SEN050,2026-04-29 13:49:48,2026-04-29,33.1,39.37,51.0
SEN004,2026-04-10 04:13:01,2026-04-10,18.6,2.54,92.0
SEN033,2026-01-17 15:39:21,2026-01-17,16.7,6.3,62.0
SEN046,2026-01-14 02:22:07,2026-01-14,27.3,31.0,48.0
SEN002,2026-04-13 18:08:05,2026-04-13,29.72,8.64,72.0
SEN019,2026-08-11 17:16:59,2026-08-11,36.61,38.3,64.0
SEN006,2026-05-22 14:07:58,2026-05-22,25.3,1.52,88.0
SEN011,2026-01-29 12:45:29,2026-01-29,34.5,17.3,30.0
SEN026,2026-09-04 21:13:53,2026-09-04,30.5,19.6,49.0
SEN040,2026-03-27 10:39:00,2026-03-27,21.4,7.0,92.0
SEN050,2026-05-11 13:42:03,2026-05-11,26.39,8.9,56.0
SEN014,2026-08-08 06:18:12,2026-08-08,23.28,6.0,80.0
SEN008,2026-02-02 10:18:22,2026-02-02,37.0,30.4,94.0
SEN018,2026-03-01 00:00:00,2026-03-01,17.61,32.8,65.0
SEN045,2026-07-09 05:27:25,2026-07-09,39.8,14.5,42.0
SEN048,2026-06-13 16:52:53,2026-06-13,35.61,44.7,93.0
SEN004,2026-06-23 06:58:25,2026-06-23,23.7,14.0,34.0
SEN027,2026-08-24 20:04:36,2026-08-24,37.0,12.5,75.0
SEN043,2026-07-14 13:22:52,2026-07-14,24.22,13.5,60.0
SEN040,2026-01-22 00:47:20,2026-01-22,37.11,47.24,40.0
UNKNOWN,2026-01-08 20:51:41,2026-01-08,37.0,6.35,39.0
SEN022,2026-07-27 19:20:54,2026-07-27,34.89,25.9,56.0
SEN012,2026-02-14 01:44:33,2026-02-14,18.39,44.1,42.0
SEN022,2026-02-03 11:43:17,2026-02-03,39.0,,53.0
SEN016,2026-03-12 08:46:30,2026-03-12,35.89,30.23,36.0
SEN003,2026-01-03 06:39:26,2026-01-03,28.8,17.9,63.0
SEN014,2026-03-21 13:32:40,2026-03-21,27.72,,38.0
SEN012,2026-01-20 21:40:47,2026-01-20,20.5,40.6,57.0
UNKNOWN,2026-04-09 04:02:44,2026-04-09,39.3,4.8,
SEN007,2026-08-23 16:02:44,2026-08-23,17.39,44.0,30.0
SEN012,2026-08-04 10:57:04,2026-08-04,27.1,19.1,71.0
SEN047,2026-03-16 03:35:19,2026-03-16,33.5,29.3,63.0
SEN028,2026-04-13 06:01:55,2026-04-13,16.7,20.32,95.0
SEN047,2026-08-18 20:49:10,2026-08-18,34.1,16.6,65.0
SEN012,2026-08-20 19:13:00,2026-08-20,29.89,28.5,34.0
SEN020,2026-01-02 13:57:37,2026-01-02,29.0,0.5,77.0
SEN040,2026-06-29 00:42:28,2026-06-29,24.2,,49.0
SEN005,2026-04-07 20:36:00,2026-04-07,20.0,48.26,
SEN021,2026-01-21 18:24:07,2026-01-21,18.1,15.2,81.0
UNKNOWN,2026-08-13 15:50:00,2026-08-13,25.4,,
UNKNOWN,2026-02-22 01:58:30,2026-02-22,35.22,40.89,85.0
SEN044,2026-04-23 03:30:21,2026-04-23,25.2,,50.0
SEN031,2026-07-05 09:15:18,2026-07-05,15.3,11.68,84.0
SEN046,2026-03-05 22:47:43,2026-03-05,27.78,4.3,45.0
UNKNOWN,2026-04-25 13:49:09,2026-04-25,38.61,14.9,55.0
UNKNOWN,2026-04-17 18:40:59,2026-04-17,16.22,8.5,91.0
SEN030,2026-05-11 01:47:08,2026-05-11,39.0,48.1,72.0
SEN005,2026-05-16 04:21:58,2026-05-16,27.2,21.2,56.0
SEN001,2026-06-18 17:11:40,2026-06-18,25.2,15.4,89.0
SEN042,2026-07-10 10:49:52,2026-07-10,21.89,,67.0
SEN036,2026-02-10 19:01:41,2026-02-10,23.2,27.18,67.0
SEN036,2026-07-02 11:47:08,2026-07-02,18.2,24.5,39.0
SEN039,2026-04-08 17:06:00,2026-04-08,19.5,3.7,75.0
SEN046,2026-02-22 10:50:00,2026-02-22,19.78,,60.0
SEN008,2026-01-20 08:29:21,2026-01-20,33.5,15.1,50.0
SEN008,2026-07-13 07:09:07,2026-07-13,26.11,2.29,58.0
SEN017,2026-02-13 19:26:12,2026-02-13,37.4,7.11,67.0
SEN038,2026-05-13 06:48:57,2026-05-13,17.1,7.1,39.0
SEN029,2026-08-08 19:15:31,2026-08-08,15.6,12.0,86.0
SEN030,2026-09-02 22:46:22,2026-09-02,28.28,22.86,38.0
SEN018,2026-01-01 00:12:41,2026-01-01,20.5,,34.0
SEN040,2026-02-11 23:20:14,2026-02-11,37.0,28.5,69.0
SEN012,2026-07-23 16:59:46,2026-07-23,23.61,41.5,43.0
SEN015,2026-02-12 06:15:30,2026-02-12,32.11,,88.0
SEN049,2026-04-22 23:13:46,2026-04-22,32.5,5.9,42.0
UNKNOWN,2026-04-18 03:55:37,2026-04-18,28.2,3.3,
SEN032,2026-07-07 20:57:20,2026-07-07,30.72,38.86,84.0
SEN022,2026-05-15 07:14:24,2026-05-15,22.78,46.1,82.0
SEN018,2026-02-13 11:00:00,2026-02-13,26.7,21.5,61.0
SEN032,2026-08-30 02:20:41,2026-08-30,20.39,39.62,65.0
SEN029,2026-09-06 22:24:47,2026-09-06,37.3,1.6,71.0
SEN002,2026-02-15 01:40:25,2026-02-15,17.7,22.61,39.0
SEN008,2026-06-23 03:39:00,2026-06-23,32.2,1.5,81.0
UNKNOWN,2026-07-20 09:56:00,2026-07-20,27.0,22.4,
SEN031,2026-02-25 08:47:18,2026-02-25,38.89,1.2,85.0
SEN002,2026-08-07 02:55:06,2026-08-07,28.89,5.08,72.0
SEN038,2026-04-19 18:34:47,2026-04-19,22.0,23.7,72.0
SEN043,2026-07-11 08:04:19,2026-07-11,15.5,24.3,57.0
SEN047,2026-02-17 13:33:53,2026-02-17,33.5,28.4,77.0
SEN011,2026-09-01 21:15:42,2026-09-01,17.72,28.7,47.0
SEN021,2026-01-24 23:26:04,2026-01-24,16.5,37.34,46.0
SEN013,2026-06-27 06:58:12,2026-06-27,36.0,44.96,
SEN028,2026-06-16 03:48:33,2026-06-16,30.89,0.51,44.0
SEN013,2026-02-28 05:58:27,2026-02-28,34.9,4.2,83.0
SEN008,2026-05-29 07:11:34,2026-05-29,23.5,2.6,85.0
SEN006,2026-02-14 12:52:02,2026-02-14,32.3,22.3,57.0
SEN025,2026-07-23 00:02:46,2026-07-23,17.89,3.7,76.0
SEN019,2026-01-02 07:11:19,2026-01-02,38.8,20.3,45.0
SEN003,2026-05-08 09:38:53,2026-05-08,29.72,,48.0
SEN028,2026-01-13 13:52:35,2026-01-13,21.72,26.5,50.0
SEN004,2026-01-26 12:25:05,2026-01-26,32.7,45.47,95.0
SEN011,2026-08-15 22:20:03,2026-08-15,15.11,7.2,88.0
SEN042,2026-05-07 11:25:32,2026-05-07,24.9,10.3,61.0
SEN027,2026-08-30 09:48:58,2026-08-30,29.89,32.51,74.0
SEN018,2026-03-29 22:01:50,2026-03-29,31.2,39.5,93.0
SEN005,2026-06-07 18:35:51,2026-06-07,28.89,7.6,35.0
SEN047,2026-02-03 20:39:33,2026-02-03,37.8,3.0,67.0
SEN024,2026-06-30 16:04:30,2026-06-30,24.89,18.29,69.0
SEN043,2026-08-15 14:59:28,2026-08-15,28.0,,
SEN042,2026-04-18 14:35:22,2026-04-18,31.28,13.4,41.0
SEN027,2026-04-12 12:01:25,2026-04-12,17.8,18.8,72.0
SEN021,2026-04-18 08:12:06,2026-04-18,23.1,46.74,
SEN009,2026-07-31 15:29:39,2026-07-31,20.0,23.5,89.0
SEN008,2026-08-28 20:54:49,2026-08-28,20.7,26.9,70.0
SEN029,2026-05-10 14:50:29,2026-05-10,26.0,4.57,92.0
UNKNOWN,2026-07-01 17:37:34,2026-07-01,21.39,34.04,62.0
SEN015,2026-03-09 19:58:51,2026-03-09,30.7,,63.0
SEN028,2026-01-18 07:40:25,2026-01-18,20.1,48.0,81.0
SEN046,2026-08-27 08:12:32,2026-08-27,29.2,7.2,
SEN030,2026-06-22 12:34:04,2026-06-22,32.5,25.3,76.0
SEN038,2026-08-09 04:37:43,2026-08-09,39.22,10.5,72.0
SEN022,2026-08-31 13:04:00,2026-08-31,32.2,23.7,
SEN047,2026-06-15 07:48:00,2026-06-15,18.6,43.18,38.0
SEN017,2026-04-23 08:07:11,2026-04-23,21.5,22.7,33.0
SEN018,2026-07-27 01:34:41,2026-07-27,23.78,,86.0
SEN011,2026-04-15 06:45:15,2026-04-15,18.8,42.5,73.0
SEN013,2026-01-15 18:15:17,2026-01-15,35.28,,
SEN027,2026-04-27 01:12:30,2026-04-27,31.0,43.2,77.0
SEN026,2026-04-23 12:00:53,2026-04-23,33.7,,54.0
SEN046,2026-02-19 06:15:24,2026-02-19,16.1,32.5,57.0
SEN004,2026-04-16 17:27:58,2026-04-16,22.5,,65.0
SEN023,2026-01-01 00:29:57,2026-01-01,17.6,7.9,85.0
SEN004,2026-07-09 08:08:00,2026-07-09,24.1,14.0,46.0
SEN049,2026-03-05 20:00:09,2026-03-05,18.3,38.86,73.0
SEN015,2026-08-12 09:02:03,2026-08-12,23.8,18.0,65.0
SEN016,2026-08-20 11:47:23,2026-08-20,15.11,14.0,77.0
SEN047,2026-02-16 06:27:36,2026-02-16,15.39,23.8,54.0
SEN033,2026-02-01 19:44:00,2026-02-01,30.4,34.0,79.0
SEN049,2026-05-30 19:55:55,2026-05-30,36.7,1.52,42.0
SEN038,2026-03-26 16:44:29,2026-03-26,15.9,,47.0
SEN040,2026-08-11 16:06:47,2026-08-11,31.61,8.7,35.0
SEN048,2026-02-19 12:48:29,2026-02-19,25.9,14.73,57.0
SEN005,2026-01-23 01:26:44,2026-01-23,29.0,,45.0
SEN020,2026-05-16 06:14:00,2026-05-16,22.6,29.21,79.0
SEN029,2026-07-16 21:20:20,2026-07-16,35.6,,74.0
UNKNOWN,2026-08-23 05:59:20,2026-08-23,18.22,30.5,
SEN025,2026-05-14 02:49:02,2026-05-14,25.5,1.1,45.0
SEN029,2026-04-16 01:53:50,2026-04-16,30.9,12.19,
SEN034,2026-08-10 20:17:51,2026-08-10,18.8,3.7,92.0
SEN048,2026-04-13 16:57:59,2026-04-13,18.89,17.02,53.0
SEN008,2026-06-13 14:25:38,2026-06-13,22.2,33.6,31.0
SEN018,2026-01-01 10:34:39,2026-01-01,34.61,7.3,76.0
SEN024,2026-05-29 05:12:25,2026-05-29,21.9,29.7,53.0
SEN025,2026-02-14 17:51:09,2026-02-14,16.0,33.7,44.0
SEN001,2026-01-23 06:52:42,2026-01-23,25.78,20.07,45.0
SEN020,2026-06-12 18:53:18,2026-06-12,22.5,36.07,76.0
SEN027,2026-07-26 08:11:32,2026-07-26,16.89,38.35,74.0
SEN029,2026-06-03 13:46:37,2026-06-03,23.3,,91.0
SEN019,2026-05-30 08:57:26,2026-05-30,17.9,16.6,65.0
SEN019,2026-01-06 17:27:56,2026-01-06,24.61,,68.0
SEN001,2026-01-18 08:48:59,2026-01-18,19.8,3.6,39.0
SEN006,2026-06-23 18:15:08,2026-06-23,38.0,40.0,77.0
SEN037,2026-02-15 04:08:49,2026-02-15,24.5,13.72,81.0
SEN006,2026-01-11 21:27:12,2026-01-11,17.3,11.3,86.0
SEN019,2026-08-05 11:58:11,2026-08-05,17.9,43.3,80.0
SEN003,2026-06-03 14:23:06,2026-06-03,31.3,48.2,35.0
SEN032,2026-02-26 04:34:08,2026-02-26,25.6,49.02,80.0
SEN012,2026-04-02 17:32:21,2026-04-02,21.28,7.37,69.0
SEN002,2026-06-21 02:26:05,2026-06-21,32.61,7.4,62.0
SEN019,2026-07-27 09:05:46,2026-07-27,31.89,47.8,69.0
SEN010,2026-06-12 08:20:40,2026-06-12,16.0,20.6,56.0
SEN008,2026-08-15 09:16:34,2026-08-15,18.2,35.5,34.0
SEN003,2026-02-10 15:48:17,2026-02-10,18.78,7.9,87.0
SEN040,2026-03-13 00:00:00,2026-03-13,25.4,3.0,77.0
SEN001,2026-04-27 08:32:17,2026-04-27,25.0,,37.0
SEN027,2026-01-24 20:09:55,2026-01-24,29.78,,73.0
SEN034,2026-07-08 04:09:11,2026-07-08,21.5,34.6,63.0
SEN010,2026-06-17 07:57:02,2026-06-17,25.6,42.5,50.0
SEN005,2026-05-19 06:45:47,2026-05-19,21.4,25.15,91.0
SEN050,2026-08-28 04:19:43,2026-08-28,16.9,44.45,55.0
SEN029,2026-01-18 12:21:28,2026-01-18,32.7,2.54,82.0
SEN044,2026-05-21 00:00:00,2026-05-21,19.11,36.2,32.0
SEN004,2026-01-04 20:30:38,2026-01-04,25.28,15.7,52.0
SEN018,2026-04-19 19:25:19,2026-04-19,22.7,25.65,54.0
SEN025,2026-04-02 08:14:29,2026-04-02,28.5,,49.0
SEN004,2026-08-17 17:23:20,2026-08-17,37.5,21.34,89.0
SEN041,2026-08-02 14:16:19,2026-08-02,37.11,38.0,56.0
SEN044,2026-01-28 14:20:30,2026-01-28,28.5,10.92,32.0
SEN031,2026-02-26 10:01:31,2026-02-26,33.5,30.0,93.0
SEN047,2026-06-07 16:06:58,2026-06-07,21.2,15.6,44.0
SEN018,2026-03-13 22:57:49,2026-03-13,19.8,30.5,30.0
SEN024,2026-03-22 19:54:53,2026-03-22,15.0,18.0,52.0
SEN035,2026-01-16 19:09:32,2026-01-16,15.22,47.6,54.0
SEN030,2026-03-17 02:29:39,2026-03-17,18.39,2.9,36.0
SEN033,2026-06-22 11:34:25,2026-06-22,29.72,50.0,38.0
SEN020,2026-06-05 23:05:21,2026-06-05,25.7,36.8,34.0
SEN016,2026-04-05 15:57:13,2026-04-05,31.0,25.6,52.0
SEN044,2026-06-29 08:48:48,2026-06-29,22.4,49.1,83.0
SEN024,2026-05-02 16:16:17,2026-05-02,29.4,10.41,65.0
SEN006,2026-07-25 02:25:36,2026-07-25,33.4,20.3,57.0
SEN012,2026-04-05 17:57:04,2026-04-05,39.4,37.4,31.0
SEN027,2026-06-19 07:43:03,2026-06-19,37.5,,54.0
SEN036,2026-02-13 18:38:40,2026-02-13,19.61,2.8,70.0
UNKNOWN,2026-09-01 15:36:53,2026-09-01,24.7,14.7,81.0
SEN013,2026-01-11 09:00:12,2026-01-11,25.72,29.1,90.0
SEN011,2026-02-19 17:43:05,2026-02-19,32.61,32.4,58.0
SEN019,2026-07-24 16:40:06,2026-07-24,28.61,16.76,79.0
SEN022,2026-04-12 18:05:05,2026-04-12,23.6,,65.0
SEN009,2026-08-25 21:05:44,2026-08-25,29.5,,79.0
SEN046,2026-03-08 13:03:01,2026-03-08,16.9,21.5,59.0
SEN046,2026-07-15 10:28:30,2026-07-15,21.0,8.1,46.0
SEN022,2026-01-22 03:15:00,2026-01-22,27.78,42.42,93.0
SEN033,2026-07-08 20:36:00,2026-07-08,30.11,48.4,44.0
SEN024,2026-05-22 10:59:44,2026-05-22,31.9,2.9,94.0
SEN041,2026-04-24 03:27:43,2026-04-24,20.5,49.2,40.0
SEN002,2026-02-21 20:53:07,2026-02-21,38.0,38.1,52.0
SEN026,2026-04-11 18:36:49,2026-04-11,33.7,17.8,
SEN045,2026-02-20 00:20:20,2026-02-20,30.78,23.8,93.0
SEN021,2026-01-12 23:36:07,2026-01-12,17.9,8.3,68.0
SEN036,2026-03-15 16:12:52,2026-03-15,20.39,20.5,45.0
SEN029,2026-05-04 13:33:45,2026-05-04,15.8,48.01,35.0
SEN009,2026-01-04 13:03:08,2026-01-04,33.22,,92.0
SEN001,2026-04-26 19:21:45,2026-04-26,29.11,47.5,86.0
SEN047,2026-06-27 22:34:09,2026-06-27,34.78,32.1,94.0
SEN014,2026-08-18 08:54:29,2026-08-18,31.7,20.3,47.0
SEN019,2026-08-14 06:03:58,2026-08-14,17.22,46.6,46.0
SEN033,2026-05-18 20:10:38,2026-05-18,37.2,17.27,94.0
SEN032,2026-04-20 21:17:56,2026-04-20,18.4,42.6,92.0
SEN021,2026-02-14 10:33:13,2026-02-14,37.2,35.0,42.0
SEN001,2026-05-05 07:11:09,2026-05-05,35.2,,81.0
SEN009,2026-01-07 01:21:21,2026-01-07,35.3,,60.0
SEN032,2026-09-04 04:09:37,2026-09-04,17.11,35.3,49.0
SEN011,2026-08-03 01:49:18,2026-08-03,17.4,21.1,64.0
SEN023,2026-05-14 15:57:46,2026-05-14,36.3,23.0,69.0
SEN047,2026-03-27 11:46:12,2026-03-27,17.0,38.8,95.0
UNKNOWN,2026-05-31 00:00:00,2026-05-31,19.9,18.0,51.0
SEN022,2026-01-02 20:26:27,2026-01-02,33.1,4.8,86.0
SEN036,2026-05-18 17:36:11,2026-05-18,17.39,12.0,62.0
SEN032,2026-08-28 19:46:43,2026-08-28,37.2,20.6,74.0
SEN037,2026-02-09 20:53:33,2026-02-09,23.8,37.59,41.0
SEN007,2026-03-07 23:04:22,2026-03-07,24.39,9.2,59.0
SEN033,2026-03-05 23:05:28,2026-03-05,31.72,4.1,32.0
SEN023,2026-05-02 10:01:20,2026-05-02,25.8,0.6,33.0
SEN046,2026-07-14 07:27:39,2026-07-14,37.6,19.05,75.0
SEN018,2026-03-08 01:22:52,2026-03-08,32.2,19.6,39.0
UNKNOWN,2026-06-03 03:33:02,2026-06-03,17.11,37.7,89.0
SEN027,2026-06-11 20:54:24,2026-06-11,36.7,3.3,58.0
SEN043,2026-05-15 14:25:20,2026-05-15,39.0,45.6,87.0
UNKNOWN,2026-09-08 02:23:36,2026-09-08,26.9,28.6,76.0
SEN049,2026-07-15 10:25:20,2026-07-15,37.89,,
SEN010,2026-07-03 20:18:21,2026-07-03,31.4,16.26,85.0
SEN046,2026-05-11 08:14:03,2026-05-11,21.2,35.0,
SEN016,2026-04-02 13:05:17,2026-04-02,21.1,,94.0
SEN019,2026-07-26 05:00:35,2026-07-26,34.3,8.8,45.0
SEN019,2026-06-13 02:09:37,2026-06-13,28.5,48.2,37.0
SEN041,2026-05-07 04:27:35,2026-05-07,39.61,36.1,50.0
SEN005,2026-05-22 01:34:48,2026-05-22,36.2,33.53,
SEN015,2026-07-16 11:02:49,2026-07-16,29.61,34.5,31.0
SEN002,2026-06-30 14:47:21,2026-06-30,30.28,,46.0
SEN026,2026-01-19 16:11:52,2026-01-19,20.9,3.56,58.0
SEN005,2026-05-21 21:05:27,2026-05-21,37.78,22.7,45.0
SEN039,2026-02-14 01:04:49,2026-02-14,25.4,16.4,61.0
SEN034,2026-03-14 18:14:20,2026-03-14,19.78,23.8,45.0
SEN019,2026-01-22 20:23:41,2026-01-22,39.2,,65.0
SEN031,2026-02-15 22:00:51,2026-02-15,38.72,35.9,50.0
UNKNOWN,2026-02-05 06:54:40,2026-02-05,29.11,,65.0
SEN046,2026-01-09 19:57:07,2026-01-09,19.2,44.2,86.0
SEN022,2026-02-25 05:29:57,2026-02-25,34.5,34.0,
SEN002,2026-04-23 07:29:51,2026-04-23,20.2,32.8,75.0
SEN017,2026-05-06 19:24:45,2026-05-06,39.4,3.0,55.0
SEN018,2026-07-11 15:50:24,2026-07-11,30.5,49.5,67.0
SEN021,2026-01-30 10:05:00,2026-01-30,16.28,32.1,65.0
SEN012,2026-05-12 06:13:00,2026-05-12,15.9,42.93,63.0
SEN018,2026-03-27 15:06:00,2026-03-27,27.61,45.7,94.0
UNKNOWN,2026-09-07 00:55:06,2026-09-07,15.9,18.1,39.0
SEN032,2026-06-14 22:55:59,2026-06-14,18.5,25.4,50.0
UNKNOWN,2026-01-13 19:12:18,2026-01-13,38.8,17.6,59.0
SEN027,2026-05-05 20:15:00,2026-05-05,22.11,7.62,61.0
SEN019,2026-02-21 13:02:48,2026-02-21,24.89,37.4,34.0
SEN040,2026-01-05 04:25:38,2026-01-05,39.22,16.5,
SEN017,2026-02-26 06:30:56,2026-02-26,33.2,9.8,34.0
SEN031,2026-04-20 07:42:18,2026-04-20,37.6,37.85,86.0
SEN009,2026-05-07 01:03:01,2026-05-07,27.8,43.69,
SEN015,2026-07-24 06:53:12,2026-07-24,29.89,27.69,79.0
SEN033,2026-07-16 19:20:00,2026-07-16,31.89,,57.0
SEN030,2026-01-15 08:23:24,2026-01-15,33.6,18.3,94.0
SEN021,2026-09-07 00:04:35,2026-09-07,18.3,,36.0
SEN011,2026-03-15 16:27:31,2026-03-15,25.78,27.6,55.0
SEN019,2026-06-10 08:44:03,2026-06-10,20.5,33.27,70.0
SEN027,2026-05-18 12:02:06,2026-05-18,23.0,47.6,68.0
SEN050,2026-03-29 12:16:36,2026-03-29,19.2,45.0,34.0
SEN043,2026-01-17 18:36:05,2026-01-17,20.89,8.38,68.0
SEN047,2026-05-09 02:49:07,2026-05-09,22.39,25.2,66.0
SEN018,2026-03-05 08:25:10,2026-03-05,34.6,22.35,55.0
SEN015,2026-06-14 07:08:00,2026-06-14,22.2,22.9,63.0
SEN034,2026-02-28 02:05:31,2026-02-28,27.11,5.5,93.0
SEN042,2026-06-23 13:49:05,2026-06-23,32.9,,62.0
SEN018,2026-06-09 06:45:43,2026-06-09,36.72,33.8,62.0
SEN038,2026-02-06 19:44:23,2026-02-06,37.7,17.4,69.0
SEN007,2026-06-07 07:56:39,2026-06-07,26.8,1.9,45.0
SEN036,2026-04-23 21:37:07,2026-04-23,38.2,46.48,72.0
SEN045,2026-09-05 07:13:33,2026-09-05,30.39,49.1,57.0
SEN033,2026-02-05 12:29:12,2026-02-05,24.28,34.8,55.0
SEN007,2026-06-06 19:10:13,2026-06-06,21.9,14.99,87.0
UNKNOWN,2026-02-10 01:44:16,2026-02-10,32.9,19.7,
SEN039,2026-05-27 15:59:00,2026-05-27,39.39,16.3,66.0
SEN034,2026-02-06 19:02:48,2026-02-06,36.5,7.7,38.0
SEN035,2026-06-19 00:25:53,2026-06-19,26.2,12.0,49.0
SEN025,2026-05-05 06:01:10,2026-05-05,36.5,13.72,
SEN044,2026-03-23 03:07:31,2026-03-23,30.72,45.9,83.0
SEN005,2026-01-16 10:11:28,2026-01-16,38.0,17.3,83.0
SEN026,2026-02-12 11:40:31,2026-02-12,24.7,1.0,66.0
SEN047,2026-07-24 21:48:37,2026-07-24,38.3,24.5,94.0
SEN045,2026-02-06 16:40:25,2026-02-06,19.0,49.7,83.0
SEN007,2026-03-20 05:38:21,2026-03-20,39.0,15.75,74.0
SEN012,2026-01-11 04:39:59,2026-01-11,19.6,1.3,95.0
SEN029,2026-01-30 03:13:07,2026-01-30,27.5,23.88,
SEN002,2026-08-16 04:37:12,2026-08-16,26.5,40.1,64.0
SEN006,2026-01-30 07:28:09,2026-01-30,35.39,44.7,54.0
SEN032,2026-01-24 11:53:21,2026-01-24,16.22,13.9,
UNKNOWN,2026-08-13 03:26:06,2026-08-13,21.78,28.1,71.0
SEN033,2026-08-01 14:30:37,2026-08-01,37.9,18.0,30.0
SEN032,2026-01-14 00:00:00,2026-01-14,39.6,,47.0
SEN025,2026-05-10 04:39:00,2026-05-10,18.6,,58.0
SEN048,2026-09-02 10:13:35,2026-09-02,23.61,3.81,43.0
SEN038,2026-09-08 12:20:32,2026-09-08,35.0,8.38,45.0
SEN004,2026-02-16 14:14:58,2026-02-16,25.4,0.4,74.0
SEN049,2026-09-03 00:21:32,2026-09-03,34.7,,66.0
SEN017,2026-08-06 22:57:22,2026-08-06,22.8,16.2,88.0
SEN005,2026-06-19 06:32:25,2026-06-19,27.9,47.6,39.0
SEN028,2026-08-10 01:21:11,2026-08-10,22.28,31.7,79.0
SEN027,2026-09-06 07:10:38,2026-09-06,37.4,30.7,65.0
SEN012,2026-05-06 11:05:00,2026-05-06,30.6,29.9,35.0
SEN028,2026-06-04 17:47:13,2026-06-04,33.22,22.5,83.0
SEN026,2026-05-09 06:22:22,2026-05-09,16.4,,
SEN037,2026-04-24 02:51:55,2026-04-24,19.78,,
UNKNOWN,2026-04-18 13:17:56,2026-04-18,24.7,38.6,64.0
SEN023,2026-07-21 10:17:09,2026-07-21,39.5,40.39,46.0
UNKNOWN,2026-05-28 09:25:47,2026-05-28,30.78,48.9,61.0
SEN047,2026-08-23 01:27:37,2026-08-23,27.2,8.0,61.0
SEN030,2026-02-04 15:07:48,2026-02-04,37.8,39.37,
SEN041,2026-03-23 22:05:50,2026-03-23,32.61,41.2,94.0
SEN039,2026-04-07 01:25:53,2026-04-07,28.9,47.6,71.0
SEN026,2026-07-27 00:00:00,2026-07-27,32.61,23.62,70.0
SEN001,2026-05-21 00:07:57,2026-05-21,31.4,45.0,64.0
SEN046,2026-03-20 02:24:32,2026-03-20,18.78,,52.0
SEN007,2026-04-21 12:17:15,2026-04-21,32.7,35.7,78.0
SEN040,2026-02-08 03:21:00,2026-02-08,38.89,26.2,42.0
SEN007,2026-06-25 18:39:19,2026-06-25,39.0,30.7,53.0
SEN016,2026-07-16 10:11:03,2026-07-16,30.0,43.9,72.0
SEN008,2026-01-25 03:35:46,2026-01-25,18.8,39.4,54.0
SEN018,2026-05-28 01:36:01,2026-05-28,15.6,49.0,78.0
SEN040,2026-08-05 04:56:53,2026-08-05,22.28,27.18,43.0
SEN048,2026-01-24 15:22:40,2026-01-24,25.9,21.08,47.0
SEN039,2026-07-23 17:07:00,2026-07-23,26.22,23.7,70.0
SEN050,2026-08-21 01:37:58,2026-08-21,26.7,25.0,39.0
SEN037,2026-04-20 15:51:20,2026-04-20,20.1,37.2,77.0
SEN005,2026-06-05 23:01:58,2026-06-05,33.9,30.9,42.0
SEN039,2026-08-20 03:52:31,2026-08-20,32.5,,53.0
SEN023,2026-08-06 21:26:55,2026-08-06,24.78,49.2,38.0
SEN007,2026-03-24 09:48:15,2026-03-24,34.22,31.2,81.0
SEN025,2026-03-03 12:35:39,2026-03-03,35.0,38.1,61.0
SEN034,2026-01-15 00:41:18,2026-01-15,19.5,,86.0
SEN016,2026-09-05 07:46:12,2026-09-05,31.0,15.24,75.0
SEN019,2026-06-26 20:21:59,2026-06-26,21.28,26.5,
UNKNOWN,2026-04-24 15:54:47,2026-04-24,34.3,,
SEN010,2026-04-15 20:57:04,2026-04-15,16.7,39.5,47.0
SEN026,2026-03-10 16:28:14,2026-03-10,31.78,9.9,94.0
SEN044,2026-07-26 21:08:17,2026-07-26,21.6,42.8,69.0
SEN045,2026-04-09 20:52:23,2026-04-09,34.39,2.4,88.0
SEN022,2026-03-20 21:08:09,2026-03-20,30.9,,73.0
SEN045,2026-01-17 00:00:00,2026-01-17,20.3,49.6,56.0
SEN019,2026-07-14 22:17:19,2026-07-14,36.4,13.4,66.0
SEN031,2026-03-08 18:35:21,2026-03-08,32.1,30.7,54.0
SEN010,2026-01-27 15:36:04,2026-01-27,18.6,22.61,56.0
SEN028,2026-09-08 11:03:23,2026-09-08,38.2,,77.0
UNKNOWN,2026-07-10 05:40:00,2026-07-10,23.72,4.5,
SEN028,2026-04-18 16:55:26,2026-04-18,23.2,21.59,
SEN045,2026-08-01 08:10:24,2026-08-01,29.5,15.9,83.0
SEN015,2026-05-11 07:37:02,2026-05-11,32.3,50.04,41.0
SEN050,2026-03-05 05:01:10,2026-03-05,25.5,1.27,38.0
SEN028,2026-04-01 21:59:28,2026-04-01,32.5,38.7,71.0
SEN008,2026-05-29 09:10:02,2026-05-29,15.0,10.67,79.0
SEN046,2026-06-04 20:39:46,2026-06-04,15.0,20.8,30.0
SEN037,2026-02-10 06:03:21,2026-02-10,24.11,2.0,30.0
SEN008,2026-08-19 03:49:49,2026-08-19,28.8,13.6,
SEN016,2026-03-25 09:01:19,2026-03-25,17.89,12.19,30.0
SEN012,2026-08-27 08:29:09,2026-08-27,16.0,9.6,37.0
UNKNOWN,2026-02-26 15:05:16,2026-02-26,36.1,16.0,31.0
SEN041,2026-08-22 05:38:27,2026-08-22,22.1,33.9,
SEN017,2026-01-11 13:00:00,2026-01-11,22.28,42.16,81.0
SEN007,2026-06-15 08:16:53,2026-06-15,22.5,40.6,40.0
SEN031,2026-01-21 13:24:48,2026-01-21,18.5,21.59,60.0
SEN025,2026-04-24 08:58:43,2026-04-24,16.28,30.1,
SEN037,2026-02-22 14:04:42,2026-02-22,15.72,16.0,84.0
SEN010,2026-05-05 10:15:07,2026-05-05,26.89,25.91,32.0
SEN032,2026-01-11 05:54:28,2026-01-11,28.28,13.72,67.0
SEN009,2026-07-26 07:35:15,2026-07-26,36.89,45.1,78.0
SEN027,2026-08-08 03:52:24,2026-08-08,18.5,24.5,57.0
UNKNOWN,2026-03-04 03:46:27,2026-03-04,15.5,16.2,81.0
SEN047,2026-02-27 00:49:05,2026-02-27,29.3,5.3,46.0
SEN042,2026-06-16 00:51:33,2026-06-16,26.11,5.33,66.0
SEN050,2026-02-16 04:27:27,2026-02-16,38.9,23.62,84.0
UNKNOWN,2026-08-22 13:06:53,2026-08-22,29.9,25.4,61.0
SEN040,2026-01-13 00:20:32,2026-01-13,37.28,23.6,65.0
SEN010,2026-07-24 17:21:44,2026-07-24,20.1,36.8,58.0
SEN009,2026-02-18 09:41:12,2026-02-18,30.3,38.5,69.0
SEN039,2026-07-26 04:45:38,2026-07-26,23.7,3.5,
SEN027,2026-04-07 06:49:54,2026-04-07,19.39,42.6,83.0
SEN001,2026-01-14 14:06:28,2026-01-14,19.0,38.8,60.0
SEN002,2026-04-09 18:16:50,2026-04-09,33.7,33.2,76.0
SEN010,2026-04-06 12:26:23,2026-04-06,27.4,13.2,
SEN022,2026-04-13 04:53:44,2026-04-13,16.11,4.1,90.0
SEN010,2026-06-22 02:40:44,2026-06-22,24.4,20.83,52.0
SEN018,2026-09-01 07:45:11,2026-09-01,28.6,11.7,95.0
SEN025,2026-02-28 05:36:33,2026-02-28,23.1,27.9,
SEN002,2026-03-05 10:51:51,2026-03-05,34.0,39.37,52.0
SEN002,2026-02-28 00:50:37,2026-02-28,31.4,20.32,90.0
SEN011,2026-06-07 22:58:55,2026-06-07,31.5,19.3,
SEN016,2026-06-12 20:13:42,2026-06-12,26.4,2.3,87.0
SEN024,2026-01-26 20:04:02,2026-01-26,16.22,23.4,75.0
SEN048,2026-06-04 19:37:51,2026-06-04,24.1,31.5,82.0
SEN045,2026-04-22 19:35:37,2026-04-22,23.4,19.05,75.0
SEN045,2026-06-01 19:55:46,2026-06-01,25.89,3.2,59.0
SEN019,2026-07-02 00:23:08,2026-07-02,38.11,3.5,62.0
SEN037,2026-04-13 12:01:57,2026-04-13,34.39,43.18,38.0
SEN021,2026-05-30 21:57:22,2026-05-30,37.22,10.4,30.0
SEN018,2026-05-08 21:06:14,2026-05-08,21.5,7.6,70.0
SEN016,2026-07-13 04:31:24,2026-07-13,37.7,24.13,64.0
SEN020,2026-03-31 05:53:59,2026-03-31,32.7,18.8,35.0
SEN001,2026-03-18 11:14:02,2026-03-18,33.5,35.6,73.0
SEN039,2026-02-25 09:37:49,2026-02-25,36.8,9.6,84.0
SEN038,2026-06-18 06:00:06,2026-06-18,32.2,36.32,94.0
SEN043,2026-04-18 23:43:07,2026-04-18,23.0,12.19,59.0
SEN028,2026-06-12 07:35:33,2026-06-12,22.8,13.72,56.0
SEN034,2026-04-04 02:11:59,2026-04-04,29.3,30.2,55.0
SEN020,2026-07-12 19:52:01,2026-07-12,23.61,13.46,53.0
SEN035,2026-08-09 17:25:27,2026-08-09,24.7,44.0,64.0
SEN027,2026-07-23 03:08:50,2026-07-23,26.8,39.0,
SEN003,2026-09-02 14:16:42,2026-09-02,33.1,,47.0
SEN014,2026-03-04 03:08:57,2026-03-04,34.78,20.8,35.0
SEN028,2026-02-23 09:57:11,2026-02-23,32.72,9.65,95.0
SEN040,2026-05-12 22:34:35,2026-05-12,29.89,44.3,51.0
SEN025,2026-05-06 23:51:12,2026-05-06,15.2,45.6,70.0
SEN027,2026-08-01 14:17:41,2026-08-01,30.5,,35.0
SEN048,2026-07-25 02:45:14,2026-07-25,30.28,11.43,37.0
SEN017,2026-01-29 09:03:55,2026-01-29,32.5,30.0,35.0
SEN023,2026-07-02 09:06:00,2026-07-02,18.5,,
SEN019,2026-08-26 09:35:17,2026-08-26,18.22,42.1,81.0
UNKNOWN,2026-08-31 12:01:07,2026-08-31,25.22,11.5,73.0
SEN009,2026-01-19 16:19:50,2026-01-19,15.1,36.1,44.0
SEN050,2026-07-26 02:02:13,2026-07-26,22.9,48.3,84.0
SEN029,2026-07-22 14:53:34,2026-07-22,31.7,18.7,72.0
SEN042,2026-01-06 18:47:15,2026-01-06,18.6,39.3,90.0
SEN044,2026-07-01 13:47:35,2026-07-01,27.78,49.2,30.0
SEN035,2026-06-04 11:55:21,2026-06-04,32.72,10.6,48.0
SEN031,2026-06-24 23:42:26,2026-06-24,20.3,23.3,46.0
SEN034,2026-09-04 11:14:21,2026-09-04,32.0,26.3,89.0
SEN033,2026-08-08 09:48:59,2026-08-08,24.39,,40.0
SEN048,2026-03-08 03:58:39,2026-03-08,28.3,23.7,38.0
SEN045,2026-08-10 12:43:59,2026-08-10,38.5,45.97,66.0
SEN013,2026-07-01 02:56:21,2026-07-01,32.8,,
UNKNOWN,2026-02-28 12:10:47,2026-02-28,31.61,11.68,54.0
SEN049,2026-07-23 11:50:34,2026-07-23,16.61,40.0,69.0
SEN048,2026-07-07 20:04:51,2026-07-07,27.28,48.01,67.0
SEN042,2026-06-19 10:37:14,2026-06-19,28.1,41.7,41.0
SEN023,2026-07-09 14:49:39,2026-07-09,19.89,14.6,88.0
SEN045,2026-02-24 00:43:34,2026-02-24,31.7,30.5,66.0
SEN035,2026-05-21 21:32:00,2026-05-21,25.1,3.3,76.0
SEN046,2026-01-18 16:24:34,2026-01-18,23.0,17.27,49.0
SEN018,2026-08-11 15:01:49,2026-08-11,39.78,,87.0
SEN036,2026-05-11 19:55:56,2026-05-11,20.2,45.6,
UNKNOWN,2026-05-18 04:12:57,2026-05-18,16.5,6.6,67.0
SEN004,2026-06-21 07:51:41,2026-06-21,30.6,2.9,36.0
SEN009,2026-08-28 02:28:46,2026-08-28,39.0,15.1,77.0
SEN003,2026-04-25 04:23:24,2026-04-25,39.28,14.8,81.0
SEN031,2026-06-06 00:42:31,2026-06-06,36.39,47.4,37.0
SEN048,2026-02-28 17:18:06,2026-02-28,16.3,21.1,
SEN027,2026-01-01 06:05:27,2026-01-01,15.8,,69.0
SEN040,2026-01-03 10:36:00,2026-01-03,21.5,1.8,47.0
SEN039,2026-03-03 13:11:59,2026-03-03,39.7,48.01,45.0
SEN019,2026-02-24 01:13:26,2026-02-24,17.1,36.5,94.0
SEN045,2026-03-22 12:20:00,2026-03-22,31.11,22.1,79.0
SEN008,2026-02-11 11:36:50,2026-02-11,20.6,7.87,52.0
SEN014,2026-05-13 08:48:15,2026-05-13,27.89,47.5,53.0
SEN022,2026-08-29 20:24:01,2026-08-29,19.6,,81.0
SEN002,2026-05-14 18:42:41,2026-05-14,28.2,46.99,55.0
SEN035,2026-08-07 09:47:23,2026-08-07,26.9,,
SEN043,2026-05-03 12:18:48,2026-05-03,39.0,,64.0
SEN026,2026-03-31 04:05:30,2026-03-31,15.28,5.5,60.0
SEN009,2026-02-24 21:29:01,2026-02-24,36.89,36.1,
SEN011,2026-05-27 22:53:08,2026-05-27,19.5,43.5,
SEN006,2026-01-25 06:43:20,2026-01-25,38.4,30.1,55.0
SEN008,2026-02-20 08:23:01,2026-02-20,18.0,16.7,63.0
SEN010,2026-07-28 08:15:23,2026-07-28,32.5,35.81,78.0
SEN025,2026-05-12 19:13:47,2026-05-12,32.2,35.5,69.0
SEN041,2026-01-08 01:08:31,2026-01-08,19.0,16.4,46.0
SEN009,2026-04-15 01:39:23,2026-04-15,24.39,,64.0
SEN034,2026-01-12 09:48:50,2026-01-12,18.89,,67.0
SEN029,2026-06-24 19:55:05,2026-06-24,23.78,44.3,70.0
SEN013,2026-01-19 17:11:06,2026-01-19,16.5,42.6,
SEN013,2026-07-04 01:24:00,2026-07-04,29.7,16.5,60.0
SEN004,2026-06-26 06:29:00,2026-06-26,20.0,,37.0
SEN013,2026-08-10 10:12:00,2026-08-10,32.6,,79.0
SEN015,2026-03-22 09:38:01,2026-03-22,26.28,22.1,46.0
SEN031,2026-01-12 01:36:38,2026-01-12,31.2,42.5,37.0
SEN022,2026-04-22 12:50:57,2026-04-22,20.5,15.6,61.0
SEN041,2026-03-05 23:14:18,2026-03-05,38.0,25.15,89.0
SEN033,2026-06-29 15:57:46,2026-06-29,23.78,34.9,49.0
SEN010,2026-06-17 12:34:46,2026-06-17,32.4,42.42,93.0
SEN021,2026-05-16 18:49:51,2026-05-16,36.78,13.97,61.0
SEN045,2026-05-03 21:18:41,2026-05-03,34.3,,
SEN011,2026-02-06 11:11:58,2026-02-06,16.89,33.78,83.0
SEN039,2026-05-14 12:26:56,2026-05-14,33.8,32.8,85.0
SEN008,2026-06-20 15:18:11,2026-06-20,17.5,4.7,
SEN022,2026-06-08 18:10:06,2026-06-08,23.11,4.7,49.0
SEN030,2026-01-22 01:04:07,2026-01-22,38.7,12.0,87.0
SEN034,2026-03-21 03:26:00,2026-03-21,35.6,,30.0
SEN021,2026-01-06 00:46:39,2026-01-06,21.0,41.9,64.0
SEN006,2026-07-05 10:16:15,2026-07-05,35.6,10.5,40.0
SEN015,2026-06-25 09:29:32,2026-06-25,18.72,39.2,53.0
SEN034,2026-02-01 14:04:48,2026-02-01,17.11,44.45,74.0
SEN011,2026-06-16 18:39:10,2026-06-16,34.22,24.4,
SEN040,2026-07-12 05:13:39,2026-07-12,17.6,35.5,
SEN012,2026-07-29 21:18:45,2026-07-29,20.89,41.1,32.0
SEN028,2026-03-27 07:17:38,2026-03-27,28.61,45.8,76.0
SEN050,2026-03-02 14:14:13,2026-03-02,32.6,16.7,68.0
SEN045,2026-08-14 17:36:37,2026-08-14,32.89,34.7,77.0
SEN027,2026-03-07 00:00:00,2026-03-07,34.11,36.8,84.0
SEN031,2026-02-08 00:00:00,2026-02-08,28.4,26.2,
SEN023,2026-05-23 23:52:04,2026-05-23,30.5,8.2,38.0
SEN048,2026-06-07 15:57:08,2026-06-07,21.7,30.8,89.0
SEN005,2026-03-22 01:43:29,2026-03-22,23.28,22.9,60.0
SEN007,2026-09-06 14:00:06,2026-09-06,23.6,22.2,
SEN021,2026-09-03 09:30:00,2026-09-03,34.39,0.4,94.0
SEN013,2026-07-05 20:29:45,2026-07-05,26.39,,41.0
SEN001,2026-07-12 04:24:50,2026-07-12,19.9,9.91,
SEN010,2026-02-26 22:03:24,2026-02-26,39.2,7.8,32.0
SEN027,2026-08-06 23:52:00,2026-08-06,23.61,17.3,81.0
SEN019,2026-07-24 16:38:28,2026-07-24,19.9,27.5,44.0
SEN036,2026-08-03 04:04:49,2026-08-03,29.4,16.8,82.0
SEN020,2026-04-15 17:10:38,2026-04-15,39.0,40.6,53.0
SEN001,2026-05-14 19:12:38,2026-05-14,28.0,48.01,
SEN021,2026-06-23 23:14:43,2026-06-23,37.7,34.1,93.0
SEN023,2026-05-26 16:23:28,2026-05-26,28.28,12.7,76.0
SEN019,2026-09-06 02:17:14,2026-09-06,18.8,,50.0
SEN007,2026-08-18 20:08:00,2026-08-18,25.8,47.4,64.0
SEN020,2026-04-25 04:13:15,2026-04-25,28.7,18.0,30.0
SEN015,2026-07-16 08:17:03,2026-07-16,22.89,39.1,76.0
SEN042,2026-06-17 09:24:54,2026-06-17,23.5,6.7,
SEN036,2026-02-16 14:47:39,2026-02-16,15.0,7.37,67.0
SEN049,2026-06-11 22:41:51,2026-06-11,27.2,37.0,
SEN003,2026-03-14 20:36:15,2026-03-14,35.72,40.8,41.0
SEN044,2026-05-25 19:19:00,2026-05-25,34.0,40.6,47.0
SEN049,2026-05-09 01:54:59,2026-05-09,25.7,4.0,79.0
SEN023,2026-04-01 19:28:33,2026-04-01,15.7,35.6,62.0
SEN020,2026-04-09 03:36:28,2026-04-09,37.9,16.5,66.0
SEN037,2026-02-01 09:54:12,2026-02-01,37.0,27.9,72.0
SEN008,2026-04-07 08:18:58,2026-04-07,31.3,6.2,54.0
SEN009,2026-01-28 15:12:07,2026-01-28,19.9,36.5,72.0
SEN036,2026-05-07 17:57:00,2026-05-07,17.1,42.8,66.0
SEN029,2026-05-10 20:01:53,2026-05-10,33.28,43.94,82.0
SEN010,2026-06-11 14:54:33,2026-06-11,17.89,7.2,44.0
SEN038,2026-07-13 16:53:33,2026-07-13,28.39,,82.0
SEN012,2026-03-30 03:50:56,2026-03-30,32.5,27.2,42.0
SEN028,2026-01-17 08:44:52,2026-01-17,33.6,48.5,78.0
SEN003,2026-01-07 12:56:32,2026-01-07,38.7,,83.0
SEN034,2026-03-17 02:45:40,2026-03-17,23.4,37.8,93.0
SEN022,2026-06-01 09:09:20,2026-06-01,37.2,27.0,64.0
SEN039,2026-05-30 17:14:22,2026-05-30,27.4,41.2,90.0
SEN033,2026-09-05 21:31:49,2026-09-05,16.2,2.3,52.0
SEN042,2026-02-05 13:53:22,2026-02-05,28.2,46.23,69.0
SEN008,2026-05-15 07:59:22,2026-05-15,30.3,,84.0
SEN029,2026-02-27 00:35:13,2026-02-27,32.6,5.08,34.0
SEN039,2026-02-10 06:19:15,2026-02-10,34.3,19.9,39.0
SEN039,2026-07-28 21:46:48,2026-07-28,29.7,18.0,71.0
SEN043,2026-05-27 20:08:00,2026-05-27,38.6,47.3,88.0
SEN026,2026-03-16 21:31:49,2026-03-16,20.11,10.92,61.0
SEN020,2026-06-17 01:39:53,2026-06-17,31.1,13.9,
SEN048,2026-01-22 10:29:22,2026-01-22,24.22,27.7,67.0
SEN020,2026-01-14 14:42:53,2026-01-14,25.7,46.74,56.0
SEN029,2026-07-14 15:38:49,2026-07-14,17.2,,78.0
SEN034,2026-07-23 00:00:00,2026-07-23,28.89,48.2,51.0
SEN008,2026-07-06 06:45:51,2026-07-06,21.5,8.38,55.0
SEN030,2026-07-12 17:03:07,2026-07-12,36.3,33.2,84.0
UNKNOWN,2026-07-31 19:48:56,2026-07-31,34.72,34.6,51.0
SEN015,2026-04-03 06:51:19,2026-04-03,30.89,,69.0
SEN022,2026-08-29 05:39:29,2026-08-29,28.61,35.56,70.0
SEN046,2026-03-09 14:48:00,2026-03-09,34.22,7.0,48.0
SEN022,2026-04-10 13:43:38,2026-04-10,17.0,34.7,36.0
SEN004,2026-03-24 00:46:26,2026-03-24,36.5,20.32,
SEN028,2026-03-30 16:12:02,2026-03-30,19.1,0.76,37.0
SEN001,2026-05-26 17:36:55,2026-05-26,25.78,12.19,72.0
SEN011,2026-01-07 05:26:00,2026-01-07,34.1,39.88,61.0
SEN023,2026-01-10 22:04:45,2026-01-10,39.9,19.9,61.0
SEN012,2026-03-18 08:57:30,2026-03-18,37.1,42.8,93.0
SEN021,2026-01-26 20:10:17,2026-01-26,24.9,16.0,42.0
SEN045,2026-01-13 18:18:50,2026-01-13,31.5,31.3,30.0
SEN044,2026-06-04 13:14:45,2026-06-04,29.7,22.2,
SEN006,2026-01-24 06:36:57,2026-01-24,17.0,24.13,62.0
SEN019,2026-01-04 20:04:21,2026-01-04,36.2,38.1,
SEN019,2026-02-10 06:51:34,2026-02-10,38.72,45.3,35.0
SEN003,2026-05-07 03:19:01,2026-05-07,35.5,33.5,47.0
SEN004,2026-05-16 02:22:30,2026-05-16,36.0,13.8,39.0
SEN022,2026-03-30 10:08:32,2026-03-30,18.4,13.2,72.0
SEN043,2026-05-27 21:13:32,2026-05-27,29.11,8.8,42.0
SEN018,2026-01-25 09:33:00,2026-01-25,36.2,30.4,71.0
SEN005,2026-06-13 14:07:48,2026-06-13,28.11,30.1,63.0
SEN022,2026-07-26 04:17:51,2026-07-26,34.5,38.4,58.0
SEN016,2026-06-14 09:36:46,2026-06-14,36.5,,82.0
SEN008,2026-07-21 09:57:08,2026-07-21,26.61,22.1,45.0
SEN020,2026-01-02 20:24:18,2026-01-02,29.22,10.3,94.0
SEN013,2026-01-03 02:47:10,2026-01-03,21.8,10.41,67.0
SEN032,2026-06-18 19:54:13,2026-06-18,29.4,24.1,59.0
SEN040,2026-07-19 15:49:39,2026-07-19,18.8,43.43,73.0
UNKNOWN,2026-08-22 20:28:14,2026-08-22,24.2,28.4,50.0
SEN029,2026-03-09 03:19:01,2026-03-09,30.7,40.9,59.0
SEN022,2026-04-13 05:49:28,2026-04-13,23.2,,59.0
SEN042,2026-05-08 09:23:46,2026-05-08,28.5,26.9,57.0
SEN013,2026-08-21 18:13:11,2026-08-21,37.6,,85.0
SEN007,2026-03-27 00:58:00,2026-03-27,29.8,2.6,34.0
SEN013,2026-07-23 21:32:28,2026-07-23,30.61,16.26,
SEN006,2026-01-17 19:25:43,2026-01-17,39.11,32.6,
SEN037,2026-05-15 02:34:37,2026-05-15,32.3,1.3,32.0
SEN049,2026-02-07 01:06:40,2026-02-07,33.22,44.7,86.0
SEN023,2026-02-16 16:00:13,2026-02-16,37.4,12.3,
SEN035,2026-04-12 00:49:35,2026-04-12,39.61,26.8,64.0
SEN008,2026-06-02 00:50:19,2026-06-02,32.0,,60.0
SEN030,2026-05-02 06:46:14,2026-05-02,19.6,40.0,43.0
SEN039,2026-08-08 07:52:50,2026-08-08,30.5,34.4,78.0
SEN007,2026-08-19 18:35:26,2026-08-19,20.61,22.6,62.0
SEN016,2026-01-03 08:10:12,2026-01-03,23.39,,
SEN043,2026-06-04 19:30:39,2026-06-04,33.5,40.64,90.0
SEN008,2026-08-29 10:29:03,2026-08-29,20.6,26.92,93.0
SEN046,2026-01-13 14:56:50,2026-01-13,28.8,31.7,78.0
SEN003,2026-05-10 09:21:15,2026-05-10,24.61,40.3,83.0
SEN041,2026-03-16 03:10:00,2026-03-16,19.9,37.5,33.0
SEN004,2026-02-26 13:39:44,2026-02-26,25.0,36.9,58.0
SEN008,2026-05-19 18:36:58,2026-05-19,15.61,40.39,
SEN013,2026-08-19 03:57:55,2026-08-19,38.1,14.5,70.0
SEN044,2026-05-16 20:45:00,2026-05-16,34.5,4.4,49.0
SEN012,2026-06-03 08:14:00,2026-06-03,32.6,12.7,59.0
SEN027,2026-07-06 15:10:22,2026-07-06,34.5,4.6,95.0
SEN009,2026-05-23 12:00:21,2026-05-23,24.9,38.61,49.0
SEN026,2026-04-21 09:31:32,2026-04-21,32.22,44.2,49.0
SEN042,2026-01-30 07:29:40,2026-01-30,20.6,5.08,59.0
SEN015,2026-01-27 13:35:25,2026-01-27,32.22,9.3,30.0
SEN046,2026-07-23 12:41:00,2026-07-23,22.89,34.8,63.0
SEN011,2026-03-19 23:41:00,2026-03-19,38.9,44.0,70.0
SEN028,2026-02-09 15:05:52,2026-02-09,16.5,6.3,55.0
UNKNOWN,2026-03-19 12:44:38,2026-03-19,30.3,20.9,
SEN019,2026-08-04 13:56:58,2026-08-04,17.7,44.5,65.0
SEN024,2026-03-11 22:51:27,2026-03-11,38.8,21.08,50.0
SEN008,2026-08-20 03:50:59,2026-08-20,36.2,40.5,79.0
SEN029,2026-03-29 22:01:21,2026-03-29,16.9,14.8,62.0
UNKNOWN,2026-04-05 11:39:09,2026-04-05,29.9,33.3,74.0
SEN024,2026-04-30 21:46:54,2026-04-30,24.2,6.6,84.0
SEN042,2026-09-03 09:42:23,2026-09-03,30.8,25.6,48.0
SEN023,2026-02-17 22:41:40,2026-02-17,37.8,42.3,95.0
SEN034,2026-02-19 10:39:08,2026-02-19,29.5,25.1,40.0
SEN034,2026-07-02 17:28:12,2026-07-02,33.8,7.3,33.0
SEN026,2026-03-11 19:53:31,2026-03-11,24.9,26.1,54.0
UNKNOWN,2026-09-05 08:50:53,2026-09-05,22.61,19.5,59.0
SEN011,2026-01-28 22:06:46,2026-01-28,38.1,9.4,43.0
SEN031,2026-08-13 06:58:59,2026-08-13,31.6,8.8,
SEN045,2026-06-04 18:02:38,2026-06-04,30.78,49.0,60.0
SEN023,2026-06-23 20:33:27,2026-06-23,21.9,,58.0
SEN031,2026-06-04 15:14:16,2026-06-04,16.3,44.45,90.0
SEN015,2026-01-16 20:59:11,2026-01-16,27.4,18.1,92.0
SEN044,2026-03-11 18:02:41,2026-03-11,28.28,30.9,37.0
SEN011,2026-01-17 05:45:03,2026-01-17,23.5,,55.0
SEN043,2026-01-15 07:31:13,2026-01-15,26.9,45.0,39.0
SEN004,2026-01-07 13:20:22,2026-01-07,17.4,13.7,79.0
SEN010,2026-04-12 12:54:13,2026-04-12,30.3,21.9,63.0
SEN041,2026-02-20 05:00:17,2026-02-20,23.3,49.3,54.0
SEN031,2026-02-09 01:34:57,2026-02-09,35.39,11.0,64.0
SEN050,2026-05-01 12:31:01,2026-05-01,38.5,15.5,74.0
SEN001,2026-01-25 13:58:19,2026-01-25,18.0,27.18,37.0
SEN047,2026-02-01 01:51:00,2026-02-01,27.9,4.57,32.0
SEN016,2026-09-01 02:33:00,2026-09-01,20.28,11.7,94.0
UNKNOWN,2026-04-14 07:28:34,2026-04-14,32.6,,56.0
SEN035,2026-07-21 04:13:38,2026-07-21,24.7,,93.0
SEN029,2026-01-16 04:44:44,2026-01-16,38.11,4.32,42.0
SEN032,2026-05-30 14:43:19,2026-05-30,22.3,,34.0
SEN018,2026-08-01 04:08:22,2026-08-01,34.22,39.1,88.0
SEN012,2026-03-22 14:12:20,2026-03-22,19.4,0.0,
SEN039,2026-01-29 02:25:28,2026-01-29,26.4,36.1,80.0
SEN018,2026-09-06 16:24:54,2026-09-06,26.8,26.5,62.0
SEN013,2026-06-22 18:48:16,2026-06-22,15.5,28.3,
SEN026,2026-05-27 19:23:37,2026-05-27,34.72,,41.0
SEN040,2026-07-25 05:35:55,2026-07-25,27.28,43.9,43.0
SEN045,2026-02-02 04:58:02,2026-02-02,16.39,,82.0
SEN024,2026-03-01 20:38:28,2026-03-01,20.11,6.6,54.0
SEN023,2026-03-08 14:02:44,2026-03-08,15.2,,38.0
SEN023,2026-06-07 21:21:00,2026-06-07,30.39,22.86,48.0
SEN003,2026-03-29 05:31:29,2026-03-29,31.6,47.3,61.0
SEN035,2026-04-26 20:24:26,2026-04-26,34.22,41.7,66.0
SEN027,2026-06-21 03:55:00,2026-06-21,35.0,32.1,43.0
SEN032,2026-08-02 09:35:00,2026-08-02,39.28,34.0,45.0
SEN040,2026-08-08 00:00:00,2026-08-08,19.7,4.32,
SEN042,2026-03-06 07:04:33,2026-03-06,18.61,45.21,48.0
SEN020,2026-05-01 00:00:00,2026-05-01,27.6,44.0,40.0
SEN004,2026-03-03 16:54:05,2026-03-03,37.28,12.9,
SEN016,2026-07-05 09:20:35,2026-07-05,27.4,36.32,37.0
SEN014,2026-07-24 00:00:00,2026-07-24,18.11,46.48,67.0
SEN025,2026-06-21 19:00:23,2026-06-21,15.9,11.68,76.0
SEN010,2026-02-26 17:35:00,2026-02-26,34.1,,76.0
SEN013,2026-03-03 11:40:25,2026-03-03,31.6,7.62,94.0
SEN026,2026-01-19 16:08:35,2026-01-19,31.72,1.5,58.0
SEN029,2026-07-14 10:07:09,2026-07-14,29.3,48.01,93.0
SEN017,2026-01-10 07:08:20,2026-01-10,39.9,41.91,41.0
SEN030,2026-01-01 15:28:31,2026-01-01,21.4,4.8,
SEN046,2026-06-15 12:09:30,2026-06-15,21.9,,34.0
SEN050,2026-05-17 12:01:48,2026-05-17,37.3,,
SEN027,2026-07-03 21:04:07,2026-07-03,15.4,18.29,69.0
SEN040,2026-08-24 05:29:17,2026-08-24,24.28,4.4,
SEN048,2026-09-09 11:00:00,2026-09-09,35.0,29.9,42.0
SEN006,2026-07-17 00:06:30,2026-07-17,18.89,44.2,41.0
SEN008,2026-04-11 07:06:40,2026-04-11,29.9,,44.0
SEN020,2026-06-05 01:22:11,2026-06-05,22.22,49.9,79.0
SEN048,2026-02-11 15:57:47,2026-02-11,31.6,39.7,45.0
SEN048,2026-07-22 01:13:31,2026-07-22,22.2,,
SEN020,2026-07-24 15:14:41,2026-07-24,15.6,,31.0
SEN022,2026-02-03 03:14:13,2026-02-03,23.11,43.69,75.0
SEN018,2026-03-29 00:00:00,2026-03-29,18.8,47.8,47.0
SEN029,2026-02-28 18:28:38,2026-02-28,24.1,47.8,
SEN009,2026-05-17 09:04:25,2026-05-17,25.7,10.3,94.0
SEN026,2026-02-11 18:02:55,2026-02-11,38.3,43.7,91.0
SEN045,2026-06-02 06:28:31,2026-06-02,39.8,25.6,77.0
SEN029,2026-04-01 03:49:42,2026-04-01,20.4,1.52,
SEN007,2026-01-18 04:55:07,2026-01-18,19.0,48.2,82.0
SEN046,2026-07-14 21:18:38,2026-07-14,31.61,14.3,32.0
UNKNOWN,2026-07-30 18:51:11,2026-07-30,35.5,35.56,90.0
SEN003,2026-04-16 16:26:23,2026-04-16,24.6,25.5,78.0
SEN032,2026-04-06 06:22:20,2026-04-06,23.89,6.4,50.0
SEN023,2026-01-15 22:42:37,2026-01-15,21.3,9.5,58.0
SEN008,2026-08-17 18:54:40,2026-08-17,36.6,17.5,70.0
SEN047,2026-08-02 19:24:37,2026-08-02,18.7,8.13,79.0
SEN031,2026-04-26 22:32:51,2026-04-26,24.5,31.1,90.0
SEN014,2026-02-01 06:24:50,2026-02-01,17.6,,47.0
SEN045,2026-08-11 22:03:59,2026-08-11,19.89,33.7,42.0
SEN046,2026-05-26 00:00:00,2026-05-26,22.0,46.5,
SEN049,2026-07-10 00:09:27,2026-07-10,39.5,39.62,58.0
SEN045,2026-02-25 19:13:00,2026-02-25,18.3,48.26,48.0
SEN005,2026-01-30 15:35:02,2026-01-30,39.3,23.62,87.0
SEN023,2026-04-28 21:19:38,2026-04-28,27.72,48.01,75.0
SEN039,2026-07-06 00:00:00,2026-07-06,34.11,25.65,71.0
SEN025,2026-01-31 15:10:38,2026-01-31,18.3,40.89,84.0
SEN032,2026-01-24 08:26:44,2026-01-24,32.8,,56.0
SEN012,2026-08-25 20:35:35,2026-08-25,35.8,48.5,77.0
SEN027,2026-05-17 11:07:23,2026-05-17,23.8,47.9,55.0
SEN005,2026-08-31 11:20:31,2026-08-31,17.2,30.99,82.0
SEN048,2026-06-20 16:19:23,2026-06-20,15.6,21.7,59.0
SEN002,2026-02-20 08:58:48,2026-02-20,35.0,40.2,82.0
SEN001,2026-01-27 17:44:32,2026-01-27,29.5,4.3,56.0
SEN028,2026-06-27 22:21:59,2026-06-27,37.72,6.86,48.0
SEN031,2026-08-21 11:50:39,2026-08-21,34.8,,
SEN034,2026-05-02 10:39:16,2026-05-02,26.0,3.81,83.0
SEN009,2026-04-24 21:03:29,2026-04-24,16.0,19.7,51.0
SEN045,2026-08-22 02:51:03,2026-08-22,15.3,39.62,47.0
SEN020,2026-07-17 22:45:28,2026-07-17,28.28,,56.0
SEN034,2026-06-25 16:04:36,2026-06-25,26.11,29.21,86.0
SEN007,2026-08-30 06:43:33,2026-08-30,37.0,48.0,66.0
SEN026,2026-01-05 01:07:48,2026-01-05,29.9,17.78,58.0
SEN005,2026-04-19 08:15:02,2026-04-19,31.5,1.78,30.0
SEN032,2026-06-04 00:30:34,2026-06-04,28.39,28.8,80.0
SEN007,2026-01-19 17:19:59,2026-01-19,23.3,,
SEN006,2026-01-05 23:29:00,2026-01-05,31.78,49.3,37.0
UNKNOWN,2026-04-30 16:55:10,2026-04-30,18.72,46.8,38.0
SEN036,2026-08-14 17:51:48,2026-08-14,25.0,24.38,43.0
SEN035,2026-03-21 05:25:57,2026-03-21,33.3,,51.0
SEN028,2026-05-05 15:00:02,2026-05-05,26.5,,30.0
SEN003,2026-04-28 15:36:59,2026-04-28,30.22,45.9,79.0
SEN011,2026-03-12 09:52:22,2026-03-12,19.72,13.0,56.0
SEN014,2026-01-21 14:56:29,2026-01-21,30.7,36.1,30.0
SEN035,2026-04-10 05:11:07,2026-04-10,27.8,39.62,61.0
SEN007,2026-03-01 03:59:13,2026-03-01,16.0,1.9,30.0
SEN043,2026-01-12 19:35:43,2026-01-12,27.6,1.2,59.0
SEN015,2026-08-12 13:38:53,2026-08-12,32.3,25.1,44.0
SEN009,2026-02-18 22:54:45,2026-02-18,27.22,34.1,56.0
SEN032,2026-03-15 22:40:12,2026-03-15,25.0,,86.0
SEN021,2026-01-04 15:28:52,2026-01-04,26.7,14.9,70.0
SEN032,2026-08-01 15:49:07,2026-08-01,35.0,8.3,75.0
SEN001,2026-05-26 21:01:22,2026-05-26,25.8,18.6,47.0
SEN030,2026-05-20 00:47:18,2026-05-20,22.0,33.02,58.0
SEN004,2026-08-20 18:02:43,2026-08-20,22.5,42.7,78.0
SEN010,2026-04-01 16:28:33,2026-04-01,38.28,22.3,42.0
SEN050,2026-07-13 14:22:57,2026-07-13,35.22,16.4,40.0
SEN047,2026-01-03 11:42:57,2026-01-03,28.72,0.1,39.0
SEN007,2026-05-27 15:47:26,2026-05-27,22.4,44.6,95.0
UNKNOWN,2026-07-11 08:31:03,2026-07-11,29.89,24.1,36.0
SEN042,2026-06-21 13:49:12,2026-06-21,30.8,23.2,70.0
SEN008,2026-03-14 07:25:24,2026-03-14,33.11,39.37,77.0
SEN009,2026-08-09 14:02:12,2026-08-09,23.11,5.5,69.0
SEN035,2026-05-17 22:04:35,2026-05-17,20.22,4.32,78.0
SEN045,2026-07-07 17:03:31,2026-07-07,22.5,22.8,53.0
SEN039,2026-09-08 00:00:00,2026-09-08,32.9,30.48,91.0
SEN028,2026-03-17 22:47:59,2026-03-17,25.5,48.9,91.0
SEN045,2026-04-13 07:07:46,2026-04-13,30.8,44.6,32.0
SEN035,2026-04-03 17:12:26,2026-04-03,37.78,13.21,78.0
SEN033,2026-01-30 11:52:47,2026-01-30,21.5,36.4,48.0
UNKNOWN,2026-08-19 20:15:45,2026-08-19,25.0,33.78,78.0
SEN036,2026-09-06 02:11:48,2026-09-06,25.78,48.51,85.0
SEN045,2026-05-14 01:40:00,2026-05-14,19.22,26.6,
SEN029,2026-07-14 03:25:16,2026-07-14,26.78,,
SEN037,2026-03-11 22:00:09,2026-03-11,38.2,,88.0
SEN027,2026-07-20 00:16:36,2026-07-20,21.0,3.0,50.0
SEN034,2026-06-09 05:18:00,2026-06-09,22.2,28.8,91.0
UNKNOWN,2026-01-14 01:45:18,2026-01-14,22.0,8.3,70.0
SEN046,2026-08-05 14:05:53,2026-08-05,30.22,40.0,77.0
SEN017,2026-04-30 16:14:05,2026-04-30,17.72,9.65,83.0
SEN002,2026-04-01 19:18:07,2026-04-01,23.22,2.4,37.0
SEN005,2026-07-05 18:02:10,2026-07-05,24.5,27.8,45.0
SEN002,2026-02-21 02:42:48,2026-02-21,23.78,,72.0
SEN011,2026-02-10 21:05:21,2026-02-10,22.1,32.26,60.0
SEN002,2026-07-25 10:24:04,2026-07-25,35.22,47.7,
SEN030,2026-07-28 00:24:49,2026-07-28,18.2,,44.0
SEN021,2026-05-01 18:51:48,2026-05-01,38.9,0.3,35.0
SEN045,2026-05-31 07:02:34,2026-05-31,29.5,40.2,32.0
SEN002,2026-01-14 12:26:07,2026-01-14,20.8,19.6,74.0
SEN005,2026-02-19 14:42:53,2026-02-19,36.7,,68.0
SEN018,2026-05-31 19:33:56,2026-05-31,26.0,4.3,50.0
SEN050,2026-08-24 22:33:19,2026-08-24,24.0,39.5,51.0
SEN010,2026-03-06 13:31:44,2026-03-06,21.61,,31.0
SEN014,2026-07-05 05:27:59,2026-07-05,24.78,7.87,57.0
SEN039,2026-04-16 19:39:40,2026-04-16,22.0,,70.0
SEN023,2026-03-16 22:39:40,2026-03-16,34.2,44.1,55.0
SEN010,2026-03-22 07:03:00,2026-03-22,36.9,5.4,66.0
SEN022,2026-04-12 09:10:42,2026-04-12,32.6,11.7,57.0
SEN036,2026-01-28 00:48:58,2026-01-28,37.2,27.18,39.0
SEN022,2026-04-19 11:08:52,2026-04-19,23.3,7.37,78.0
SEN012,2026-08-29 16:54:53,2026-08-29,22.7,37.34,
SEN007,2026-07-17 22:46:19,2026-07-17,15.89,38.6,35.0
SEN017,2026-08-25 16:14:41,2026-08-25,21.3,6.1,56.0
UNKNOWN,2026-02-10 00:00:00,2026-02-10,32.2,33.5,44.0
SEN028,2026-07-16 13:50:13,2026-07-16,23.61,,42.0
SEN037,2026-07-17 17:38:01,2026-07-17,22.4,29.3,
SEN015,2026-02-07 16:53:14,2026-02-07,28.2,26.0,60.0
SEN011,2026-08-31 06:05:43,2026-08-31,38.72,16.3,67.0
SEN006,2026-05-07 20:18:29,2026-05-07,23.2,48.26,66.0
SEN029,2026-08-11 21:21:12,2026-08-11,26.11,22.2,47.0
SEN049,2026-01-30 04:49:20,2026-01-30,35.4,25.7,
SEN034,2026-02-27 04:26:00,2026-02-27,18.5,37.08,44.0
SEN001,2026-03-12 00:00:00,2026-03-12,39.4,34.8,
SEN010,2026-02-12 00:15:57,2026-02-12,34.6,44.2,81.0
SEN050,2026-07-30 08:20:09,2026-07-30,15.61,25.1,69.0
SEN005,2026-07-08 02:29:28,2026-07-08,31.78,,50.0
SEN043,2026-05-16 01:16:24,2026-05-16,34.72,43.2,51.0
SEN006,2026-05-02 07:30:16,2026-05-02,17.2,5.59,54.0
SEN048,2026-02-15 13:14:07,2026-02-15,20.6,25.1,58.0
SEN020,2026-04-07 07:55:07,2026-04-07,31.61,,89.0
SEN030,2026-03-03 01:06:52,2026-03-03,23.78,25.65,
SEN004,2026-05-30 19:56:39,2026-05-30,25.89,24.38,64.0
SEN047,2026-02-18 11:07:27,2026-02-18,17.39,0.4,
SEN008,2026-04-09 11:15:17,2026-04-09,39.6,45.21,79.0
SEN003,2026-02-23 18:30:01,2026-02-23,30.6,22.5,
SEN010,2026-04-09 09:26:27,2026-04-09,25.9,47.75,68.0
SEN039,2026-03-16 18:04:41,2026-03-16,33.9,11.43,93.0
SEN030,2026-01-14 03:56:38,2026-01-14,24.9,,80.0
SEN004,2026-04-14 09:16:10,2026-04-14,25.5,37.2,31.0
SEN026,2026-05-14 06:52:52,2026-05-14,36.1,20.6,57.0
SEN015,2026-02-14 03:05:48,2026-02-14,30.4,14.99,38.0
SEN011,2026-01-12 14:23:54,2026-01-12,25.72,,64.0
SEN026,2026-08-23 23:42:30,2026-08-23,34.89,5.1,30.0
SEN042,2026-06-17 02:47:45,2026-06-17,29.0,42.93,83.0
SEN002,2026-08-12 08:21:29,2026-08-12,25.78,31.4,92.0
SEN047,2026-05-02 11:44:37,2026-05-02,28.7,47.24,76.0
SEN004,2026-08-06 18:04:36,2026-08-06,27.0,3.4,52.0
SEN003,2026-02-18 09:53:33,2026-02-18,39.8,23.5,95.0
SEN011,2026-03-10 05:22:38,2026-03-10,30.0,,62.0
SEN003,2026-06-09 03:10:07,2026-06-09,28.5,3.81,73.0
SEN046,2026-03-19 20:53:00,2026-03-19,32.8,,38.0
SEN049,2026-07-08 13:40:21,2026-07-08,20.39,41.0,36.0
SEN005,2026-05-18 06:57:15,2026-05-18,35.2,42.42,85.0
SEN026,2026-01-11 15:50:52,2026-01-11,21.5,15.49,47.0
SEN033,2026-04-15 04:48:00,2026-04-15,25.5,24.64,68.0
SEN018,2026-04-12 15:13:01,2026-04-12,35.61,1.0,73.0
UNKNOWN,2026-08-26 12:16:17,2026-08-26,35.3,43.8,71.0
SEN046,2026-08-13 05:31:05,2026-08-13,17.9,,92.0
SEN037,2026-02-01 19:55:22,2026-02-01,19.72,39.0,39.0
SEN038,2026-07-09 16:37:11,2026-07-09,33.5,,86.0
SEN034,2026-01-29 12:24:35,2026-01-29,31.72,10.4,44.0
SEN047,2026-07-07 21:28:00,2026-07-07,22.5,32.5,63.0
SEN008,2026-04-07 23:34:05,2026-04-07,18.7,44.2,65.0
SEN012,2026-07-19 08:06:30,2026-07-19,39.2,18.1,64.0
SEN042,2026-05-18 14:39:29,2026-05-18,17.6,0.6,38.0
UNKNOWN,2026-05-04 10:50:25,2026-05-04,15.2,2.54,33.0
SEN004,2026-05-01 04:34:18,2026-05-01,38.0,49.78,34.0
SEN024,2026-08-30 08:00:30,2026-08-30,35.9,29.9,61.0
SEN017,2026-02-05 00:25:58,2026-02-05,34.4,8.5,71.0
SEN026,2026-01-16 00:07:37,2026-01-16,38.22,,35.0
SEN037,2026-06-23 00:04:14,2026-06-23,19.61,15.49,78.0
SEN006,2026-06-03 22:53:16,2026-06-03,32.1,44.2,62.0
SEN035,2026-02-13 08:10:13,2026-02-13,18.0,,54.0
SEN034,2026-06-22 10:09:49,2026-06-22,21.28,,92.0
SEN050,2026-04-25 00:41:10,2026-04-25,39.28,31.8,58.0
SEN033,2026-08-20 00:44:02,2026-08-20,36.7,39.62,78.0
SEN049,2026-08-09 07:55:00,2026-08-09,18.0,23.0,57.0
SEN025,2026-01-11 11:24:12,2026-01-11,36.2,,39.0
SEN039,2026-02-12 07:28:46,2026-02-12,29.9,20.4,91.0
SEN031,2026-07-04 02:33:01,2026-07-04,18.9,37.85,94.0
SEN044,2026-04-21 18:18:35,2026-04-21,27.61,36.6,35.0
SEN021,2026-01-19 22:22:03,2026-01-19,16.61,45.21,44.0
SEN011,2026-07-31 04:06:16,2026-07-31,38.11,9.4,46.0
SEN039,2026-09-03 17:25:36,2026-09-03,19.78,,69.0
SEN013,2026-08-11 23:13:43,2026-08-11,21.61,43.69,74.0
SEN040,2026-03-18 09:57:53,2026-03-18,28.3,44.9,91.0
SEN037,2026-08-15 17:48:15,2026-08-15,18.0,47.0,95.0
SEN046,2026-03-17 01:29:24,2026-03-17,25.1,49.8,56.0
SEN035,2026-01-12 06:46:37,2026-01-12,26.72,2.3,92.0
SEN046,2026-07-20 08:04:55,2026-07-20,20.2,37.4,37.0
SEN050,2026-05-25 18:54:09,2026-05-25,32.7,8.7,40.0
SEN035,2026-03-06 09:18:20,2026-03-06,18.9,31.24,94.0
SEN045,2026-07-04 21:40:04,2026-07-04,25.11,35.1,40.0
SEN008,2026-09-04 09:24:02,2026-09-04,16.6,18.8,71.0
SEN045,2026-07-03 00:00:00,2026-07-03,28.0,46.48,82.0
SEN001,2026-06-07 04:24:15,2026-06-07,16.9,49.4,73.0
SEN008,2026-04-24 16:18:12,2026-04-24,28.0,2.03,64.0
SEN042,2026-09-07 16:49:00,2026-09-07,34.8,24.64,45.0
SEN011,2026-05-07 13:59:27,2026-05-07,34.11,,88.0
SEN021,2026-01-07 10:40:10,2026-01-07,22.5,20.1,34.0
SEN002,2026-03-12 14:36:52,2026-03-12,31.5,43.94,46.0
SEN049,2026-01-27 05:04:37,2026-01-27,17.1,4.83,74.0
SEN036,2026-03-09 16:35:47,2026-03-09,22.11,26.0,88.0
SEN017,2026-07-22 19:57:45,2026-07-22,22.0,,68.0
UNKNOWN,2026-06-14 16:15:12,2026-06-14,17.8,13.0,76.0
SEN014,2026-04-16 17:39:55,2026-04-16,20.11,,45.0
SEN009,2026-02-22 15:42:42,2026-02-22,19.5,18.03,61.0
SEN009,2026-06-15 00:09:58,2026-06-15,37.3,20.6,49.0
SEN034,2026-07-14 18:48:03,2026-07-14,37.7,39.0,35.0
SEN032,2026-04-10 12:35:00,2026-04-10,29.7,20.5,87.0
SEN022,2026-04-27 06:28:45,2026-04-27,16.3,33.78,79.0
SEN028,2026-01-17 01:06:34,2026-01-17,34.4,5.6,94.0
SEN008,2026-08-31 16:11:01,2026-08-31,19.39,18.3,91.0
SEN014,2026-08-20 11:26:11,2026-08-20,26.3,47.8,
SEN040,2026-02-10 02:17:35,2026-02-10,27.11,24.6,63.0
SEN048,2026-01-17 10:13:54,2026-01-17,38.5,31.1,62.0
SEN042,2026-01-05 23:37:33,2026-01-05,34.0,2.0,76.0
SEN012,2026-02-02 23:51:49,2026-02-02,37.6,47.7,71.0
SEN039,2026-06-29 15:33:23,2026-06-29,33.5,31.4,77.0
SEN045,2026-05-18 22:00:44,2026-05-18,19.28,37.08,79.0
SEN029,2026-02-22 20:36:12,2026-02-22,38.7,14.4,78.0
SEN005,2026-02-03 07:04:00,2026-02-03,30.39,45.5,77.0
SEN010,2026-02-15 14:32:44,2026-02-15,33.61,21.5,54.0
SEN035,2026-07-26 08:22:17,2026-07-26,37.4,31.7,63.0
SEN028,2026-08-17 22:38:25,2026-08-17,39.0,1.8,55.0
SEN033,2026-01-28 08:47:57,2026-01-28,25.2,42.0,70.0
SEN013,2026-06-25 01:59:21,2026-06-25,32.1,9.4,52.0
SEN017,2026-08-19 20:08:55,2026-08-19,25.0,,77.0
SEN040,2026-03-28 05:20:31,2026-03-28,35.6,33.7,40.0
SEN022,2026-05-07 00:04:23,2026-05-07,23.4,21.08,
SEN025,2026-03-03 23:16:06,2026-03-03,35.0,0.76,47.0
SEN003,2026-03-11 18:34:37,2026-03-11,25.1,32.8,71.0
SEN020,2026-01-16 13:38:03,2026-01-16,23.22,,80.0
SEN021,2026-04-23 08:58:24,2026-04-23,28.39,36.2,67.0
SEN020,2026-04-10 22:49:08,2026-04-10,16.3,43.4,76.0
SEN044,2026-03-30 14:00:31,2026-03-30,16.0,7.0,67.0
SEN031,2026-07-09 23:28:23,2026-07-09,28.7,37.08,54.0
SEN017,2026-03-30 20:59:26,2026-03-30,36.7,30.3,74.0
SEN012,2026-01-10 09:55:44,2026-01-10,28.5,0.76,
SEN013,2026-07-22 21:52:00,2026-07-22,32.78,,64.0
SEN040,2026-06-22 11:05:50,2026-06-22,19.28,17.1,61.0
SEN046,2026-03-05 02:07:38,2026-03-05,33.8,2.7,71.0
SEN034,2026-05-14 08:40:29,2026-05-14,19.2,12.4,64.0
SEN007,2026-05-10 20:51:02,2026-05-10,15.1,39.7,71.0
SEN023,2026-08-02 02:39:21,2026-08-02,28.0,42.67,79.0
SEN022,2026-07-18 02:19:13,2026-07-18,34.0,29.9,62.0
SEN033,2026-05-18 13:06:00,2026-05-18,38.39,38.0,43.0
SEN005,2026-09-01 14:07:45,2026-09-01,38.61,1.27,
SEN036,2026-01-07 07:23:53,2026-01-07,26.5,27.18,42.0
SEN044,2026-02-19 02:33:28,2026-02-19,24.78,22.7,95.0
SEN022,2026-05-14 10:04:36,2026-05-14,25.39,18.9,40.0
SEN047,2026-05-30 19:32:12,2026-05-30,18.0,15.5,62.0
SEN033,2026-04-16 17:17:33,2026-04-16,34.7,12.4,70.0
SEN013,2026-06-16 06:56:00,2026-06-16,22.11,,41.0
SEN028,2026-04-29 05:38:09,2026-04-29,36.4,37.0,39.0
SEN012,2026-06-22 10:31:57,2026-06-22,31.0,38.35,83.0
SEN019,2026-04-16 02:21:44,2026-04-16,25.7,14.0,46.0
SEN008,2026-03-15 07:55:03,2026-03-15,33.5,15.5,47.0
SEN038,2026-07-10 01:40:17,2026-07-10,38.61,21.2,40.0
SEN021,2026-03-18 23:45:57,2026-03-18,15.7,1.6,55.0
SEN043,2026-03-11 14:31:50,2026-03-11,33.5,49.02,48.0
SEN002,2026-04-23 18:46:00,2026-04-23,31.22,,82.0
SEN027,2026-06-03 00:20:21,2026-06-03,20.0,7.11,69.0
SEN021,2026-06-09 21:38:39,2026-06-09,30.5,0.0,34.0
SEN032,2026-07-19 06:29:47,2026-07-19,31.3,45.7,49.0
SEN006,2026-05-26 16:46:52,2026-05-26,28.2,6.6,38.0
SEN035,2026-06-05 18:35:50,2026-06-05,15.78,11.68,42.0
SEN036,2026-07-25 05:30:08,2026-07-25,25.89,38.35,53.0
SEN029,2026-07-06 10:27:23,2026-07-06,36.0,12.7,41.0
SEN010,2026-07-10 04:14:41,2026-07-10,33.72,,38.0
SEN021,2026-04-24 00:07:42,2026-04-24,29.0,27.3,89.0
SEN033,2026-05-04 09:52:22,2026-05-04,36.0,8.3,44.0
SEN019,2026-08-08 04:15:57,2026-08-08,18.89,45.9,72.0
SEN020,2026-08-19 08:55:40,2026-08-19,16.5,19.2,
SEN015,2026-07-12 03:58:30,2026-07-12,39.39,9.4,57.0
SEN045,2026-06-24 22:02:13,2026-06-24,29.11,28.2,68.0
SEN049,2026-04-07 09:20:00,2026-04-07,27.7,0.8,86.0
SEN038,2026-03-04 07:40:37,2026-03-04,27.2,,65.0
SEN047,2026-04-09 06:48:47,2026-04-09,32.9,,87.0
SEN012,2026-02-17 02:53:27,2026-02-17,26.11,9.5,80.0
SEN031,2026-03-24 13:28:30,2026-03-24,22.4,19.8,75.0
SEN008,2026-02-08 00:00:00,2026-02-08,24.5,10.6,42.0
SEN020,2026-01-20 10:10:40,2026-01-20,34.9,21.59,94.0
SEN043,2026-03-19 22:24:42,2026-03-19,15.22,11.94,81.0
SEN003,2026-08-27 04:56:33,2026-08-27,36.39,35.3,48.0
SEN023,2026-08-22 10:59:36,2026-08-22,26.0,25.0,
SEN038,2026-05-10 01:44:28,2026-05-10,25.8,10.5,38.0
SEN001,2026-04-19 01:12:37,2026-04-19,22.22,6.0,70.0
SEN042,2026-04-20 06:57:02,2026-04-20,26.11,3.0,49.0
SEN031,2026-06-08 00:00:00,2026-06-08,27.5,,85.0
SEN015,2026-04-19 08:09:56,2026-04-19,31.5,14.4,64.0
SEN017,2026-07-25 01:32:02,2026-07-25,29.6,46.2,38.0
SEN018,2026-07-13 22:24:38,2026-07-13,36.3,8.13,33.0
SEN026,2026-08-10 00:24:05,2026-08-10,16.7,20.57,
UNKNOWN,2026-04-11 21:18:20,2026-04-11,17.89,44.7,84.0
SEN021,2026-06-30 05:12:34,2026-06-30,33.78,6.7,87.0
SEN041,2026-05-10 20:36:21,2026-05-10,37.22,31.1,
SEN019,2026-06-12 18:09:01,2026-06-12,20.7,,94.0
SEN040,2026-05-05 18:57:07,2026-05-05,37.5,,40.0
SEN012,2026-07-13 09:28:54,2026-07-13,39.9,28.96,32.0
SEN016,2026-01-02 06:33:07,2026-01-02,27.4,11.1,50.0
SEN036,2026-05-16 19:32:25,2026-05-16,28.28,7.6,48.0
SEN037,2026-01-18 17:41:14,2026-01-18,24.3,28.0,71.0
SEN010,2026-07-23 02:43:21,2026-07-23,18.8,12.3,72.0
SEN033,2026-01-20 07:16:50,2026-01-20,25.6,25.8,49.0
SEN020,2026-08-17 16:43:06,2026-08-17,17.0,,34.0
SEN024,2026-03-30 04:23:07,2026-03-30,23.5,44.2,61.0
SEN017,2026-07-15 17:16:24,2026-07-15,26.5,40.4,56.0
SEN013,2026-04-07 16:08:25,2026-04-07,15.1,26.1,
SEN025,2026-01-23 16:48:02,2026-01-23,32.2,25.4,68.0
SEN036,2026-08-01 21:23:35,2026-08-01,17.1,45.72,62.0
SEN023,2026-08-06 19:42:30,2026-08-06,19.1,,83.0
SEN041,2026-01-29 03:43:20,2026-01-29,27.72,3.9,68.0
SEN020,2026-06-07 11:18:02,2026-06-07,28.0,8.2,63.0
UNKNOWN,2026-08-13 13:22:18,2026-08-13,19.61,15.24,54.0
SEN042,2026-06-08 06:34:44,2026-06-08,15.39,13.3,62.0
SEN030,2026-05-26 08:36:14,2026-05-26,38.22,27.9,75.0
SEN006,2026-06-14 06:42:36,2026-06-14,39.11,40.39,32.0
SEN025,2026-01-25 16:56:02,2026-01-25,36.22,3.1,35.0
SEN012,2026-09-05 02:04:00,2026-09-05,39.7,3.81,92.0
SEN022,2026-03-27 22:32:14,2026-03-27,18.9,35.81,84.0
SEN025,2026-01-20 10:37:04,2026-01-20,28.0,,
SEN017,2026-04-14 06:49:32,2026-04-14,37.5,26.0,94.0
SEN046,2026-02-23 06:11:00,2026-02-23,19.8,36.8,69.0
SEN017,2026-01-17 02:21:35,2026-01-17,19.0,36.1,62.0
SEN009,2026-02-25 00:00:00,2026-02-25,22.89,12.95,
SEN027,2026-07-14 04:17:10,2026-07-14,15.4,,95.0
SEN002,2026-09-06 08:45:48,2026-09-06,37.1,42.93,68.0
SEN049,2026-05-16 11:22:53,2026-05-16,33.4,39.1,45.0
SEN023,2026-05-16 00:14:10,2026-05-16,30.22,26.7,66.0
SEN013,2026-03-12 10:48:22,2026-03-12,31.5,33.4,71.0
SEN042,2026-09-08 07:39:33,2026-09-08,37.72,5.7,
UNKNOWN,2026-09-08 21:34:55,2026-09-08,19.39,32.26,82.0
SEN049,2026-06-29 19:04:21,2026-06-29,27.78,43.2,50.0
SEN018,2026-08-24 06:17:50,2026-08-24,21.7,18.29,44.0
SEN037,2026-08-25 19:11:29,2026-08-25,29.7,45.72,54.0
SEN015,2026-04-15 10:37:46,2026-04-15,17.0,8.3,
SEN020,2026-04-07 10:23:58,2026-04-07,15.9,14.73,91.0
SEN035,2026-01-04 21:11:00,2026-01-04,37.8,39.9,88.0
SEN050,2026-09-08 09:45:24,2026-09-08,27.2,49.0,39.0
SEN039,2026-05-21 11:35:04,2026-05-21,20.78,32.8,74.0
SEN033,2026-04-30 12:38:36,2026-04-30,28.7,16.51,73.0
SEN032,2026-07-18 01:18:17,2026-07-18,34.1,43.9,85.0
SEN039,2026-03-24 15:41:00,2026-03-24,26.1,12.45,80.0
SEN005,2026-04-19 15:17:38,2026-04-19,39.6,31.2,36.0
SEN047,2026-08-20 16:28:43,2026-08-20,24.8,5.8,74.0
SEN020,2026-04-02 01:24:41,2026-04-02,16.0,12.0,82.0
SEN015,2026-09-03 11:26:29,2026-09-03,23.5,,90.0
SEN039,2026-08-13 12:31:46,2026-08-13,28.4,3.05,72.0
SEN006,2026-02-18 14:48:19,2026-02-18,22.5,17.4,94.0
UNKNOWN,2026-05-24 12:43:55,2026-05-24,15.9,26.92,91.0
SEN037,2026-05-17 11:51:08,2026-05-17,24.11,41.4,87.0
SEN026,2026-04-01 02:32:03,2026-04-01,16.28,43.5,30.0
SEN001,2026-01-28 22:34:38,2026-01-28,29.11,,38.0
SEN021,2026-01-04 06:57:07,2026-01-04,30.5,17.78,60.0
SEN041,2026-03-30 00:34:50,2026-03-30,25.72,,
SEN001,2026-08-01 09:13:43,2026-08-01,37.1,48.5,77.0
SEN046,2026-06-08 06:17:56,2026-06-08,36.7,,48.0
SEN039,2026-02-01 00:26:10,2026-02-01,22.22,5.7,43.0
SEN031,2026-07-02 09:36:30,2026-07-02,37.61,44.9,61.0
SEN011,2026-09-04 03:57:55,2026-09-04,22.6,,75.0
SEN020,2026-03-20 17:49:13,2026-03-20,30.7,46.99,75.0
SEN022,2026-08-18 05:22:43,2026-08-18,24.61,,42.0
SEN033,2026-03-15 14:36:13,2026-03-15,18.7,,84.0
SEN014,2026-02-27 16:22:45,2026-02-27,34.2,20.32,86.0
SEN021,2026-01-26 05:37:02,2026-01-26,26.2,,60.0
UNKNOWN,2026-04-11 05:30:43,2026-04-11,22.2,,86.0
SEN021,2026-04-04 17:09:34,2026-04-04,37.9,45.97,
SEN021,2026-09-01 13:07:45,2026-09-01,38.8,7.2,38.0
SEN041,2026-05-22 21:21:22,2026-05-22,17.28,26.1,91.0
SEN049,2026-03-09 03:38:19,2026-03-09,32.9,37.59,30.0
SEN005,2026-09-08 02:47:27,2026-09-08,28.5,2.6,65.0
SEN041,2026-06-23 06:55:45,2026-06-23,17.3,43.4,67.0
SEN034,2026-05-21 00:54:32,2026-05-21,32.4,30.5,66.0
SEN011,2026-04-10 04:29:05,2026-04-10,27.89,27.9,50.0
SEN007,2026-07-25 00:57:04,2026-07-25,35.0,1.78,93.0
SEN041,2026-05-11 14:10:49,2026-05-11,15.1,0.1,50.0
SEN044,2026-06-24 10:39:58,2026-06-24,36.11,7.7,40.0
SEN028,2026-08-17 12:41:28,2026-08-17,20.72,38.4,63.0
SEN045,2026-01-09 01:48:43,2026-01-09,22.2,7.8,45.0
SEN042,2026-04-28 02:24:08,2026-04-28,37.0,41.9,51.0
SEN035,2026-04-03 18:58:00,2026-04-03,17.11,24.6,35.0
SEN029,2026-06-21 13:19:14,2026-06-21,23.1,32.8,34.0
SEN005,2026-02-19 00:40:41,2026-02-19,24.89,26.92,88.0
SEN036,2026-08-29 16:42:34,2026-08-29,36.72,20.4,39.0
SEN049,2026-01-10 10:55:00,2026-01-10,39.72,10.2,43.0
SEN047,2026-01-15 21:36:25,2026-01-15,20.78,11.8,44.0
SEN019,2026-08-15 02:40:57,2026-08-15,25.8,2.9,72.0
SEN029,2026-02-24 00:41:12,2026-02-24,17.3,36.9,91.0
SEN045,2026-09-07 23:22:21,2026-09-07,20.6,29.0,61.0
SEN026,2026-01-19 10:44:44,2026-01-19,38.89,16.0,65.0
SEN013,2026-04-19 14:10:27,2026-04-19,17.4,5.08,82.0
SEN029,2026-02-24 00:42:19,2026-02-24,20.61,,71.0
SEN049,2026-03-24 00:10:15,2026-03-24,19.5,38.1,42.0
SEN009,2026-02-19 08:07:33,2026-02-19,34.9,46.1,49.0
SEN041,2026-04-07 07:34:04,2026-04-07,31.7,,88.0
SEN023,2026-05-07 22:03:38,2026-05-07,19.4,29.1,70.0
SEN001,2026-03-25 02:26:55,2026-03-25,27.8,2.3,62.0
SEN007,2026-04-19 05:26:01,2026-04-19,20.28,19.3,87.0
SEN016,2026-04-06 06:41:58,2026-04-06,36.4,,75.0
SEN010,2026-02-02 23:19:11,2026-02-02,23.7,8.0,36.0
SEN029,2026-05-01 12:25:54,2026-05-01,16.4,26.16,62.0
SEN016,2026-05-15 04:40:34,2026-05-15,16.11,25.1,33.0
SEN003,2026-03-26 13:55:43,2026-03-26,22.8,10.3,86.0
SEN045,2026-04-15 23:31:34,2026-04-15,21.6,15.6,50.0
SEN013,2026-07-25 18:17:11,2026-07-25,25.5,,75.0
SEN042,2026-08-24 18:17:44,2026-08-24,16.72,12.3,37.0
SEN040,2026-07-17 18:20:11,2026-07-17,26.5,4.3,63.0
SEN029,2026-09-08 07:28:20,2026-09-08,15.3,3.9,77.0
SEN021,2026-02-20 09:09:33,2026-02-20,39.5,13.72,68.0
SEN049,2026-07-16 02:55:42,2026-07-16,26.0,,84.0
SEN050,2026-01-25 22:58:41,2026-01-25,34.1,8.1,86.0
SEN007,2026-03-27 22:24:30,2026-03-27,26.5,19.6,92.0
SEN043,2026-06-22 14:02:51,2026-06-22,20.4,22.9,
SEN029,2026-03-29 15:37:58,2026-03-29,36.2,21.1,55.0
SEN038,2026-06-28 00:43:35,2026-06-28,24.22,32.1,72.0
SEN018,2026-01-28 08:33:17,2026-01-28,35.0,38.8,46.0
SEN023,2026-04-10 16:52:38,2026-04-10,18.8,0.6,91.0
SEN036,2026-03-12 02:19:16,2026-03-12,38.89,44.8,74.0
SEN003,2026-05-08 12:17:43,2026-05-08,25.9,34.8,79.0
SEN008,2026-07-17 01:51:18,2026-07-17,15.4,11.68,51.0
UNKNOWN,2026-03-28 06:44:21,2026-03-28,15.0,,64.0
SEN046,2026-01-11 12:31:00,2026-01-11,28.1,12.2,
SEN026,2026-06-24 09:26:01,2026-06-24,16.2,41.4,69.0
SEN042,2026-03-02 20:29:56,2026-03-02,20.11,,63.0
SEN009,2026-06-06 00:02:55,2026-06-06,28.22,,70.0
SEN019,2026-06-23 19:37:40,2026-06-23,28.1,7.9,51.0
SEN017,2026-03-28 08:51:57,2026-03-28,33.1,14.3,73.0
SEN016,2026-07-28 00:00:00,2026-07-28,27.39,9.7,
SEN027,2026-01-18 22:25:00,2026-01-18,32.89,28.2,41.0
SEN036,2026-07-26 19:29:59,2026-07-26,17.0,44.7,89.0
SEN025,2026-09-02 09:13:17,2026-09-02,31.78,37.0,59.0
SEN035,2026-01-24 21:39:00,2026-01-24,31.9,26.67,80.0
SEN020,2026-07-17 07:11:47,2026-07-17,22.22,26.42,41.0
SEN029,2026-07-31 00:00:00,2026-07-31,39.2,32.3,72.0
SEN050,2026-04-18 21:11:30,2026-04-18,36.61,35.9,32.0
SEN049,2026-08-12 04:59:19,2026-08-12,29.7,35.81,36.0
SEN027,2026-03-31 10:15:46,2026-03-31,20.5,10.6,35.0
SEN030,2026-04-20 01:16:08,2026-04-20,19.0,15.3,66.0
SEN015,2026-06-10 08:47:25,2026-06-10,31.28,8.13,86.0
SEN018,2026-03-07 09:06:43,2026-03-07,29.4,,61.0
SEN015,2026-03-31 15:19:14,2026-03-31,26.0,35.81,43.0
SEN038,2026-04-01 19:18:30,2026-04-01,36.2,37.6,60.0
SEN007,2026-01-27 08:47:09,2026-01-27,36.7,4.3,66.0
SEN016,2026-03-08 20:51:25,2026-03-08,21.89,,48.0
SEN035,2026-02-28 18:24:04,2026-02-28,19.5,47.1,78.0
SEN024,2026-07-24 11:40:00,2026-07-24,24.89,2.0,36.0
SEN010,2026-07-03 17:36:30,2026-07-03,22.3,22.4,50.0
SEN037,2026-04-22 07:50:24,2026-04-22,38.28,21.1,41.0
SEN038,2026-07-11 07:27:10,2026-07-11,30.39,10.7,67.0
SEN018,2026-05-17 21:14:15,2026-05-17,27.4,16.2,55.0
SEN008,2026-03-07 17:26:33,2026-03-07,25.3,30.2,73.0
SEN015,2026-07-06 17:16:25,2026-07-06,37.3,28.5,
SEN024,2026-02-19 00:02:54,2026-02-19,31.3,8.5,82.0
SEN021,2026-03-16 15:11:54,2026-03-16,19.28,31.2,
SEN015,2026-01-01 22:59:43,2026-01-01,15.11,,47.0
SEN004,2026-06-19 23:50:45,2026-06-19,33.3,7.4,50.0
SEN049,2026-06-27 03:01:42,2026-06-27,25.7,35.31,30.0
SEN049,2026-03-04 22:33:49,2026-03-04,27.0,25.6,32.0
SEN006,2026-02-04 05:01:51,2026-02-04,39.28,10.6,
SEN014,2026-08-22 03:24:12,2026-08-22,15.28,41.8,40.0
SEN003,2026-09-04 18:12:28,2026-09-04,25.0,13.1,79.0
SEN008,2026-03-20 11:11:35,2026-03-20,30.39,13.4,69.0
SEN037,2026-07-01 21:04:31,2026-07-01,35.7,44.7,40.0
SEN050,2026-05-15 12:35:02,2026-05-15,23.1,3.2,90.0
SEN024,2026-07-24 22:03:43,2026-07-24,23.9,23.11,32.0
SEN010,2026-07-04 06:56:36,2026-07-04,27.3,44.3,80.0
SEN038,2026-07-19 00:58:22,2026-07-19,22.3,20.1,67.0
SEN036,2026-02-13 19:43:49,2026-02-13,19.72,11.1,72.0
SEN012,2026-04-20 04:25:29,2026-04-20,19.6,13.46,55.0
SEN023,2026-03-04 00:28:38,2026-03-04,29.2,,92.0
SEN025,2026-07-10 20:42:49,2026-07-10,21.8,6.6,36.0
SEN005,2026-03-24 20:38:47,2026-03-24,30.2,1.1,63.0
SEN044,2026-05-13 05:31:14,2026-05-13,39.5,6.6,83.0
SEN012,2026-02-08 08:53:04,2026-02-08,31.11,19.3,63.0
SEN001,2026-02-04 12:27:48,2026-02-04,38.78,23.0,46.0
SEN015,2026-06-12 12:45:10,2026-06-12,34.1,42.1,
SEN038,2026-08-07 18:25:10,2026-08-07,15.28,48.51,81.0
SEN043,2026-05-12 14:09:13,2026-05-12,30.9,,78.0
SEN034,2026-06-28 01:53:39,2026-06-28,32.6,45.1,
